{
"type": "FeatureCollection",
"name": "Cassilandia_Acessos",
"crs": { "type": "name", "properties": { "name": "urn:ogc:def:crs:OGC:1.3:CRS84" } },
"features": [
{"type":"Feature","properties":{"osm_id":"31569458","code":5113,"fclass":"primary","name":null,"ref":"MS-306","oneway":"B","maxspeed":80,"layer":0,"bridge":"F","tunnel":"F"},"geometry":{"type":"MultiLineString","coordinates":[[[-52.1497089,-18.9908767],[-52.1753969,-18.9768752]]]}},
{"type":"Feature","properties":{"osm_id":"31569486","code":5113,"fclass":"primary","name":null,"ref":"MS-306","oneway":"B","maxspeed":80,"layer":0,"bridge":"F","tunnel":"F"},"geometry":{"type":"MultiLineString","coordinates":[[[-51.9551575,-19.0554098],[-51.9553829,-19.0553743],[-51.9555605,-19.0553467]]]}},
{"type":"Feature","properties":{"osm_id":"31569491","code":5113,"fclass":"primary","name":null,"ref":"MS-306","oneway":"B","maxspeed":80,"layer":0,"bridge":"F","tunnel":"F"},"geometry":{"type":"MultiLineString","coordinates":[[[-51.9665757,-19.053582],[-51.9885452,-19.0500933],[-51.9912039,-19.0496744],[-51.9920911,-19.049533],[-51.9929192,-19.0493961],[-51.9936005,-19.0492852],[-51.9937641,-19.0492681],[-51.9944179,-19.049166],[-51.9952058,-19.0490367],[-51.9961439,-19.0488846],[-51.9969559,-19.0487502],[-51.9975822,-19.0486514],[-51.9984258,-19.0485227],[-51.9993196,-19.0483775],[-52.0000593,-19.0482584],[-52.0010537,-19.0481037],[-52.0018698,-19.0479732],[-52.0026342,-19.0478527],[-52.0037533,-19.0476733],[-52.0060104,-19.0473159],[-52.0074575,-19.0470775],[-52.0086564,-19.0468937],[-52.0102443,-19.0466415],[-52.0121916,-19.0463283],[-52.0130069,-19.0462016],[-52.0135501,-19.0461154],[-52.014851,-19.0459006],[-52.0157374,-19.0457427],[-52.016691,-19.0455284],[-52.0177263,-19.045228],[-52.0190768,-19.0447425],[-52.0198895,-19.0444065],[-52.0205601,-19.0440833],[-52.0209785,-19.0438868],[-52.022679,-19.0430285],[-52.0235038,-19.0426292],[-52.0248757,-19.0419535],[-52.0262034,-19.0412981],[-52.027735,-19.04054],[-52.0284551,-19.0401825],[-52.0287059,-19.0400481],[-52.0295481,-19.0396551],[-52.0305339,-19.0391582],[-52.03114,-19.0388564],[-52.0366255,-19.0360799],[-52.0416518,-19.0336036],[-52.0419207,-19.033474]]]}},
{"type":"Feature","properties":{"osm_id":"31569496","code":5113,"fclass":"primary","name":null,"ref":"BR-158","oneway":"B","maxspeed":0,"layer":0,"bridge":"F","tunnel":"F"},"geometry":{"type":"MultiLineString","coordinates":[[[-51.7251913,-19.1204574],[-51.7251095,-19.1205233],[-51.7246954,-19.1208426],[-51.7245665,-19.1209476],[-51.724511,-19.1209928],[-51.7239641,-19.1214116],[-51.7237993,-19.12154],[-51.7235428,-19.1217088],[-51.7233339,-19.1218614],[-51.7230124,-19.1220962],[-51.722762,-19.1223189],[-51.7226306,-19.1224293],[-51.7221838,-19.1227574],[-51.7219367,-19.1229263],[-51.7199864,-19.1241708],[-51.7191861,-19.1246536],[-51.7171078,-19.1258865],[-51.7162803,-19.1263863],[-51.7153969,-19.1269199],[-51.7130469,-19.1283393],[-51.7079986,-19.1313885],[-51.6984285,-19.1371946],[-51.697269,-19.1378654],[-51.6964711,-19.1383081],[-51.6954225,-19.1387945],[-51.6924264,-19.139954],[-51.6901465,-19.1408396],[-51.6886748,-19.1414156],[-51.6868195,-19.1421452],[-51.6867399,-19.1421766],[-51.6864586,-19.1422878],[-51.6860908,-19.1424332],[-51.6849519,-19.1428876],[-51.6847651,-19.1429622],[-51.6746608,-19.1469343],[-51.6697256,-19.1488743],[-51.6676945,-19.1496793],[-51.6664864,-19.1501582],[-51.6650914,-19.1508586],[-51.6641961,-19.151308],[-51.6633867,-19.1517144],[-51.6605459,-19.1531902],[-51.6599581,-19.1535143]]]}},
{"type":"Feature","properties":{"osm_id":"31569501","code":5113,"fclass":"primary","name":null,"ref":"MS-306","oneway":"B","maxspeed":80,"layer":0,"bridge":"F","tunnel":"F"},"geometry":{"type":"MultiLineString","coordinates":[[[-51.9264285,-19.0558164],[-51.9326466,-19.0565405],[-51.9389567,-19.0572349],[-51.9395185,-19.0572935],[-51.9400532,-19.0573339],[-51.9403392,-19.0573518],[-51.9406369,-19.0573695],[-51.9411536,-19.0573687],[-51.9415489,-19.057372],[-51.94197,-19.0573619],[-51.9427465,-19.0573237],[-51.9437939,-19.0572018],[-51.9486952,-19.0564469]]]}},
{"type":"Feature","properties":{"osm_id":"31569536","code":5113,"fclass":"primary","name":null,"ref":"MS-306","oneway":"B","maxspeed":80,"layer":0,"bridge":"F","tunnel":"F"},"geometry":{"type":"MultiLineString","coordinates":[[[-52.1753969,-18.9768752],[-52.1827619,-18.9728708],[-52.1833446,-18.972554],[-52.1838384,-18.9722871],[-52.1844655,-18.9719869],[-52.1850142,-18.9717608],[-52.1857941,-18.971468],[-52.2015905,-18.9658034],[-52.2026241,-18.9654322],[-52.2147411,-18.9610888],[-52.2164265,-18.9604846],[-52.2383016,-18.9526431],[-52.238688,-18.9525045]]]}},
{"type":"Feature","properties":{"osm_id":"31569594","code":5113,"fclass":"primary","name":null,"ref":"MS-306","oneway":"B","maxspeed":80,"layer":0,"bridge":"F","tunnel":"F"},"geometry":{"type":"MultiLineString","coordinates":[[[-52.090818,-19.0093397],[-52.0919961,-19.0088249],[-52.0930033,-19.0084506],[-52.0943714,-19.0080579]]]}},
{"type":"Feature","properties":{"osm_id":"31569640","code":5113,"fclass":"primary","name":null,"ref":"MS-306","oneway":"B","maxspeed":80,"layer":0,"bridge":"F","tunnel":"F"},"geometry":{"type":"MultiLineString","coordinates":[[[-52.0943714,-19.0080579],[-52.1089729,-19.0048501],[-52.1107657,-19.0044562],[-52.1184693,-19.0027638],[-52.1203957,-19.002338],[-52.1292117,-19.0003896],[-52.1296374,-19.0002955],[-52.1319561,-18.999783],[-52.1331315,-18.9994798],[-52.1343351,-18.9990838],[-52.1353734,-18.9986516],[-52.1359601,-18.9983756],[-52.1365175,-18.9980912],[-52.1407337,-18.9957932],[-52.1449618,-18.9934849],[-52.149531,-18.9909745],[-52.1497089,-18.9908767]]]}},
{"type":"Feature","properties":{"osm_id":"31572622","code":5122,"fclass":"residential","name":"Rua Sebastião Leal","ref":null,"oneway":"B","maxspeed":40,"layer":0,"bridge":"F","tunnel":"F"},"geometry":{"type":"MultiLineString","coordinates":[[[-51.7354541,-19.1033283],[-51.7354507,-19.1038226],[-51.7354249,-19.1047075],[-51.735413,-19.1055547],[-51.7354011,-19.106403],[-51.7353892,-19.1072455],[-51.7353772,-19.1081017],[-51.7353665,-19.1090675],[-51.7353613,-19.1092887],[-51.7353521,-19.1096701],[-51.7353286,-19.1106383],[-51.7352915,-19.1115903],[-51.7352566,-19.1124481]]]}},
{"type":"Feature","properties":{"osm_id":"31572717","code":5115,"fclass":"tertiary","name":null,"ref":"MS-229","oneway":"B","maxspeed":0,"layer":0,"bridge":"F","tunnel":"F"},"geometry":{"type":"MultiLineString","coordinates":[[[-52.364205,-18.9935468],[-52.3641172,-18.9937088],[-52.3639465,-18.9939359],[-52.3637783,-18.9941289],[-52.3636794,-18.9942273],[-52.3635947,-18.9942867],[-52.3634971,-18.9943195],[-52.363388,-18.9943207],[-52.3632802,-18.9943099],[-52.3607892,-18.993974],[-52.3530127,-18.9929251],[-52.3522798,-18.9927243],[-52.3399146,-18.9846643],[-52.3395781,-18.9844536],[-52.3393493,-18.9843102],[-52.3391046,-18.984157],[-52.3316672,-18.9792969],[-52.2738162,-18.9414884],[-52.2728033,-18.9402147]]]}},
{"type":"Feature","properties":{"osm_id":"127190188","code":5121,"fclass":"unclassified","name":null,"ref":null,"oneway":"B","maxspeed":0,"layer":0,"bridge":"F","tunnel":"F"},"geometry":{"type":"MultiLineString","coordinates":[[[-51.9290538,-18.9774736],[-51.9287304,-18.9801266],[-51.9289842,-18.9808077],[-51.9323561,-18.9843588],[-51.9338632,-18.9859459],[-51.9340773,-18.9860556],[-51.9343941,-18.9860656],[-51.9371051,-18.9857064],[-51.9412021,-18.9851861],[-51.9524447,-18.9872824],[-51.9525319,-18.987283],[-51.9526311,-18.987264],[-51.9535223,-18.9866147],[-51.9536644,-18.9865487],[-51.9559765,-18.9868404],[-51.9569521,-18.9869717],[-51.9586687,-18.9867688],[-51.9648734,-18.9854835],[-51.9652918,-18.9854391],[-51.9655466,-18.9854455],[-51.9663612,-18.9855595],[-51.9700179,-18.986465],[-51.9713643,-18.9867313],[-51.9729193,-18.9870376],[-51.973091,-18.9870465],[-51.9747707,-18.9866578],[-51.9759636,-18.9864847],[-51.9765155,-18.9863293],[-51.9778284,-18.985675],[-51.980563,-18.9841266],[-51.9857785,-18.9812694],[-51.9861071,-18.9810956],[-51.9869861,-18.9809669],[-51.9895323,-18.9805402],[-51.9980054,-18.9791008],[-51.9984975,-18.9791604],[-51.9988012,-18.9792498],[-52.0014118,-18.9796093],[-52.003241,-18.9798224],[-52.0034106,-18.9799313],[-52.004041,-18.980847],[-52.004554,-18.9818489],[-52.0065254,-18.9871016],[-52.0065576,-18.9872855],[-52.0065308,-18.9876165],[-52.0065469,-18.9878093],[-52.0066139,-18.9881263],[-52.0065844,-18.9915401],[-52.0067768,-18.9948035],[-52.0074441,-18.9974138],[-52.0074628,-18.997526],[-52.007491,-18.9976928],[-52.0075366,-18.9979103],[-52.007607,-18.9981182],[-52.0076922,-18.998323],[-52.0077619,-18.9984834],[-52.0078497,-18.99868],[-52.0079403,-18.9988848],[-52.0080241,-18.9990877],[-52.008132,-18.9993381],[-52.0081991,-18.999482],[-52.0082601,-18.9996164],[-52.0083124,-18.9997172],[-52.0083607,-18.9998187],[-52.0084291,-18.9999708],[-52.008472,-19.000111],[-52.0085156,-19.0002593],[-52.0085672,-19.0003982]]]}},
{"type":"Feature","properties":{"osm_id":"127191752","code":5122,"fclass":"residential","name":"Rua José Amim","ref":null,"oneway":"B","maxspeed":0,"layer":0,"bridge":"F","tunnel":"F"},"geometry":{"type":"MultiLineString","coordinates":[[[-51.724511,-19.1209928],[-51.7244822,-19.1215708],[-51.7244308,-19.1226105],[-51.7243797,-19.1236501],[-51.7243269,-19.1247067],[-51.7242737,-19.1257635],[-51.7242222,-19.1267976],[-51.7241697,-19.1278524],[-51.7241413,-19.1288686]]]}},
{"type":"Feature","properties":{"osm_id":"127191753","code":5122,"fclass":"residential","name":"Rua Amazonas","ref":null,"oneway":"B","maxspeed":0,"layer":0,"bridge":"F","tunnel":"F"},"geometry":{"type":"MultiLineString","coordinates":[[[-51.7337392,-19.1024069],[-51.7336718,-19.1037647],[-51.7336392,-19.1046052],[-51.7336229,-19.1054427],[-51.7335981,-19.1062828],[-51.7335876,-19.1071348],[-51.7335772,-19.1079819]]]}},
{"type":"Feature","properties":{"osm_id":"127191754","code":5122,"fclass":"residential","name":"Rua Sebastião Teodoro de Freitas","ref":null,"oneway":"B","maxspeed":0,"layer":0,"bridge":"F","tunnel":"F"},"geometry":{"type":"MultiLineString","coordinates":[[[-51.722164,-19.1235577],[-51.7232783,-19.1236],[-51.7243797,-19.1236501],[-51.7254853,-19.1236991],[-51.7265601,-19.1237449],[-51.7276541,-19.1237915],[-51.7287591,-19.1238385],[-51.7298698,-19.1238858],[-51.7305022,-19.1239127],[-51.7311255,-19.1239392],[-51.7317136,-19.1239499]]]}},
{"type":"Feature","properties":{"osm_id":"127191755","code":5122,"fclass":"residential","name":"Rua José Rodrigues de Lima","ref":null,"oneway":"B","maxspeed":40,"layer":0,"bridge":"F","tunnel":"F"},"geometry":{"type":"MultiLineString","coordinates":[[[-51.7333972,-19.1208742],[-51.7330943,-19.1208803],[-51.732217,-19.1208343],[-51.7311396,-19.120792],[-51.7300204,-19.1207481],[-51.7297963,-19.1207393],[-51.7289032,-19.1207042],[-51.7278063,-19.1206612],[-51.7267018,-19.1206178],[-51.7264386,-19.1206048],[-51.7256091,-19.1205639],[-51.7251095,-19.1205233]]]}},
{"type":"Feature","properties":{"osm_id":"127191756","code":5122,"fclass":"residential","name":"Rua Doroti Garcia do Carmo","ref":null,"oneway":"B","maxspeed":0,"layer":0,"bridge":"F","tunnel":"F"},"geometry":{"type":"MultiLineString","coordinates":[[[-51.730781,-19.1039833],[-51.7319184,-19.104319],[-51.7327684,-19.1045573]]]}},
{"type":"Feature","properties":{"osm_id":"127191757","code":5122,"fclass":"residential","name":"Rua Doutor Manoel Tomas da Silva","ref":null,"oneway":"B","maxspeed":0,"layer":0,"bridge":"F","tunnel":"F"},"geometry":{"type":"MultiLineString","coordinates":[[[-51.7420804,-19.1148882],[-51.7417707,-19.1148987],[-51.740717,-19.1148532],[-51.7396158,-19.1148057],[-51.7385213,-19.1147583],[-51.7374156,-19.1147108],[-51.73628,-19.1146758],[-51.7351797,-19.1146351],[-51.7336409,-19.114567],[-51.7325495,-19.1145187],[-51.7316184,-19.1144777]]]}},
{"type":"Feature","properties":{"osm_id":"127191758","code":5122,"fclass":"residential","name":"Rua Francisco Barbosa Sandoval","ref":null,"oneway":"B","maxspeed":0,"layer":0,"bridge":"F","tunnel":"F"},"geometry":{"type":"MultiLineString","coordinates":[[[-51.729008,-19.1104729],[-51.7298892,-19.1104813],[-51.7308266,-19.1104922],[-51.7317155,-19.1105025],[-51.732637,-19.1105364],[-51.7338355,-19.1105803],[-51.7353286,-19.1106383],[-51.7364755,-19.110688],[-51.7375899,-19.1107382],[-51.7386975,-19.1107725],[-51.7398085,-19.110807],[-51.7409087,-19.1108406]]]}},
{"type":"Feature","properties":{"osm_id":"127191759","code":5122,"fclass":"residential","name":"Rua Pedro Pereira de Almeida","ref":null,"oneway":"B","maxspeed":40,"layer":0,"bridge":"F","tunnel":"F"},"geometry":{"type":"MultiLineString","coordinates":[[[-51.7390663,-19.1024313],[-51.7390334,-19.1031828],[-51.738996,-19.1040224],[-51.7389569,-19.1049071],[-51.7389174,-19.1057998],[-51.7388743,-19.1066531],[-51.7388426,-19.1074906],[-51.7388043,-19.1083568],[-51.7387679,-19.109181],[-51.7387593,-19.1093747],[-51.7387369,-19.1099187],[-51.7387256,-19.1101369],[-51.7386975,-19.1107725],[-51.7386545,-19.1117442],[-51.7386154,-19.1126287],[-51.7385683,-19.1136937],[-51.7385213,-19.1147583],[-51.7384745,-19.1158144],[-51.7384287,-19.1168489],[-51.7383816,-19.1179155],[-51.7383366,-19.1189694],[-51.7382896,-19.1200276],[-51.7382425,-19.1210988],[-51.7382035,-19.1217307]]]}},
{"type":"Feature","properties":{"osm_id":"127191765","code":5122,"fclass":"residential","name":"Rua Mauro de Freitas","ref":null,"oneway":"B","maxspeed":0,"layer":0,"bridge":"F","tunnel":"F"},"geometry":{"type":"MultiLineString","coordinates":[[[-51.7367381,-19.1030045],[-51.7368159,-19.1031059],[-51.7368209,-19.1031682],[-51.7366884,-19.1039174],[-51.7365572,-19.1047725],[-51.736436,-19.1056258],[-51.7363354,-19.1064639],[-51.73625,-19.1072991],[-51.7361636,-19.1081442]]]}},
{"type":"Feature","properties":{"osm_id":"127191895","code":5113,"fclass":"primary","name":null,"ref":"MS-306","oneway":"B","maxspeed":0,"layer":0,"bridge":"F","tunnel":"F"},"geometry":{"type":"MultiLineString","coordinates":[[[-51.7267577,-19.1196866],[-51.7267346,-19.1197208],[-51.7266815,-19.1197691],[-51.7266158,-19.1198006],[-51.7265314,-19.1198123],[-51.7264478,-19.1197962],[-51.7263749,-19.1197543]]]}},
{"type":"Feature","properties":{"osm_id":"143602587","code":5113,"fclass":"primary","name":null,"ref":"MS-306","oneway":"B","maxspeed":80,"layer":0,"bridge":"F","tunnel":"F"},"geometry":{"type":"MultiLineString","coordinates":[[[-52.4565898,-18.8673206],[-52.4648454,-18.8635808],[-52.4742933,-18.8593541],[-52.474376248259269,-18.859316988283947]]]}},
{"type":"Feature","properties":{"osm_id":"143602590","code":5113,"fclass":"primary","name":null,"ref":"MS-306","oneway":"B","maxspeed":80,"layer":1,"bridge":"T","tunnel":"F"},"geometry":{"type":"MultiLineString","coordinates":[[[-52.4558179,-18.8676491],[-52.4565898,-18.8673206]]]}},
{"type":"Feature","properties":{"osm_id":"193338320","code":5121,"fclass":"unclassified","name":null,"ref":null,"oneway":"B","maxspeed":0,"layer":0,"bridge":"F","tunnel":"F"},"geometry":{"type":"MultiLineString","coordinates":[[[-52.020719,-19.0071751],[-52.0208504,-19.0074134],[-52.0209738,-19.0076062],[-52.0210737,-19.0077533],[-52.0211642,-19.0079168],[-52.0212668,-19.008121],[-52.0214579,-19.0085648],[-52.0216457,-19.0090105],[-52.0217992,-19.0093972],[-52.0218871,-19.0096178],[-52.0219655,-19.0098632],[-52.0220574,-19.0101859],[-52.0221493,-19.0105212],[-52.022282,-19.0110576],[-52.0223357,-19.0113955],[-52.0223933,-19.0116998],[-52.0224369,-19.011935],[-52.0224959,-19.0121575],[-52.0226622,-19.0126882],[-52.0227347,-19.012853],[-52.0227729,-19.0129633],[-52.0228098,-19.0130869],[-52.0228802,-19.0133608],[-52.0229137,-19.013525],[-52.022964,-19.0137634],[-52.0230015,-19.0140151],[-52.0230471,-19.014358],[-52.0230605,-19.0146357],[-52.0230585,-19.014907],[-52.0230585,-19.015127],[-52.0230659,-19.0152843],[-52.0230753,-19.0155258],[-52.0230693,-19.0157515],[-52.0230612,-19.016045],[-52.0230364,-19.0165496],[-52.0230176,-19.0168134],[-52.0230015,-19.0170986],[-52.0230002,-19.0172413],[-52.0230069,-19.0173592],[-52.023017,-19.0175221],[-52.0230431,-19.0177618],[-52.0230927,-19.0181073],[-52.0231464,-19.018662],[-52.0231893,-19.01883],[-52.0232584,-19.0190366],[-52.0233308,-19.0192763],[-52.0234025,-19.0196161],[-52.0234461,-19.0199869],[-52.0235018,-19.0203343],[-52.0235749,-19.0207946],[-52.0236252,-19.0210741],[-52.0237096,-19.0215204],[-52.0237452,-19.021793],[-52.0237613,-19.022006],[-52.0237747,-19.0222],[-52.0237646,-19.0223997],[-52.0237345,-19.0226678],[-52.0236842,-19.0230951],[-52.0236359,-19.023355],[-52.0235769,-19.0236796],[-52.0235293,-19.0239439],[-52.0234863,-19.0243135],[-52.0234629,-19.024588],[-52.0233945,-19.0250077],[-52.0233462,-19.0252238],[-52.0232812,-19.0256074],[-52.0232476,-19.0257703],[-52.023202,-19.0259364],[-52.0231296,-19.0261633],[-52.0230022,-19.0265792],[-52.0229398,-19.0268112],[-52.0228379,-19.0271294],[-52.0227849,-19.0273557],[-52.0227702,-19.027466],[-52.0227407,-19.0277132],[-52.0227025,-19.0279617],[-52.0226435,-19.0282267],[-52.0225845,-19.0284746],[-52.0224973,-19.0289354],[-52.0224423,-19.0292669],[-52.0224349,-19.029452],[-52.0224356,-19.0295516],[-52.0224128,-19.0296834],[-52.0224103,-19.0296971],[-52.0223457,-19.0300549],[-52.0222425,-19.0304986],[-52.0221828,-19.0307649],[-52.0221593,-19.0309474],[-52.0221587,-19.0310641],[-52.0221573,-19.0311484],[-52.0221473,-19.0312549],[-52.0221218,-19.0314381],[-52.0220252,-19.0319648],[-52.0219635,-19.0322875],[-52.0219179,-19.0325639],[-52.0218582,-19.0328656],[-52.0218039,-19.0331642],[-52.0217577,-19.0334336],[-52.0217141,-19.0337302],[-52.0217094,-19.033831],[-52.0216919,-19.0339413],[-52.0216329,-19.0342431],[-52.0215793,-19.0345093],[-52.0215176,-19.0348351],[-52.0214452,-19.0352116],[-52.0212655,-19.0360344],[-52.0211555,-19.0365453],[-52.0210522,-19.0370131],[-52.0209436,-19.0374594],[-52.0208471,-19.0378181],[-52.0208175,-19.0379576],[-52.0207921,-19.0381148],[-52.0207854,-19.0382619],[-52.0208068,-19.0384685],[-52.0208363,-19.0386067],[-52.0208725,-19.0388184],[-52.0208672,-19.0389946],[-52.0208296,-19.0392634],[-52.0207652,-19.0396234],[-52.020721,-19.0398846],[-52.0206325,-19.0402902],[-52.0205212,-19.0406072],[-52.0203844,-19.0409685],[-52.0202422,-19.0412588],[-52.0200129,-19.041577],[-52.0197527,-19.041866],[-52.0193397,-19.0423123],[-52.0183097,-19.0433023],[-52.0174085,-19.0442607],[-52.017159,-19.044655],[-52.0170048,-19.0448806],[-52.0169163,-19.0450353],[-52.0167969,-19.0451608],[-52.0166843,-19.0452407],[-52.0165133,-19.0453275],[-52.0163208,-19.045415],[-52.0159581,-19.0455531],[-52.0156268,-19.0456482],[-52.0154095,-19.0457002],[-52.0152714,-19.0457414],[-52.0150723,-19.0458105],[-52.014851,-19.0459006]]]}},
{"type":"Feature","properties":{"osm_id":"193338321","code":5121,"fclass":"unclassified","name":null,"ref":null,"oneway":"B","maxspeed":0,"layer":0,"bridge":"F","tunnel":"F"},"geometry":{"type":"MultiLineString","coordinates":[[[-52.0565155,-18.9970034],[-52.0497256,-18.9970964],[-52.0477931,-18.9983747],[-52.0475765,-18.9983173],[-52.0457736,-18.9965768],[-52.0455659,-18.9962114],[-52.0454648,-18.9960898],[-52.0453453,-18.9959073],[-52.0451707,-18.9957798],[-52.0450573,-18.9955915],[-52.0448743,-18.9954268],[-52.0410252,-18.9930733],[-52.040872,-18.9929168],[-52.0405411,-18.9927314],[-52.0399345,-18.9922505],[-52.0390704,-18.9920303],[-52.0384903,-18.9917293]]]}},
{"type":"Feature","properties":{"osm_id":"193338322","code":5121,"fclass":"unclassified","name":null,"ref":null,"oneway":"B","maxspeed":0,"layer":0,"bridge":"F","tunnel":"F"},"geometry":{"type":"MultiLineString","coordinates":[[[-52.062955,-19.0230995],[-52.0565155,-18.9970034],[-52.0538158,-18.986137],[-52.052586,-18.9856199],[-52.050711,-18.9856221],[-52.0411867,-18.9869914],[-52.0400775,-18.9876345],[-52.0391951,-18.9887587],[-52.0385884,-18.9902768],[-52.0384434,-18.9916634],[-52.0384903,-18.9917293]]]}},
{"type":"Feature","properties":{"osm_id":"193343547","code":5115,"fclass":"tertiary","name":null,"ref":"BR-158","oneway":"F","maxspeed":0,"layer":0,"bridge":"F","tunnel":"F"},"geometry":{"type":"MultiLineString","coordinates":[[[-51.7265301,-19.1193399],[-51.726668,-19.1192529],[-51.7269453,-19.1190754],[-51.727242,-19.1188871]]]}},
{"type":"Feature","properties":{"osm_id":"193343548","code":5113,"fclass":"primary","name":null,"ref":"MS-112","oneway":"B","maxspeed":0,"layer":0,"bridge":"F","tunnel":"F"},"geometry":{"type":"MultiLineString","coordinates":[[[-51.7344138,-19.1318524],[-51.7349937,-19.133178],[-51.7353785,-19.1341223],[-51.7355085,-19.134447],[-51.7366104,-19.1371003],[-51.7376802,-19.1397939],[-51.7392404,-19.1436899],[-51.7396896,-19.1448114],[-51.7403237,-19.146395],[-51.7403941,-19.1465707],[-51.7408562,-19.1477245],[-51.7408934,-19.1482664],[-51.7408608,-19.1486995],[-51.7407645,-19.1490972],[-51.7405508,-19.1495166],[-51.7403712,-19.1498977],[-51.7395673,-19.151745],[-51.7390907,-19.1526537],[-51.7385899,-19.1534653],[-51.737971,-19.154249],[-51.7376469,-19.1546015],[-51.7371604,-19.1550446],[-51.7363344,-19.1557244],[-51.732283,-19.1586157],[-51.7290574,-19.160892],[-51.7259645,-19.1630086],[-51.7253807,-19.1634867],[-51.7246533,-19.1644169],[-51.724441,-19.164874],[-51.7242483,-19.1655624],[-51.724156,-19.1661794],[-51.7242487,-19.1671281],[-51.7251618,-19.1697774],[-51.7254454,-19.1706],[-51.7276943,-19.1769093]]]}},
{"type":"Feature","properties":{"osm_id":"193343549","code":5113,"fclass":"primary","name":null,"ref":"MS-306","oneway":"B","maxspeed":0,"layer":0,"bridge":"F","tunnel":"F"},"geometry":{"type":"MultiLineString","coordinates":[[[-51.7454939,-19.1069929],[-51.7455219,-19.1070098],[-51.7455377,-19.1070257],[-51.7455498,-19.1070443],[-51.7455577,-19.1070649],[-51.745561,-19.1070865],[-51.7455595,-19.1071093],[-51.7455529,-19.1071312],[-51.7455415,-19.1071514],[-51.7455259,-19.1071688],[-51.7455059,-19.1071832],[-51.7454831,-19.1071932],[-51.7454585,-19.1071981],[-51.7454334,-19.1071978],[-51.7454089,-19.1071923],[-51.7453797,-19.1071776],[-51.7453563,-19.1071566],[-51.7453404,-19.1071281],[-51.7453336,-19.1070974],[-51.7453365,-19.1070663],[-51.7453488,-19.107037],[-51.7453695,-19.1070124],[-51.7453969,-19.1069946],[-51.7454285,-19.1069849],[-51.7454618,-19.1069843],[-51.7454939,-19.1069929]]]}},
{"type":"Feature","properties":{"osm_id":"193343553","code":5113,"fclass":"primary","name":"Rodovia MS-306","ref":"MS-306","oneway":"B","maxspeed":80,"layer":0,"bridge":"F","tunnel":"F"},"geometry":{"type":"MultiLineString","coordinates":[[[-51.8000811,-19.0797614],[-51.8042428,-19.0781295],[-51.8106936,-19.0756028],[-51.8115228,-19.075278],[-51.8137972,-19.0743871],[-51.8186845,-19.0724728],[-51.8197473,-19.072018],[-51.8206673,-19.0715935],[-51.8225739,-19.0706363],[-51.8258296,-19.0690017],[-51.834001,-19.064899],[-51.8364893,-19.0636383],[-51.8397039,-19.0620095],[-51.8408745,-19.0614649],[-51.847817,-19.0588447],[-51.8525096,-19.0570865],[-51.8528751,-19.0569373],[-51.8533243,-19.0567383],[-51.8540658,-19.0563213],[-51.8544681,-19.0560607],[-51.854849,-19.055719],[-51.8586034,-19.0518284]]]}},
{"type":"Feature","properties":{"osm_id":"193343557","code":5122,"fclass":"residential","name":"Rua Domingos de Souza França","ref":null,"oneway":"B","maxspeed":40,"layer":0,"bridge":"F","tunnel":"F"},"geometry":{"type":"MultiLineString","coordinates":[[[-51.7337812,-19.1115226],[-51.7338355,-19.1105803],[-51.7338728,-19.1097127],[-51.7338789,-19.1096029],[-51.7339123,-19.1089973],[-51.7339194,-19.1088685],[-51.733933,-19.1086433],[-51.7339643,-19.1080108]]]}},
{"type":"Feature","properties":{"osm_id":"193343564","code":5122,"fclass":"residential","name":"Rua Antônio de Freitas Pedrosa","ref":null,"oneway":"B","maxspeed":40,"layer":0,"bridge":"F","tunnel":"F"},"geometry":{"type":"MultiLineString","coordinates":[[[-51.736619,-19.1081741],[-51.736572,-19.1092002],[-51.736563,-19.1094316],[-51.7365516,-19.1096447],[-51.7364755,-19.110688],[-51.7364288,-19.1116373],[-51.7363757,-19.1125037],[-51.7363343,-19.1136125],[-51.73628,-19.1146758],[-51.7362302,-19.1157177],[-51.7361839,-19.1167654],[-51.7361302,-19.1178211],[-51.7360912,-19.1188754],[-51.7360523,-19.1199231],[-51.7360035,-19.1210053],[-51.735983,-19.1220557],[-51.7359345,-19.123114],[-51.7359137,-19.1235682]]]}},
{"type":"Feature","properties":{"osm_id":"193343567","code":5122,"fclass":"residential","name":"Rua Ademar Pereira Camargo","ref":null,"oneway":"B","maxspeed":0,"layer":0,"bridge":"F","tunnel":"F"},"geometry":{"type":"MultiLineString","coordinates":[[[-51.7316385,-19.1079609],[-51.7318162,-19.1079772],[-51.7326935,-19.1079641],[-51.7335772,-19.1079819],[-51.7339643,-19.1080108],[-51.7344647,-19.108043],[-51.7353772,-19.1081017],[-51.7361636,-19.1081442],[-51.736619,-19.1081741]]]}},
{"type":"Feature","properties":{"osm_id":"193343568","code":5122,"fclass":"residential","name":"Rua São Pedro","ref":null,"oneway":"B","maxspeed":0,"layer":0,"bridge":"F","tunnel":"F"},"geometry":{"type":"MultiLineString","coordinates":[[[-51.7435469,-19.1034189],[-51.7435029,-19.1042915],[-51.7434363,-19.1051603],[-51.7433493,-19.106798],[-51.743317,-19.106947],[-51.7432601,-19.1077994],[-51.743203,-19.1086553],[-51.7431343,-19.109496],[-51.7430477,-19.1105672]]]}},
{"type":"Feature","properties":{"osm_id":"193343569","code":5122,"fclass":"residential","name":"Rua Claudionor Coelho da Rocha","ref":null,"oneway":"B","maxspeed":0,"layer":0,"bridge":"F","tunnel":"F"},"geometry":{"type":"MultiLineString","coordinates":[[[-51.7330081,-19.1037356],[-51.7336718,-19.1037647],[-51.7345562,-19.1037956],[-51.7354507,-19.1038226],[-51.7361074,-19.1038729],[-51.7366884,-19.1039174],[-51.7378866,-19.1039789],[-51.738996,-19.1040224],[-51.7401097,-19.1040889],[-51.7411939,-19.1041536],[-51.7416924,-19.1041834],[-51.7425945,-19.1042373],[-51.7435029,-19.1042915],[-51.7440142,-19.1043119],[-51.7441306,-19.1043351],[-51.7442654,-19.104393],[-51.7451523,-19.1048521]]]}},
{"type":"Feature","properties":{"osm_id":"193343570","code":5122,"fclass":"residential","name":"Rua Ademar Pereira Camargo","ref":null,"oneway":"B","maxspeed":0,"layer":0,"bridge":"F","tunnel":"F"},"geometry":{"type":"MultiLineString","coordinates":[[[-51.736619,-19.1081741],[-51.7376985,-19.1082642],[-51.7388043,-19.1083568],[-51.7398867,-19.1084303],[-51.741009,-19.1085064],[-51.7421008,-19.1085805],[-51.743203,-19.1086553],[-51.7446459,-19.1087532]]]}},
{"type":"Feature","properties":{"osm_id":"193343571","code":5122,"fclass":"residential","name":"Avenida Juscelino Kubitschek de Oliveira","ref":null,"oneway":"B","maxspeed":0,"layer":0,"bridge":"F","tunnel":"F"},"geometry":{"type":"MultiLineString","coordinates":[[[-51.7451364,-19.1070501],[-51.7443748,-19.1070059],[-51.743317,-19.106947],[-51.7421849,-19.1068677],[-51.7410835,-19.1067924],[-51.7399593,-19.1067146],[-51.7398429,-19.1067066],[-51.7388743,-19.1066531],[-51.7381122,-19.1065868],[-51.7377731,-19.1065636],[-51.7363354,-19.1064639],[-51.7354011,-19.106403],[-51.7344946,-19.1063426],[-51.734055,-19.1063133],[-51.7339501,-19.1063063],[-51.7335981,-19.1062828],[-51.7327315,-19.1062349],[-51.7318253,-19.1061861]]]}},
{"type":"Feature","properties":{"osm_id":"193343572","code":5122,"fclass":"residential","name":"Rua Joaquim Balduino de Souza","ref":null,"oneway":"B","maxspeed":0,"layer":0,"bridge":"F","tunnel":"F"},"geometry":{"type":"MultiLineString","coordinates":[[[-51.7428837,-19.1129088],[-51.7419215,-19.1128457],[-51.7408169,-19.1127732],[-51.7397297,-19.1127018],[-51.7386154,-19.1126287],[-51.737509,-19.1125821],[-51.7363757,-19.1125037],[-51.7352566,-19.1124481]]]}},
{"type":"Feature","properties":{"osm_id":"193344039","code":5113,"fclass":"primary","name":null,"ref":"MS-306","oneway":"F","maxspeed":0,"layer":0,"bridge":"F","tunnel":"F"},"geometry":{"type":"MultiLineString","coordinates":[[[-51.7445552,-19.109002],[-51.7444402,-19.1094231],[-51.7443936,-19.1097064],[-51.7443731,-19.1099399],[-51.7443116,-19.1103226]]]}},
{"type":"Feature","properties":{"osm_id":"193344040","code":5113,"fclass":"primary","name":"Avenida Presidente Dutra","ref":"MS-306","oneway":"F","maxspeed":0,"layer":0,"bridge":"F","tunnel":"F"},"geometry":{"type":"MultiLineString","coordinates":[[[-51.7430529,-19.1125592],[-51.7432844,-19.1119022],[-51.7433702,-19.1116358],[-51.743407,-19.111494],[-51.7434637,-19.1112841],[-51.7435265,-19.1110713]]]}},
{"type":"Feature","properties":{"osm_id":"193344041","code":5113,"fclass":"primary","name":"Avenida Presidente Dutra","ref":"MS-306","oneway":"B","maxspeed":0,"layer":0,"bridge":"F","tunnel":"F"},"geometry":{"type":"MultiLineString","coordinates":[[[-51.7445552,-19.109002],[-51.744623,-19.1088161],[-51.7446459,-19.1087532],[-51.7448924,-19.1082166],[-51.7450383,-19.1078989],[-51.7452013,-19.1075786],[-51.7453352,-19.1073289]]]}},
{"type":"Feature","properties":{"osm_id":"193344042","code":5133,"fclass":"primary_link","name":null,"ref":"BR-158","oneway":"F","maxspeed":0,"layer":0,"bridge":"F","tunnel":"F"},"geometry":{"type":"MultiLineString","coordinates":[[[-51.7439248,-19.1102375],[-51.74402,-19.1101563],[-51.7441045,-19.1101318],[-51.7441804,-19.1101461],[-51.7442475,-19.1101932],[-51.7442918,-19.1102417],[-51.7443116,-19.1103226]]]}},
{"type":"Feature","properties":{"osm_id":"193344043","code":5133,"fclass":"primary_link","name":null,"ref":null,"oneway":"F","maxspeed":0,"layer":0,"bridge":"F","tunnel":"F"},"geometry":{"type":"MultiLineString","coordinates":[[[-51.7438197,-19.1114511],[-51.7437232,-19.1115192],[-51.7436558,-19.1115394],[-51.7435776,-19.1115264],[-51.7435271,-19.1114931],[-51.7434964,-19.1114482],[-51.7434857,-19.1113976],[-51.7434637,-19.1112841]]]}},
{"type":"Feature","properties":{"osm_id":"193345894","code":5113,"fclass":"primary","name":"Avenida Juraci Lucas","ref":"BR-158","oneway":"F","maxspeed":0,"layer":0,"bridge":"F","tunnel":"F"},"geometry":{"type":"MultiLineString","coordinates":[[[-51.7299876,-19.1074838],[-51.730251,-19.1075037],[-51.7316385,-19.1079609],[-51.7318177,-19.1080144],[-51.7326888,-19.1082747],[-51.733933,-19.1086433],[-51.7353665,-19.1090675],[-51.736563,-19.1094316],[-51.7374923,-19.1097021],[-51.7376347,-19.1097553],[-51.7387369,-19.1099187],[-51.7398231,-19.1100821],[-51.7409401,-19.1102501],[-51.7430477,-19.1105672],[-51.7434416,-19.1106314],[-51.7435672,-19.110611],[-51.7436235,-19.1105946],[-51.7438017,-19.1104356]]]}},
{"type":"Feature","properties":{"osm_id":"193345896","code":5113,"fclass":"primary","name":"Avenida Juraci Lucas","ref":"BR-158","oneway":"F","maxspeed":0,"layer":0,"bridge":"F","tunnel":"F"},"geometry":{"type":"MultiLineString","coordinates":[[[-51.7435265,-19.1110713],[-51.7434763,-19.1109341],[-51.7434196,-19.1108617],[-51.7433323,-19.1108169],[-51.7420493,-19.1106275],[-51.7409387,-19.1104636],[-51.7398155,-19.1102978],[-51.7387256,-19.1101369],[-51.7377298,-19.1099748],[-51.7376244,-19.1099526],[-51.7373743,-19.109888],[-51.7365516,-19.1096447],[-51.7353613,-19.1092887],[-51.7339194,-19.1088685],[-51.732682,-19.1084876],[-51.7317993,-19.1082165],[-51.7302262,-19.107734],[-51.7300975,-19.107679],[-51.7299876,-19.1074838]]]}},
{"type":"Feature","properties":{"osm_id":"193347193","code":5122,"fclass":"residential","name":"Rua Joaquim José Dias","ref":null,"oneway":"B","maxspeed":0,"layer":0,"bridge":"F","tunnel":"F"},"geometry":{"type":"MultiLineString","coordinates":[[[-51.7302327,-19.1171094],[-51.730228,-19.1171997],[-51.7302114,-19.117363],[-51.7302145,-19.117583],[-51.7301318,-19.1186269],[-51.7300746,-19.1196457],[-51.7300204,-19.1207481],[-51.7300144,-19.1208737],[-51.7300085,-19.1209964],[-51.7300011,-19.1211502],[-51.7299701,-19.1217959],[-51.72992,-19.1228392],[-51.7298698,-19.1238858],[-51.7298703,-19.1242277],[-51.7299001,-19.1244274],[-51.729931,-19.1246575],[-51.7299272,-19.1249538],[-51.7298865,-19.1259879],[-51.7298542,-19.1270259],[-51.7298225,-19.1280916]]]}},
{"type":"Feature","properties":{"osm_id":"193347195","code":5122,"fclass":"residential","name":"Rua Ricardo Dutra de Oliveira","ref":null,"oneway":"B","maxspeed":0,"layer":0,"bridge":"F","tunnel":"F"},"geometry":{"type":"MultiLineString","coordinates":[[[-51.7236896,-19.1164465],[-51.7227859,-19.116962],[-51.7222573,-19.1172701],[-51.7216646,-19.117611],[-51.7211516,-19.1179061],[-51.7207254,-19.1181511],[-51.7203932,-19.1183422],[-51.720082,-19.1185212],[-51.7197465,-19.1187141]]]}},
{"type":"Feature","properties":{"osm_id":"193347196","code":5122,"fclass":"residential","name":"Rua Antônio Batista de Almeida","ref":null,"oneway":"B","maxspeed":0,"layer":0,"bridge":"F","tunnel":"F"},"geometry":{"type":"MultiLineString","coordinates":[[[-51.732217,-19.1208343],[-51.7322586,-19.119757],[-51.7323115,-19.1187133],[-51.7323255,-19.1183981],[-51.7322995,-19.1180706],[-51.7321999,-19.1179068],[-51.7320482,-19.1178086],[-51.7315109,-19.1176735],[-51.7312676,-19.1176335],[-51.7312119,-19.1176243],[-51.730393,-19.1175875],[-51.7302145,-19.117583],[-51.7300853,-19.1175834],[-51.7299364,-19.1174859],[-51.7297612,-19.1172778],[-51.7296249,-19.1171356]]]}},
{"type":"Feature","properties":{"osm_id":"193347197","code":5122,"fclass":"residential","name":"Rua Isaias Candido Barbosa","ref":null,"oneway":"B","maxspeed":40,"layer":0,"bridge":"F","tunnel":"F"},"geometry":{"type":"MultiLineString","coordinates":[[[-51.7376313,-19.1098202],[-51.7376244,-19.1099526],[-51.7375899,-19.1107382],[-51.7375481,-19.1116908],[-51.737509,-19.1125821],[-51.737462,-19.1136528],[-51.7374156,-19.1147108],[-51.7373692,-19.1157673],[-51.737324,-19.1167959],[-51.7372768,-19.1178731],[-51.7372308,-19.1189198],[-51.7371837,-19.119969],[-51.7371366,-19.1210666],[-51.7370968,-19.1219733]]]}},
{"type":"Feature","properties":{"osm_id":"193347198","code":5122,"fclass":"residential","name":"Rua Joaquim Lucio","ref":null,"oneway":"B","maxspeed":0,"layer":0,"bridge":"F","tunnel":"F"},"geometry":{"type":"MultiLineString","coordinates":[[[-51.7291546,-19.1154486],[-51.7284524,-19.1159981],[-51.7277762,-19.1165271],[-51.7270906,-19.1170636],[-51.7263908,-19.1176112],[-51.7257025,-19.1181509],[-51.7250319,-19.1186745],[-51.7241069,-19.1193956]]]}},
{"type":"Feature","properties":{"osm_id":"193347199","code":5122,"fclass":"residential","name":"Rua Nicanor Alves Dias","ref":null,"oneway":"B","maxspeed":0,"layer":0,"bridge":"F","tunnel":"F"},"geometry":{"type":"MultiLineString","coordinates":[[[-51.7238719,-19.1174071],[-51.7238977,-19.1173875],[-51.724576,-19.1168537],[-51.7252612,-19.1163152],[-51.7259606,-19.1157657],[-51.7266286,-19.1152406],[-51.7273152,-19.1147011],[-51.7280206,-19.1141467]]]}},
{"type":"Feature","properties":{"osm_id":"193347200","code":5122,"fclass":"residential","name":null,"ref":null,"oneway":"F","maxspeed":0,"layer":0,"bridge":"F","tunnel":"F"},"geometry":{"type":"MultiLineString","coordinates":[[[-51.7302327,-19.1171094],[-51.7302039,-19.1170448],[-51.7301575,-19.1169616],[-51.7301446,-19.1169362],[-51.730008,-19.1167758]]]}},
{"type":"Feature","properties":{"osm_id":"193347201","code":5122,"fclass":"residential","name":"Rua Sudária M. de Jesus","ref":null,"oneway":"B","maxspeed":0,"layer":0,"bridge":"F","tunnel":"F"},"geometry":{"type":"MultiLineString","coordinates":[[[-51.7259721,-19.1197633],[-51.7255925,-19.1193238],[-51.7250319,-19.1186745],[-51.7244648,-19.1180321],[-51.723956,-19.1174557],[-51.7238977,-19.1173875]]]}},
{"type":"Feature","properties":{"osm_id":"193347202","code":5122,"fclass":"residential","name":"Rua Onofre José Gregório","ref":null,"oneway":"B","maxspeed":0,"layer":0,"bridge":"F","tunnel":"F"},"geometry":{"type":"MultiLineString","coordinates":[[[-51.723993,-19.1162044],[-51.724576,-19.1168537],[-51.7251315,-19.1174908],[-51.7257025,-19.1181509],[-51.7262688,-19.1187951],[-51.726668,-19.1192529]]]}},
{"type":"Feature","properties":{"osm_id":"193347203","code":5122,"fclass":"residential","name":"Rua João Vieira Gonçalves","ref":null,"oneway":"B","maxspeed":40,"layer":0,"bridge":"F","tunnel":"F"},"geometry":{"type":"MultiLineString","coordinates":[[[-51.7318162,-19.1079772],[-51.7318177,-19.1080144],[-51.7317993,-19.1082165],[-51.7317575,-19.1096092],[-51.7317155,-19.1105025],[-51.7317066,-19.1114594],[-51.7316904,-19.1123158],[-51.7316857,-19.113403],[-51.7316184,-19.1144777],[-51.7315984,-19.115548]]]}},
{"type":"Feature","properties":{"osm_id":"193347719","code":5115,"fclass":"tertiary","name":"Avenida Candido Barbosa Dias","ref":"BR-158","oneway":"B","maxspeed":40,"layer":0,"bridge":"F","tunnel":"F"},"geometry":{"type":"MultiLineString","coordinates":[[[-51.7295508,-19.1171284],[-51.7292319,-19.1173704],[-51.7288523,-19.1176708],[-51.7284857,-19.1179314],[-51.7283054,-19.11807],[-51.7281186,-19.1182183],[-51.7279216,-19.1183649],[-51.7273859,-19.118772],[-51.727242,-19.1188871]]]}},
{"type":"Feature","properties":{"osm_id":"193347720","code":5113,"fclass":"primary","name":null,"ref":"BR-158","oneway":"F","maxspeed":0,"layer":0,"bridge":"F","tunnel":"F"},"geometry":{"type":"MultiLineString","coordinates":[[[-51.7251913,-19.1204574],[-51.7253442,-19.1202674],[-51.7255579,-19.1200959],[-51.7258612,-19.1198524],[-51.7259721,-19.1197633],[-51.7262947,-19.1195357]]]}},
{"type":"Feature","properties":{"osm_id":"193347721","code":5113,"fclass":"primary","name":null,"ref":"BR-158","oneway":"F","maxspeed":0,"layer":0,"bridge":"F","tunnel":"F"},"geometry":{"type":"MultiLineString","coordinates":[[[-51.7263749,-19.1197543],[-51.7262652,-19.1197684],[-51.7262012,-19.1197828],[-51.7260685,-19.1198402],[-51.7258646,-19.1199975],[-51.7256289,-19.1201731],[-51.7254243,-19.1203256],[-51.7251913,-19.1204574]]]}},
{"type":"Feature","properties":{"osm_id":"193347722","code":5113,"fclass":"primary","name":"Avenida Presidente Dutra","ref":"MS-306","oneway":"B","maxspeed":0,"layer":0,"bridge":"F","tunnel":"F"},"geometry":{"type":"MultiLineString","coordinates":[[[-51.732582,-19.1197711],[-51.7322586,-19.119757],[-51.7313154,-19.1197159],[-51.7311732,-19.1196991],[-51.7300746,-19.1196457],[-51.7289585,-19.1196027],[-51.7286124,-19.1195825],[-51.7278548,-19.11955],[-51.7270277,-19.1195326]]]}},
{"type":"Feature","properties":{"osm_id":"193347723","code":5115,"fclass":"tertiary","name":null,"ref":"BR-158","oneway":"F","maxspeed":0,"layer":0,"bridge":"F","tunnel":"F"},"geometry":{"type":"MultiLineString","coordinates":[[[-51.727242,-19.1188871],[-51.7271448,-19.1190144],[-51.72673,-19.1194304]]]}},
{"type":"Feature","properties":{"osm_id":"193347856","code":5113,"fclass":"primary","name":null,"ref":"BR-158","oneway":"B","maxspeed":0,"layer":0,"bridge":"F","tunnel":"F"},"geometry":{"type":"MultiLineString","coordinates":[[[-51.7294133,-19.1067716],[-51.7299876,-19.1074838]]]}},
{"type":"Feature","properties":{"osm_id":"193347857","code":5113,"fclass":"primary","name":null,"ref":"BR-158","oneway":"B","maxspeed":0,"layer":1,"bridge":"T","tunnel":"F"},"geometry":{"type":"MultiLineString","coordinates":[[[-51.729197098800029,-19.106518227504104],[-51.7294133,-19.1067716]]]}},
{"type":"Feature","properties":{"osm_id":"193412879","code":5122,"fclass":"residential","name":"Rua Antônio Pereira Duarte","ref":null,"oneway":"B","maxspeed":0,"layer":0,"bridge":"F","tunnel":"F"},"geometry":{"type":"MultiLineString","coordinates":[[[-51.7293572,-19.1156813],[-51.7287557,-19.1161561],[-51.7286583,-19.1162329],[-51.7284048,-19.116433],[-51.7280339,-19.1167257],[-51.7279792,-19.1167689],[-51.7276722,-19.1170112],[-51.7273004,-19.1173046],[-51.7269497,-19.1175814],[-51.7265984,-19.1178587]]]}},
{"type":"Feature","properties":{"osm_id":"193412880","code":5122,"fclass":"residential","name":"Rua Acyr Barbosa Sandoval","ref":null,"oneway":"B","maxspeed":0,"layer":0,"bridge":"F","tunnel":"F"},"geometry":{"type":"MultiLineString","coordinates":[[[-51.7285123,-19.1298795],[-51.7285324,-19.1290541],[-51.7285706,-19.1279982],[-51.7286149,-19.1269757],[-51.7286621,-19.1259478],[-51.7287103,-19.1249001],[-51.7287591,-19.1238385],[-51.7288072,-19.1227928],[-51.7288551,-19.1217501],[-51.7289032,-19.1207042],[-51.7289585,-19.1196027],[-51.7290094,-19.1185824],[-51.729022,-19.1181208],[-51.7290145,-19.1180496],[-51.7288523,-19.1176708]]]}},
{"type":"Feature","properties":{"osm_id":"193412881","code":5122,"fclass":"residential","name":"Rua Satil Severino da Silva","ref":null,"oneway":"B","maxspeed":0,"layer":0,"bridge":"F","tunnel":"F"},"geometry":{"type":"MultiLineString","coordinates":[[[-51.7192719,-19.1161412],[-51.7200567,-19.1159457],[-51.7208082,-19.115759],[-51.7212036,-19.115629],[-51.7216353,-19.1154871],[-51.7220771,-19.1153419],[-51.7224693,-19.115213],[-51.722864,-19.1150833],[-51.7232763,-19.1149478]]]}},
{"type":"Feature","properties":{"osm_id":"193412882","code":5122,"fclass":"residential","name":"Rua Maria José Freitas","ref":null,"oneway":"B","maxspeed":0,"layer":0,"bridge":"F","tunnel":"F"},"geometry":{"type":"MultiLineString","coordinates":[[[-51.7376961,-19.1235801],[-51.7380865,-19.1229364],[-51.7381573,-19.1228245],[-51.7382314,-19.122755],[-51.7383587,-19.1226347],[-51.7386966,-19.1223252],[-51.7391508,-19.1219091],[-51.7391922,-19.1218712],[-51.7396863,-19.1214187],[-51.7393724,-19.1211566],[-51.7393497,-19.1211377]]]}},
{"type":"Feature","properties":{"osm_id":"193412883","code":5122,"fclass":"residential","name":"Rua Gumercindo de Freitas","ref":null,"oneway":"B","maxspeed":0,"layer":0,"bridge":"F","tunnel":"F"},"geometry":{"type":"MultiLineString","coordinates":[[[-51.7252301,-19.1289491],[-51.7252791,-19.1279039],[-51.7253219,-19.1268422],[-51.725366,-19.1258097],[-51.725401,-19.1247541],[-51.7254853,-19.1236991],[-51.7255219,-19.122656],[-51.7255559,-19.1216149],[-51.7256091,-19.1205639],[-51.7256289,-19.1201731],[-51.7255579,-19.1200959]]]}},
{"type":"Feature","properties":{"osm_id":"193412884","code":5122,"fclass":"residential","name":"Rua Ceciliano Estanislau de Souza","ref":null,"oneway":"B","maxspeed":0,"layer":0,"bridge":"F","tunnel":"F"},"geometry":{"type":"MultiLineString","coordinates":[[[-51.72628,-19.1299241],[-51.7263224,-19.1289838],[-51.7263699,-19.1279533],[-51.7264177,-19.1268866],[-51.7264644,-19.1258561],[-51.7265121,-19.1248031],[-51.7265601,-19.1237449],[-51.7266074,-19.1227012],[-51.7266545,-19.1216599],[-51.7267018,-19.1206178],[-51.7267341,-19.1199042]]]}},
{"type":"Feature","properties":{"osm_id":"193412885","code":5122,"fclass":"residential","name":"Avenida Doutor Adaias M. Moreira","ref":null,"oneway":"B","maxspeed":0,"layer":0,"bridge":"F","tunnel":"F"},"geometry":{"type":"MultiLineString","coordinates":[[[-51.7241552,-19.1202757],[-51.724147,-19.1201466],[-51.7241069,-19.1193956],[-51.7240412,-19.118615],[-51.7240123,-19.1183812],[-51.7239346,-19.1178015],[-51.7238719,-19.1174071],[-51.7236896,-19.1164465]]]}},
{"type":"Feature","properties":{"osm_id":"193412886","code":5122,"fclass":"residential","name":"Rua Waldivino de Freitas","ref":null,"oneway":"B","maxspeed":0,"layer":0,"bridge":"F","tunnel":"F"},"geometry":{"type":"MultiLineString","coordinates":[[[-51.7273746,-19.1305801],[-51.7273837,-19.1301508],[-51.7274193,-19.1290187],[-51.7274833,-19.1279627],[-51.7275266,-19.1269316],[-51.7275616,-19.1259025],[-51.7276179,-19.1248519],[-51.7276541,-19.1237915],[-51.7277055,-19.1227469],[-51.7277569,-19.1217051],[-51.7278063,-19.1206612],[-51.7278548,-19.11955],[-51.7279216,-19.1183649]]]}},
{"type":"Feature","properties":{"osm_id":"193412887","code":5122,"fclass":"residential","name":"Rua Doroti Garcia do Carmo","ref":null,"oneway":"B","maxspeed":0,"layer":0,"bridge":"F","tunnel":"F"},"geometry":{"type":"MultiLineString","coordinates":[[[-51.7327684,-19.1045573],[-51.7336392,-19.1046052],[-51.7345358,-19.1046572],[-51.7354249,-19.1047075],[-51.7365572,-19.1047725],[-51.7378486,-19.1048446],[-51.738325,-19.1048714],[-51.7389569,-19.1049071],[-51.7400449,-19.1049686],[-51.7411546,-19.1050313],[-51.7425545,-19.1051105],[-51.7434363,-19.1051603]]]}},
{"type":"Feature","properties":{"osm_id":"193412888","code":5122,"fclass":"residential","name":"Rua Manoel Silva Castro","ref":null,"oneway":"B","maxspeed":0,"layer":0,"bridge":"F","tunnel":"F"},"geometry":{"type":"MultiLineString","coordinates":[[[-51.7327126,-19.1070943],[-51.7335876,-19.1071348],[-51.7344751,-19.1071894],[-51.7353892,-19.1072455],[-51.73625,-19.1072991],[-51.7377363,-19.107403],[-51.7388426,-19.1074906],[-51.7399225,-19.1075846],[-51.741046,-19.1076549],[-51.7421435,-19.1077265],[-51.7432601,-19.1077994],[-51.7450383,-19.1078989]]]}},
{"type":"Feature","properties":{"osm_id":"193412890","code":5122,"fclass":"residential","name":"Rua José Cristino Sobrinho","ref":null,"oneway":"B","maxspeed":0,"layer":0,"bridge":"F","tunnel":"F"},"geometry":{"type":"MultiLineString","coordinates":[[[-51.7289954,-19.111364],[-51.7298797,-19.1113947],[-51.7308109,-19.1114223],[-51.7317066,-19.1114594],[-51.7326161,-19.1114872],[-51.7337812,-19.1115226],[-51.7352915,-19.1115903],[-51.7364288,-19.1116373],[-51.7375481,-19.1116908],[-51.7386545,-19.1117442],[-51.7397797,-19.1117826],[-51.740867,-19.1118197],[-51.7419854,-19.1118579],[-51.7432844,-19.1119022]]]}},
{"type":"Feature","properties":{"osm_id":"193412891","code":5121,"fclass":"unclassified","name":null,"ref":null,"oneway":"B","maxspeed":0,"layer":0,"bridge":"F","tunnel":"F"},"geometry":{"type":"MultiLineString","coordinates":[[[-51.7066111,-19.1157694],[-51.7088605,-19.1178371],[-51.708971,-19.117875],[-51.7091318,-19.1178513],[-51.7106991,-19.1169495],[-51.7108498,-19.1169068],[-51.7110307,-19.116902],[-51.7125679,-19.1173529],[-51.7142759,-19.1166599],[-51.7154765,-19.1162138],[-51.715788,-19.1161283],[-51.717074,-19.1157818],[-51.7184153,-19.1155398]]]}},
{"type":"Feature","properties":{"osm_id":"193412892","code":5122,"fclass":"residential","name":"Rua Olimpio Dias dos Santos","ref":null,"oneway":"B","maxspeed":0,"layer":0,"bridge":"F","tunnel":"F"},"geometry":{"type":"MultiLineString","coordinates":[[[-51.7221099,-19.1246089],[-51.7232208,-19.1246579],[-51.7243269,-19.1247067],[-51.725401,-19.1247541],[-51.7258032,-19.1247719],[-51.7261735,-19.1247882],[-51.7265121,-19.1248031],[-51.7276179,-19.1248519],[-51.7281652,-19.1248761],[-51.7287103,-19.1249001],[-51.7293262,-19.1249273],[-51.7299272,-19.1249538],[-51.7304628,-19.1249774],[-51.731078,-19.1249742],[-51.731724,-19.1249961]]]}},
{"type":"Feature","properties":{"osm_id":"193412893","code":5122,"fclass":"residential","name":"Rua Martiniano José de Moura","ref":null,"oneway":"B","maxspeed":0,"layer":0,"bridge":"F","tunnel":"F"},"geometry":{"type":"MultiLineString","coordinates":[[[-51.7318459,-19.1053336],[-51.7327501,-19.1053885],[-51.7336229,-19.1054427],[-51.7340853,-19.1054716],[-51.73451,-19.1054982],[-51.735413,-19.1055547],[-51.736436,-19.1056258],[-51.73781,-19.1057226],[-51.738215,-19.1057587],[-51.7389174,-19.1057998],[-51.73994,-19.1058536],[-51.7411159,-19.1059045],[-51.7422295,-19.1059523],[-51.7424142,-19.1059625],[-51.7424765,-19.1059621]]]}},
{"type":"Feature","properties":{"osm_id":"193412894","code":5122,"fclass":"residential","name":"Rua Salvina Maria de Jesus","ref":null,"oneway":"B","maxspeed":0,"layer":0,"bridge":"F","tunnel":"F"},"geometry":{"type":"MultiLineString","coordinates":[[[-51.7208766,-19.1276829],[-51.7219461,-19.1277398],[-51.7225941,-19.1277711],[-51.7230514,-19.1277932],[-51.7241697,-19.1278524],[-51.724714,-19.1278777],[-51.7252791,-19.1279039],[-51.7258192,-19.127929],[-51.7263699,-19.1279533],[-51.726732,-19.1279702],[-51.7269205,-19.1279801],[-51.7274833,-19.1279627],[-51.728028,-19.1279751],[-51.7285706,-19.1279982],[-51.7291987,-19.1280435],[-51.7298225,-19.1280916],[-51.7303358,-19.1280946]]]}},
{"type":"Feature","properties":{"osm_id":"193412895","code":5122,"fclass":"residential","name":"Rua Antônio Paulino","ref":null,"oneway":"B","maxspeed":40,"layer":0,"bridge":"F","tunnel":"F"},"geometry":{"type":"MultiLineString","coordinates":[[[-51.7325016,-19.1170334],[-51.7325259,-19.1165993],[-51.7325264,-19.1155685],[-51.7325495,-19.1145187],[-51.7325732,-19.1134397],[-51.7325938,-19.112354],[-51.7326161,-19.1114872],[-51.732637,-19.1105364],[-51.7326563,-19.1096578],[-51.732682,-19.1084876],[-51.7326888,-19.1082747],[-51.7326935,-19.1079641],[-51.7327126,-19.1070943],[-51.7327315,-19.1062349],[-51.7327501,-19.1053885],[-51.7327684,-19.1045573]]]}},
{"type":"Feature","properties":{"osm_id":"193412896","code":5122,"fclass":"residential","name":"Rua José Tomaz de Andrade","ref":null,"oneway":"B","maxspeed":0,"layer":0,"bridge":"F","tunnel":"F"},"geometry":{"type":"MultiLineString","coordinates":[[[-51.720703,-19.1266253],[-51.7209304,-19.1266385],[-51.7220269,-19.1266906],[-51.7226761,-19.1267351],[-51.7231072,-19.1267554],[-51.7242222,-19.1267976],[-51.7247442,-19.1268188],[-51.7253219,-19.1268422],[-51.7258682,-19.1268644],[-51.7264177,-19.1268866],[-51.7269553,-19.1269084],[-51.7275266,-19.1269316],[-51.7280655,-19.1269534],[-51.7286149,-19.1269757],[-51.7292418,-19.1270011],[-51.7298542,-19.1270259],[-51.730384,-19.1270408],[-51.7306203,-19.1270408]]]}},
{"type":"Feature","properties":{"osm_id":"193412897","code":5122,"fclass":"residential","name":"Rua Teotonio Reis Costa","ref":null,"oneway":"B","maxspeed":40,"layer":0,"bridge":"F","tunnel":"F"},"geometry":{"type":"MultiLineString","coordinates":[[[-51.7399593,-19.1067146],[-51.7399225,-19.1075846],[-51.7398867,-19.1084303],[-51.7398539,-19.1092593],[-51.7398231,-19.1100821],[-51.7398155,-19.1102978],[-51.7398085,-19.110807],[-51.7397797,-19.1117826],[-51.7397297,-19.1127018],[-51.7396658,-19.1137567],[-51.7396158,-19.1148057],[-51.7395738,-19.1158597],[-51.739524,-19.1168893],[-51.7394883,-19.1179511],[-51.7394432,-19.1189964],[-51.7393978,-19.1200485],[-51.7393497,-19.1211377]]]}},
{"type":"Feature","properties":{"osm_id":"193412898","code":5122,"fclass":"residential","name":"Rua Sebastião Martins da Silva","ref":null,"oneway":"B","maxspeed":0,"layer":0,"bridge":"F","tunnel":"F"},"geometry":{"type":"MultiLineString","coordinates":[[[-51.7313096,-19.1260356],[-51.7310225,-19.1260261],[-51.7304243,-19.1260122],[-51.7298865,-19.1259879],[-51.7292816,-19.1259753],[-51.7286621,-19.1259478],[-51.7281085,-19.1259257],[-51.7275616,-19.1259025],[-51.727028,-19.12588],[-51.7264644,-19.1258561],[-51.7261235,-19.1258417],[-51.7259197,-19.1258331],[-51.7257525,-19.125826],[-51.725366,-19.1258097],[-51.7242737,-19.1257635],[-51.7231638,-19.125704],[-51.722055,-19.1256503],[-51.7209575,-19.1256021]]]}},
{"type":"Feature","properties":{"osm_id":"193412900","code":5122,"fclass":"residential","name":"Viela do Secador","ref":null,"oneway":"B","maxspeed":0,"layer":0,"bridge":"F","tunnel":"F"},"geometry":{"type":"MultiLineString","coordinates":[[[-51.738325,-19.1048714],[-51.738215,-19.1057587]]]}},
{"type":"Feature","properties":{"osm_id":"193412901","code":5122,"fclass":"residential","name":"Rua Izaura Francisca da Silva","ref":null,"oneway":"B","maxspeed":0,"layer":0,"bridge":"F","tunnel":"F"},"geometry":{"type":"MultiLineString","coordinates":[[[-51.747336,-19.106275],[-51.7466142,-19.1058964]]]}},
{"type":"Feature","properties":{"osm_id":"193412902","code":5122,"fclass":"residential","name":null,"ref":null,"oneway":"B","maxspeed":0,"layer":0,"bridge":"F","tunnel":"F"},"geometry":{"type":"MultiLineString","coordinates":[[[-51.7407267,-19.1207937],[-51.7408339,-19.1207058]]]}},
{"type":"Feature","properties":{"osm_id":"193412903","code":5122,"fclass":"residential","name":null,"ref":null,"oneway":"B","maxspeed":0,"layer":0,"bridge":"F","tunnel":"F"},"geometry":{"type":"MultiLineString","coordinates":[[[-51.7341986,-19.1020764],[-51.7341258,-19.1021223],[-51.7337392,-19.1024069]]]}},
{"type":"Feature","properties":{"osm_id":"193412904","code":5115,"fclass":"tertiary","name":"Avenida Delegado Jair Antônio Fainer","ref":null,"oneway":"F","maxspeed":0,"layer":0,"bridge":"F","tunnel":"F"},"geometry":{"type":"MultiLineString","coordinates":[[[-51.7494892,-19.1092039],[-51.7485931,-19.1087514],[-51.7482236,-19.1085617],[-51.7477884,-19.1083382]]]}},
{"type":"Feature","properties":{"osm_id":"193412905","code":5122,"fclass":"residential","name":null,"ref":null,"oneway":"B","maxspeed":0,"layer":0,"bridge":"F","tunnel":"F"},"geometry":{"type":"MultiLineString","coordinates":[[[-51.742224,-19.1062482],[-51.7423167,-19.1060981],[-51.7424142,-19.1059625]]]}},
{"type":"Feature","properties":{"osm_id":"193412906","code":5122,"fclass":"residential","name":"Rua Trajano B. Sandoval","ref":null,"oneway":"B","maxspeed":0,"layer":0,"bridge":"F","tunnel":"F"},"geometry":{"type":"MultiLineString","coordinates":[[[-51.7227859,-19.116962],[-51.7224811,-19.1164468]]]}},
{"type":"Feature","properties":{"osm_id":"193412907","code":5122,"fclass":"residential","name":null,"ref":null,"oneway":"B","maxspeed":0,"layer":0,"bridge":"F","tunnel":"F"},"geometry":{"type":"MultiLineString","coordinates":[[[-51.7408484,-19.1032777],[-51.7408829,-19.1025795]]]}},
{"type":"Feature","properties":{"osm_id":"193412908","code":5122,"fclass":"residential","name":"Rua Acyr Sabino Cruvinel","ref":null,"oneway":"B","maxspeed":0,"layer":0,"bridge":"F","tunnel":"F"},"geometry":{"type":"MultiLineString","coordinates":[[[-51.7274755,-19.1182102],[-51.7269497,-19.1175814]]]}},
{"type":"Feature","properties":{"osm_id":"193412909","code":5122,"fclass":"residential","name":null,"ref":null,"oneway":"B","maxspeed":0,"layer":0,"bridge":"F","tunnel":"F"},"geometry":{"type":"MultiLineString","coordinates":[[[-51.7333013,-19.1001805],[-51.7339441,-19.1000032]]]}},
{"type":"Feature","properties":{"osm_id":"193412910","code":5122,"fclass":"residential","name":null,"ref":null,"oneway":"F","maxspeed":0,"layer":0,"bridge":"F","tunnel":"F"},"geometry":{"type":"MultiLineString","coordinates":[[[-51.7240947,-19.1208839],[-51.724459,-19.1208022]]]}},
{"type":"Feature","properties":{"osm_id":"193412911","code":5122,"fclass":"residential","name":null,"ref":null,"oneway":"B","maxspeed":0,"layer":0,"bridge":"F","tunnel":"F"},"geometry":{"type":"MultiLineString","coordinates":[[[-51.7323994,-19.1007484],[-51.7327851,-19.1004756]]]}},
{"type":"Feature","properties":{"osm_id":"193412912","code":5122,"fclass":"residential","name":null,"ref":null,"oneway":"B","maxspeed":0,"layer":0,"bridge":"F","tunnel":"F"},"geometry":{"type":"MultiLineString","coordinates":[[[-51.7237981,-19.1159873],[-51.7236147,-19.1160517]]]}},
{"type":"Feature","properties":{"osm_id":"193412913","code":5122,"fclass":"residential","name":null,"ref":null,"oneway":"B","maxspeed":0,"layer":0,"bridge":"F","tunnel":"F"},"geometry":{"type":"MultiLineString","coordinates":[[[-51.7243044,-19.1203475],[-51.7246954,-19.1208426]]]}},
{"type":"Feature","properties":{"osm_id":"193412914","code":5122,"fclass":"residential","name":null,"ref":null,"oneway":"B","maxspeed":0,"layer":0,"bridge":"F","tunnel":"F"},"geometry":{"type":"MultiLineString","coordinates":[[[-51.7233337,-19.122073],[-51.7222071,-19.122972]]]}},
{"type":"Feature","properties":{"osm_id":"193412915","code":5122,"fclass":"residential","name":"Rua Antônio Martins de Assis","ref":null,"oneway":"B","maxspeed":0,"layer":0,"bridge":"F","tunnel":"F"},"geometry":{"type":"MultiLineString","coordinates":[[[-51.7374908,-19.1235839],[-51.7375613,-19.1224538]]]}},
{"type":"Feature","properties":{"osm_id":"193412916","code":5122,"fclass":"residential","name":"Rua Selina N de Jesus","ref":null,"oneway":"B","maxspeed":0,"layer":0,"bridge":"F","tunnel":"F"},"geometry":{"type":"MultiLineString","coordinates":[[[-51.7366999,-19.1222699],[-51.7370968,-19.1219733]]]}},
{"type":"Feature","properties":{"osm_id":"193412917","code":5122,"fclass":"residential","name":"Viela do Secador","ref":null,"oneway":"B","maxspeed":0,"layer":0,"bridge":"F","tunnel":"F"},"geometry":{"type":"MultiLineString","coordinates":[[[-51.7381122,-19.1065868],[-51.738215,-19.1057587]]]}},
{"type":"Feature","properties":{"osm_id":"193412918","code":5122,"fclass":"residential","name":"Rua José Pereira da Silva","ref":null,"oneway":"B","maxspeed":0,"layer":0,"bridge":"F","tunnel":"F"},"geometry":{"type":"MultiLineString","coordinates":[[[-51.7246749,-19.1126125],[-51.7248753,-19.1129824],[-51.7253661,-19.1137242]]]}},
{"type":"Feature","properties":{"osm_id":"193412919","code":5122,"fclass":"residential","name":"Rua Célio R Sayar","ref":null,"oneway":"B","maxspeed":0,"layer":0,"bridge":"F","tunnel":"F"},"geometry":{"type":"MultiLineString","coordinates":[[[-51.7384134,-19.1220432],[-51.7393724,-19.1211566]]]}},
{"type":"Feature","properties":{"osm_id":"193412920","code":5122,"fclass":"residential","name":"Rua Orenci T. da Maia","ref":null,"oneway":"B","maxspeed":0,"layer":0,"bridge":"F","tunnel":"F"},"geometry":{"type":"MultiLineString","coordinates":[[[-51.7378481,-19.1220951],[-51.7383587,-19.1226347]]]}},
{"type":"Feature","properties":{"osm_id":"193412921","code":5122,"fclass":"residential","name":"Rua João C da Silva","ref":null,"oneway":"B","maxspeed":40,"layer":0,"bridge":"F","tunnel":"F"},"geometry":{"type":"MultiLineString","coordinates":[[[-51.7401779,-19.1190228],[-51.7405768,-19.117986],[-51.7406219,-19.1169297],[-51.7406657,-19.1159046],[-51.740717,-19.1148532],[-51.7407718,-19.1138203],[-51.7408169,-19.1127732],[-51.740867,-19.1118197],[-51.7409087,-19.1108406],[-51.7409387,-19.1104636],[-51.7409401,-19.1102501],[-51.7409755,-19.1093402],[-51.741009,-19.1085064],[-51.741046,-19.1076549],[-51.7410835,-19.1067924],[-51.7411159,-19.1059045],[-51.7411546,-19.1050313],[-51.7411939,-19.1041536]]]}},
{"type":"Feature","properties":{"osm_id":"193412922","code":5122,"fclass":"residential","name":"Rua do Campinho","ref":null,"oneway":"B","maxspeed":0,"layer":0,"bridge":"F","tunnel":"F"},"geometry":{"type":"MultiLineString","coordinates":[[[-51.7257525,-19.125826],[-51.7258032,-19.1247719]]]}},
{"type":"Feature","properties":{"osm_id":"193412923","code":5121,"fclass":"unclassified","name":null,"ref":null,"oneway":"B","maxspeed":0,"layer":0,"bridge":"F","tunnel":"F"},"geometry":{"type":"MultiLineString","coordinates":[[[-51.7095419,-19.105723],[-51.7105046,-19.1055316],[-51.710783,-19.1054927],[-51.7109166,-19.1055048],[-51.7109983,-19.1055283],[-51.7110729,-19.1055786],[-51.7113819,-19.1060351],[-51.711453,-19.1060653],[-51.7115134,-19.1060586],[-51.7125222,-19.1056592],[-51.7126146,-19.105676],[-51.7126607,-19.1057162],[-51.7128525,-19.1061492],[-51.7131261,-19.1066393],[-51.7160921,-19.1134911],[-51.7161667,-19.1135549],[-51.7162555,-19.1135717],[-51.7181005,-19.1131454],[-51.7182035,-19.1131596],[-51.7182688,-19.1132071],[-51.7184153,-19.1155398]]]}},
{"type":"Feature","properties":{"osm_id":"193412924","code":5122,"fclass":"residential","name":"Avenida Roberto Silveira de Brito","ref":null,"oneway":"B","maxspeed":0,"layer":0,"bridge":"F","tunnel":"F"},"geometry":{"type":"MultiLineString","coordinates":[[[-51.7197977,-19.1193423],[-51.719935,-19.1193826],[-51.7202277,-19.1194684],[-51.7204053,-19.119517],[-51.7207845,-19.1196209],[-51.7211035,-19.1197015],[-51.7215065,-19.1197201],[-51.7219801,-19.1197609],[-51.7222289,-19.1197658],[-51.7223418,-19.119768],[-51.7224706,-19.1197979],[-51.722608,-19.1198297],[-51.722819,-19.1198914],[-51.7232611,-19.1200813],[-51.7238486,-19.1202258]]]}},
{"type":"Feature","properties":{"osm_id":"193412925","code":5122,"fclass":"residential","name":"Rua Joaquim Rodrigues de Carvalho","ref":null,"oneway":"B","maxspeed":0,"layer":0,"bridge":"F","tunnel":"F"},"geometry":{"type":"MultiLineString","coordinates":[[[-51.7226831,-19.1146215],[-51.722864,-19.1150833],[-51.7232792,-19.1161687]]]}},
{"type":"Feature","properties":{"osm_id":"193412926","code":5122,"fclass":"residential","name":null,"ref":null,"oneway":"B","maxspeed":0,"layer":0,"bridge":"F","tunnel":"F"},"geometry":{"type":"MultiLineString","coordinates":[[[-51.7401117,-19.1201514],[-51.7401607,-19.1201007],[-51.7402046,-19.1200573]]]}},
{"type":"Feature","properties":{"osm_id":"193412927","code":5122,"fclass":"residential","name":null,"ref":null,"oneway":"B","maxspeed":0,"layer":0,"bridge":"F","tunnel":"F"},"geometry":{"type":"MultiLineString","coordinates":[[[-51.7190134,-19.1172064],[-51.7195987,-19.1169777],[-51.7200618,-19.1168249],[-51.7202788,-19.1167717],[-51.721093,-19.1165778]]]}},
{"type":"Feature","properties":{"osm_id":"193412928","code":5122,"fclass":"residential","name":"Rua Thomé Fernandes de Assis","ref":null,"oneway":"B","maxspeed":0,"layer":0,"bridge":"F","tunnel":"F"},"geometry":{"type":"MultiLineString","coordinates":[[[-51.7310853,-19.121853],[-51.7310582,-19.1223497],[-51.7310379,-19.1228753],[-51.7311533,-19.1231905],[-51.7311306,-19.1236584],[-51.7311255,-19.1239392],[-51.731078,-19.1249742],[-51.7310225,-19.1260261],[-51.7310066,-19.1264919]]]}},
{"type":"Feature","properties":{"osm_id":"193412929","code":5122,"fclass":"residential","name":"Rua Aracy Paulino Borges","ref":null,"oneway":"B","maxspeed":0,"layer":0,"bridge":"F","tunnel":"F"},"geometry":{"type":"MultiLineString","coordinates":[[[-51.7486022,-19.1069015],[-51.7494285,-19.1073328],[-51.7503836,-19.1078585]]]}},
{"type":"Feature","properties":{"osm_id":"193412930","code":5122,"fclass":"residential","name":null,"ref":null,"oneway":"B","maxspeed":0,"layer":0,"bridge":"F","tunnel":"F"},"geometry":{"type":"MultiLineString","coordinates":[[[-51.7247442,-19.1268188],[-51.724714,-19.1278777],[-51.7246704,-19.1289313]]]}},
{"type":"Feature","properties":{"osm_id":"193412931","code":5122,"fclass":"residential","name":"Rua Renato de Freitas","ref":null,"oneway":"B","maxspeed":0,"layer":0,"bridge":"F","tunnel":"F"},"geometry":{"type":"MultiLineString","coordinates":[[[-51.7288523,-19.1176708],[-51.7285571,-19.1173411],[-51.7280339,-19.1167257]]]}},
{"type":"Feature","properties":{"osm_id":"193412932","code":5122,"fclass":"residential","name":"Rua Antônio Paulino","ref":null,"oneway":"B","maxspeed":0,"layer":0,"bridge":"F","tunnel":"F"},"geometry":{"type":"MultiLineString","coordinates":[[[-51.7327684,-19.1045573],[-51.7330081,-19.1037356],[-51.7330181,-19.1037067],[-51.7335478,-19.10217]]]}},
{"type":"Feature","properties":{"osm_id":"193412933","code":5122,"fclass":"residential","name":"Rua Dois","ref":null,"oneway":"B","maxspeed":0,"layer":0,"bridge":"F","tunnel":"F"},"geometry":{"type":"MultiLineString","coordinates":[[[-51.7386966,-19.1223252],[-51.7384134,-19.1220432],[-51.7381892,-19.1217767]]]}},
{"type":"Feature","properties":{"osm_id":"193412934","code":5115,"fclass":"tertiary","name":"Avenida Delegado Jair Antônio Fainer","ref":null,"oneway":"F","maxspeed":0,"layer":0,"bridge":"F","tunnel":"F"},"geometry":{"type":"MultiLineString","coordinates":[[[-51.745561,-19.1070865],[-51.7469125,-19.1077727],[-51.7478315,-19.1082621]]]}},
{"type":"Feature","properties":{"osm_id":"193412935","code":5122,"fclass":"residential","name":"Rua Antônio Inocêncio de Lima","ref":null,"oneway":"B","maxspeed":0,"layer":0,"bridge":"F","tunnel":"F"},"geometry":{"type":"MultiLineString","coordinates":[[[-51.7193543,-19.121703],[-51.7189419,-19.1209953],[-51.7184184,-19.120097]]]}},
{"type":"Feature","properties":{"osm_id":"193412936","code":5122,"fclass":"residential","name":"Rua Severino Ivo Aureliano","ref":null,"oneway":"B","maxspeed":0,"layer":0,"bridge":"F","tunnel":"F"},"geometry":{"type":"MultiLineString","coordinates":[[[-51.7333013,-19.1001805],[-51.733893,-19.1009041],[-51.7348235,-19.1020394],[-51.7350826,-19.1023667]]]}},
{"type":"Feature","properties":{"osm_id":"193412937","code":5122,"fclass":"residential","name":"Rua Ivanor R da Silva","ref":null,"oneway":"B","maxspeed":0,"layer":0,"bridge":"F","tunnel":"F"},"geometry":{"type":"MultiLineString","coordinates":[[[-51.7284048,-19.116433],[-51.728944,-19.1170496],[-51.7292319,-19.1173704]]]}},
{"type":"Feature","properties":{"osm_id":"193412938","code":5122,"fclass":"residential","name":"Rua Ordezino Apolinário Rodrigues","ref":null,"oneway":"B","maxspeed":0,"layer":0,"bridge":"F","tunnel":"F"},"geometry":{"type":"MultiLineString","coordinates":[[[-51.7242122,-19.1132208],[-51.7244008,-19.1140137],[-51.7248105,-19.1144702],[-51.7253907,-19.1151112]]]}},
{"type":"Feature","properties":{"osm_id":"193412939","code":5122,"fclass":"residential","name":"Rua José Salviano Soares","ref":null,"oneway":"B","maxspeed":0,"layer":0,"bridge":"F","tunnel":"F"},"geometry":{"type":"MultiLineString","coordinates":[[[-51.7220603,-19.1165935],[-51.7216353,-19.1154871],[-51.7214749,-19.1150268]]]}},
{"type":"Feature","properties":{"osm_id":"193412940","code":5122,"fclass":"residential","name":"Rua Braulino Francisco de Jesus","ref":null,"oneway":"B","maxspeed":0,"layer":0,"bridge":"F","tunnel":"F"},"geometry":{"type":"MultiLineString","coordinates":[[[-51.7180495,-19.1203095],[-51.7185704,-19.1211865],[-51.7190045,-19.1219172]]]}},
{"type":"Feature","properties":{"osm_id":"193412941","code":5122,"fclass":"residential","name":"Rua Horozimbo Elias Selva","ref":null,"oneway":"B","maxspeed":0,"layer":0,"bridge":"F","tunnel":"F"},"geometry":{"type":"MultiLineString","coordinates":[[[-51.7470889,-19.106723],[-51.747336,-19.106275],[-51.7476183,-19.1058111]]]}},
{"type":"Feature","properties":{"osm_id":"193412942","code":5122,"fclass":"residential","name":"Rua F","ref":null,"oneway":"B","maxspeed":0,"layer":0,"bridge":"F","tunnel":"F"},"geometry":{"type":"MultiLineString","coordinates":[[[-51.7187987,-19.119878],[-51.7193257,-19.1207978],[-51.719717,-19.1214808]]]}},
{"type":"Feature","properties":{"osm_id":"193412943","code":5122,"fclass":"residential","name":"Rua Iliu Resende e Silva","ref":null,"oneway":"B","maxspeed":0,"layer":0,"bridge":"F","tunnel":"F"},"geometry":{"type":"MultiLineString","coordinates":[[[-51.7460523,-19.104987],[-51.7447718,-19.1064553],[-51.7443748,-19.1070059]]]}},
{"type":"Feature","properties":{"osm_id":"193412944","code":5122,"fclass":"residential","name":null,"ref":null,"oneway":"B","maxspeed":0,"layer":0,"bridge":"F","tunnel":"F"},"geometry":{"type":"MultiLineString","coordinates":[[[-51.7200265,-19.1177457],[-51.7203932,-19.1183422],[-51.7209543,-19.1192011]]]}},
{"type":"Feature","properties":{"osm_id":"193412945","code":5122,"fclass":"residential","name":"Rua Trajano B. Sandoval","ref":null,"oneway":"B","maxspeed":0,"layer":0,"bridge":"F","tunnel":"F"},"geometry":{"type":"MultiLineString","coordinates":[[[-51.7218972,-19.1148844],[-51.7220771,-19.1153419],[-51.7224811,-19.1164468]]]}},
{"type":"Feature","properties":{"osm_id":"193412946","code":5122,"fclass":"residential","name":"Rua José Candido da Silva","ref":null,"oneway":"B","maxspeed":0,"layer":0,"bridge":"F","tunnel":"F"},"geometry":{"type":"MultiLineString","coordinates":[[[-51.7276722,-19.1170112],[-51.7282128,-19.1176141],[-51.7284857,-19.1179314]]]}},
{"type":"Feature","properties":{"osm_id":"193412947","code":5122,"fclass":"residential","name":"Rua Nestor A Barbosa","ref":null,"oneway":"B","maxspeed":0,"layer":0,"bridge":"F","tunnel":"F"},"geometry":{"type":"MultiLineString","coordinates":[[[-51.7387593,-19.1093747],[-51.7376541,-19.1092766],[-51.736572,-19.1092002]]]}},
{"type":"Feature","properties":{"osm_id":"193412948","code":5122,"fclass":"residential","name":"Rua Odílio Ferreira dos Santos","ref":null,"oneway":"B","maxspeed":0,"layer":0,"bridge":"F","tunnel":"F"},"geometry":{"type":"MultiLineString","coordinates":[[[-51.7215065,-19.1197201],[-51.721439,-19.1193375],[-51.7212401,-19.1189415],[-51.7207254,-19.1181511],[-51.7203805,-19.1176426],[-51.7201673,-19.1171694],[-51.7200618,-19.1168249]]]}},
{"type":"Feature","properties":{"osm_id":"193412949","code":5122,"fclass":"residential","name":"Rua Romas L. de Freitas","ref":null,"oneway":"B","maxspeed":0,"layer":0,"bridge":"F","tunnel":"F"},"geometry":{"type":"MultiLineString","coordinates":[[[-51.737216,-19.1220966],[-51.7377393,-19.1216263]]]}},
{"type":"Feature","properties":{"osm_id":"193412950","code":5122,"fclass":"residential","name":"Avenida Josué Andrade de Vasconcelhos","ref":null,"oneway":"B","maxspeed":0,"layer":0,"bridge":"F","tunnel":"F"},"geometry":{"type":"MultiLineString","coordinates":[[[-51.7215715,-19.1185428],[-51.7211516,-19.1179061],[-51.7208955,-19.1174916],[-51.7208316,-19.1172835],[-51.7207556,-19.1170359]]]}},
{"type":"Feature","properties":{"osm_id":"193412951","code":5122,"fclass":"residential","name":"Rua João Garcia Campos","ref":null,"oneway":"B","maxspeed":0,"layer":0,"bridge":"F","tunnel":"F"},"geometry":{"type":"MultiLineString","coordinates":[[[-51.7187613,-19.1176138],[-51.7192412,-19.118954],[-51.7194433,-19.1195068]]]}},
{"type":"Feature","properties":{"osm_id":"193412952","code":5122,"fclass":"residential","name":"Rua João dos Santos Leal","ref":null,"oneway":"B","maxspeed":0,"layer":0,"bridge":"F","tunnel":"F"},"geometry":{"type":"MultiLineString","coordinates":[[[-51.7228728,-19.1163103],[-51.7224693,-19.115213],[-51.7222989,-19.11475]]]}},
{"type":"Feature","properties":{"osm_id":"193412953","code":5122,"fclass":"residential","name":"Rua João de Camargo Dias","ref":null,"oneway":"B","maxspeed":0,"layer":0,"bridge":"F","tunnel":"F"},"geometry":{"type":"MultiLineString","coordinates":[[[-51.7201673,-19.1171694],[-51.7207556,-19.1170359],[-51.7212096,-19.11689]]]}},
{"type":"Feature","properties":{"osm_id":"193412954","code":5122,"fclass":"residential","name":"Rua João Garcia de Queiroz","ref":null,"oneway":"B","maxspeed":0,"layer":0,"bridge":"F","tunnel":"F"},"geometry":{"type":"MultiLineString","coordinates":[[[-51.7180635,-19.1177832],[-51.7185297,-19.1191841],[-51.7187987,-19.119878]]]}},
{"type":"Feature","properties":{"osm_id":"193412955","code":5122,"fclass":"residential","name":"Rua Antônio Vaz Leonel","ref":null,"oneway":"B","maxspeed":0,"layer":0,"bridge":"F","tunnel":"F"},"geometry":{"type":"MultiLineString","coordinates":[[[-51.7306957,-19.1162423],[-51.7302574,-19.11572],[-51.729649,-19.1149331]]]}},
{"type":"Feature","properties":{"osm_id":"193412956","code":5122,"fclass":"residential","name":"Rua São José","ref":null,"oneway":"B","maxspeed":0,"layer":0,"bridge":"F","tunnel":"F"},"geometry":{"type":"MultiLineString","coordinates":[[[-51.7417638,-19.1027003],[-51.7417326,-19.103324],[-51.7416924,-19.1041834]]]}},
{"type":"Feature","properties":{"osm_id":"193412957","code":5122,"fclass":"residential","name":null,"ref":null,"oneway":"B","maxspeed":0,"layer":0,"bridge":"F","tunnel":"F"},"geometry":{"type":"MultiLineString","coordinates":[[[-51.7212401,-19.1189415],[-51.7209543,-19.1192011],[-51.7206351,-19.119387]]]}},
{"type":"Feature","properties":{"osm_id":"193412958","code":5122,"fclass":"residential","name":"Rua Antônio Pereira Camargo","ref":null,"oneway":"B","maxspeed":0,"layer":0,"bridge":"F","tunnel":"F"},"geometry":{"type":"MultiLineString","coordinates":[[[-51.7306862,-19.11539],[-51.7302574,-19.11572],[-51.7297238,-19.1161022]]]}},
{"type":"Feature","properties":{"osm_id":"193412959","code":5122,"fclass":"residential","name":null,"ref":null,"oneway":"B","maxspeed":0,"layer":0,"bridge":"F","tunnel":"F"},"geometry":{"type":"MultiLineString","coordinates":[[[-51.7200567,-19.1159457],[-51.7201761,-19.1163897],[-51.7202788,-19.1167717]]]}},
{"type":"Feature","properties":{"osm_id":"193412960","code":5122,"fclass":"residential","name":null,"ref":null,"oneway":"F","maxspeed":0,"layer":0,"bridge":"F","tunnel":"F"},"geometry":{"type":"MultiLineString","coordinates":[[[-51.7267346,-19.1197208],[-51.7267341,-19.1199042],[-51.7266158,-19.1198006]]]}},
{"type":"Feature","properties":{"osm_id":"193412961","code":5115,"fclass":"tertiary","name":"Avenida Delegado Jair Antônio Fainer","ref":null,"oneway":"F","maxspeed":0,"layer":0,"bridge":"F","tunnel":"F"},"geometry":{"type":"MultiLineString","coordinates":[[[-51.7477884,-19.1083382],[-51.746867,-19.1078545],[-51.7457642,-19.1072932],[-51.7455259,-19.1071688]]]}},
{"type":"Feature","properties":{"osm_id":"193412962","code":5122,"fclass":"residential","name":"Rua Doroti Garcia do Carmo","ref":null,"oneway":"B","maxspeed":0,"layer":0,"bridge":"F","tunnel":"F"},"geometry":{"type":"MultiLineString","coordinates":[[[-51.7444174,-19.1056435],[-51.7439801,-19.1052771],[-51.7438608,-19.1052179],[-51.7437557,-19.1051789],[-51.7434363,-19.1051603]]]}},
{"type":"Feature","properties":{"osm_id":"193412963","code":5122,"fclass":"residential","name":"Rua José Batista Dias","ref":null,"oneway":"B","maxspeed":0,"layer":0,"bridge":"F","tunnel":"F"},"geometry":{"type":"MultiLineString","coordinates":[[[-51.7318253,-19.1061861],[-51.7318459,-19.1053336],[-51.7317494,-19.104839],[-51.7317644,-19.1046952],[-51.7319184,-19.104319]]]}},
{"type":"Feature","properties":{"osm_id":"193412964","code":5122,"fclass":"residential","name":"Avenida José C. Freitas","ref":null,"oneway":"F","maxspeed":0,"layer":0,"bridge":"F","tunnel":"F"},"geometry":{"type":"MultiLineString","coordinates":[[[-51.7399151,-19.1197457],[-51.7402046,-19.1200573],[-51.7408339,-19.1207058],[-51.741465,-19.1213553]]]}},
{"type":"Feature","properties":{"osm_id":"193412965","code":5122,"fclass":"residential","name":"Rua Egydio Augusto da Silva","ref":null,"oneway":"B","maxspeed":40,"layer":0,"bridge":"F","tunnel":"F"},"geometry":{"type":"MultiLineString","coordinates":[[[-51.7323994,-19.1007484],[-51.7330232,-19.1015079],[-51.7335478,-19.10217],[-51.7337392,-19.1024069],[-51.7337689,-19.1024437],[-51.7340197,-19.1027542]]]}},
{"type":"Feature","properties":{"osm_id":"193412966","code":5122,"fclass":"residential","name":"Rua Cristino Leonel da Silva","ref":null,"oneway":"B","maxspeed":40,"layer":0,"bridge":"F","tunnel":"F"},"geometry":{"type":"MultiLineString","coordinates":[[[-51.7339441,-19.1000032],[-51.7343597,-19.1005801],[-51.7350569,-19.1014962],[-51.7350943,-19.1015454],[-51.7352356,-19.101731],[-51.7352553,-19.1017569],[-51.7354181,-19.1019666],[-51.7356716,-19.102293],[-51.7358126,-19.1024841],[-51.7361512,-19.102943]]]}},
{"type":"Feature","properties":{"osm_id":"193412967","code":5122,"fclass":"residential","name":"Rua Isaias Nogueira","ref":null,"oneway":"B","maxspeed":40,"layer":0,"bridge":"F","tunnel":"F"},"geometry":{"type":"MultiLineString","coordinates":[[[-51.7334633,-19.1187646],[-51.7329991,-19.1187439],[-51.7328364,-19.1187364],[-51.732663,-19.118729],[-51.7323115,-19.1187133],[-51.7312399,-19.1186708],[-51.7301318,-19.1186269],[-51.7290094,-19.1185824]]]}},
{"type":"Feature","properties":{"osm_id":"193412968","code":5122,"fclass":"residential","name":null,"ref":null,"oneway":"B","maxspeed":0,"layer":0,"bridge":"F","tunnel":"F"},"geometry":{"type":"MultiLineString","coordinates":[[[-51.719935,-19.1193826],[-51.7201132,-19.1192888]]]}},
{"type":"Feature","properties":{"osm_id":"193412969","code":5122,"fclass":"residential","name":"Rua Pedro Gomes de Araujo","ref":null,"oneway":"B","maxspeed":0,"layer":0,"bridge":"F","tunnel":"F"},"geometry":{"type":"MultiLineString","coordinates":[[[-51.7213731,-19.1160848],[-51.7209538,-19.1162054],[-51.7201761,-19.1163897],[-51.7194374,-19.1165649]]]}},
{"type":"Feature","properties":{"osm_id":"193412970","code":5122,"fclass":"residential","name":"Rua Wilton Balbino","ref":null,"oneway":"B","maxspeed":40,"layer":0,"bridge":"F","tunnel":"F"},"geometry":{"type":"MultiLineString","coordinates":[[[-51.7330232,-19.1015079],[-51.7334223,-19.1012308],[-51.7334877,-19.1011854],[-51.733893,-19.1009041],[-51.7343597,-19.1005801],[-51.7347848,-19.1002851]]]}},
{"type":"Feature","properties":{"osm_id":"193412971","code":5122,"fclass":"residential","name":null,"ref":null,"oneway":"B","maxspeed":0,"layer":0,"bridge":"F","tunnel":"F"},"geometry":{"type":"MultiLineString","coordinates":[[[-51.7474327,-19.1068824],[-51.747171,-19.1073083],[-51.7469125,-19.1077727],[-51.746867,-19.1078545]]]}},
{"type":"Feature","properties":{"osm_id":"193412972","code":5122,"fclass":"residential","name":null,"ref":null,"oneway":"B","maxspeed":0,"layer":0,"bridge":"F","tunnel":"F"},"geometry":{"type":"MultiLineString","coordinates":[[[-51.7318043,-19.1218668],[-51.7317848,-19.121866],[-51.7317336,-19.1218649],[-51.7310853,-19.121853]]]}},
{"type":"Feature","properties":{"osm_id":"193412973","code":5122,"fclass":"residential","name":"Rua Sebastiana Alves de Souza","ref":null,"oneway":"B","maxspeed":0,"layer":0,"bridge":"F","tunnel":"F"},"geometry":{"type":"MultiLineString","coordinates":[[[-51.7496492,-19.1069396],[-51.7494285,-19.1073328],[-51.7491669,-19.1077989],[-51.7489182,-19.108242],[-51.7486419,-19.108675],[-51.7485931,-19.1087514]]]}},
{"type":"Feature","properties":{"osm_id":"193412974","code":5122,"fclass":"residential","name":"Avenida Samir M. Alawi","ref":null,"oneway":"F","maxspeed":0,"layer":0,"bridge":"F","tunnel":"F"},"geometry":{"type":"MultiLineString","coordinates":[[[-51.7413199,-19.1220952],[-51.7409933,-19.1228704],[-51.7406608,-19.1236602]]]}},
{"type":"Feature","properties":{"osm_id":"193412975","code":5122,"fclass":"residential","name":"Avenida Samir M. Alawi","ref":null,"oneway":"F","maxspeed":0,"layer":0,"bridge":"F","tunnel":"F"},"geometry":{"type":"MultiLineString","coordinates":[[[-51.7404848,-19.1236988],[-51.7408165,-19.1229118],[-51.7411442,-19.1221343]]]}},
{"type":"Feature","properties":{"osm_id":"193412976","code":5122,"fclass":"residential","name":"Rua João N. Silva","ref":null,"oneway":"B","maxspeed":0,"layer":0,"bridge":"F","tunnel":"F"},"geometry":{"type":"MultiLineString","coordinates":[[[-51.7401117,-19.1201514],[-51.7400908,-19.1202053],[-51.7400842,-19.1202501],[-51.7403958,-19.1215981],[-51.7405622,-19.1222639]]]}},
{"type":"Feature","properties":{"osm_id":"193412977","code":5122,"fclass":"residential","name":"Rua Aurora Angelucci","ref":null,"oneway":"B","maxspeed":0,"layer":0,"bridge":"F","tunnel":"F"},"geometry":{"type":"MultiLineString","coordinates":[[[-51.721023,-19.1151474],[-51.7212036,-19.115629],[-51.7213731,-19.1160848],[-51.7216195,-19.1167472]]]}},
{"type":"Feature","properties":{"osm_id":"193412979","code":5122,"fclass":"residential","name":"Rua Enedina Barbosa Queiroz","ref":null,"oneway":"B","maxspeed":0,"layer":0,"bridge":"F","tunnel":"F"},"geometry":{"type":"MultiLineString","coordinates":[[[-51.7396478,-19.1238847],[-51.7394802,-19.1232177],[-51.7393103,-19.1225426],[-51.7391508,-19.1219091]]]}},
{"type":"Feature","properties":{"osm_id":"193412980","code":5122,"fclass":"residential","name":"Rua Santo Antônio","ref":null,"oneway":"B","maxspeed":0,"layer":0,"bridge":"F","tunnel":"F"},"geometry":{"type":"MultiLineString","coordinates":[[[-51.7426361,-19.1033712],[-51.7425945,-19.1042373],[-51.7425545,-19.1051105],[-51.7424765,-19.1059621]]]}},
{"type":"Feature","properties":{"osm_id":"193412981","code":5122,"fclass":"residential","name":"Rua Vanderlan Lima","ref":null,"oneway":"B","maxspeed":40,"layer":0,"bridge":"F","tunnel":"F"},"geometry":{"type":"MultiLineString","coordinates":[[[-51.736508,-19.1009104],[-51.7360927,-19.1011762],[-51.7356892,-19.1014561],[-51.7352553,-19.1017569],[-51.7349164,-19.1019786],[-51.7348235,-19.1020394],[-51.7347401,-19.1021332],[-51.7346792,-19.1022016],[-51.7345852,-19.1023072]]]}},
{"type":"Feature","properties":{"osm_id":"193412982","code":5122,"fclass":"residential","name":"Rua Sebastião Candido Barbosa","ref":null,"oneway":"B","maxspeed":0,"layer":0,"bridge":"F","tunnel":"F"},"geometry":{"type":"MultiLineString","coordinates":[[[-51.7291987,-19.1280435],[-51.7292418,-19.1270011],[-51.7292816,-19.1259753],[-51.7293262,-19.1249273]]]}},
{"type":"Feature","properties":{"osm_id":"193412983","code":5122,"fclass":"residential","name":"Rua Apolonio C. de Oliveira","ref":null,"oneway":"B","maxspeed":0,"layer":0,"bridge":"F","tunnel":"F"},"geometry":{"type":"MultiLineString","coordinates":[[[-51.7416227,-19.1213196],[-51.7417849,-19.1219917],[-51.7418681,-19.1223344],[-51.741947,-19.1226592],[-51.7421147,-19.123338]]]}},
{"type":"Feature","properties":{"osm_id":"193412984","code":5122,"fclass":"residential","name":"Rua Orlando Malta","ref":null,"oneway":"B","maxspeed":0,"layer":0,"bridge":"F","tunnel":"F"},"geometry":{"type":"MultiLineString","coordinates":[[[-51.7289801,-19.1122178],[-51.7289954,-19.111364],[-51.7290117,-19.1108456],[-51.729008,-19.1104729],[-51.7290088,-19.1094602]]]}},
{"type":"Feature","properties":{"osm_id":"193412985","code":5122,"fclass":"residential","name":"Rua Luis Machado","ref":null,"oneway":"B","maxspeed":0,"layer":0,"bridge":"F","tunnel":"F"},"geometry":{"type":"MultiLineString","coordinates":[[[-51.7425481,-19.1198118],[-51.7428467,-19.1210417],[-51.7430357,-19.121713],[-51.7432227,-19.1223769],[-51.7434123,-19.1230504]]]}},
{"type":"Feature","properties":{"osm_id":"193412986","code":5122,"fclass":"residential","name":"Rua das Flôres","ref":null,"oneway":"B","maxspeed":0,"layer":0,"bridge":"F","tunnel":"F"},"geometry":{"type":"MultiLineString","coordinates":[[[-51.7203805,-19.1176426],[-51.7200265,-19.1177457],[-51.7199094,-19.1177798],[-51.7197233,-19.1178339],[-51.7196412,-19.1178838],[-51.7193621,-19.1180391]]]}},
{"type":"Feature","properties":{"osm_id":"193412987","code":5122,"fclass":"residential","name":"Rua Wanderlei de Carvalho","ref":null,"oneway":"B","maxspeed":0,"layer":0,"bridge":"F","tunnel":"F"},"geometry":{"type":"MultiLineString","coordinates":[[[-51.7472245,-19.1024312],[-51.7453878,-19.1046126],[-51.7451523,-19.1048521],[-51.7444174,-19.1056435],[-51.7433493,-19.106798]]]}},
{"type":"Feature","properties":{"osm_id":"193412988","code":5122,"fclass":"residential","name":"Rua Maria de Lourdes Lima de Jesus","ref":null,"oneway":"B","maxspeed":0,"layer":0,"bridge":"F","tunnel":"F"},"geometry":{"type":"MultiLineString","coordinates":[[[-51.7185704,-19.1211865],[-51.7189419,-19.1209953],[-51.7193257,-19.1207978],[-51.7196552,-19.1206282],[-51.7200223,-19.1204392],[-51.7201605,-19.1203681]]]}},
{"type":"Feature","properties":{"osm_id":"193412990","code":5122,"fclass":"residential","name":"Rua Thomé Fernandes de Assis","ref":null,"oneway":"B","maxspeed":0,"layer":0,"bridge":"F","tunnel":"F"},"geometry":{"type":"MultiLineString","coordinates":[[[-51.7312676,-19.1176335],[-51.7312399,-19.1186708],[-51.7311732,-19.1196991],[-51.7311396,-19.120792],[-51.7310853,-19.121853]]]}},
{"type":"Feature","properties":{"osm_id":"193412991","code":5122,"fclass":"residential","name":"Rua Maria E da Silva","ref":null,"oneway":"B","maxspeed":0,"layer":0,"bridge":"F","tunnel":"F"},"geometry":{"type":"MultiLineString","coordinates":[[[-51.7203856,-19.1210713],[-51.7203497,-19.1209592],[-51.7201605,-19.1203681],[-51.7201502,-19.1203357],[-51.7198791,-19.1194944],[-51.719935,-19.1193826]]]}},
{"type":"Feature","properties":{"osm_id":"193412992","code":5122,"fclass":"residential","name":"Rua Lázaro Adriano","ref":null,"oneway":"B","maxspeed":0,"layer":0,"bridge":"F","tunnel":"F"},"geometry":{"type":"MultiLineString","coordinates":[[[-51.7259776,-19.1135498],[-51.7255438,-19.1139157],[-51.7248105,-19.1144702],[-51.7241316,-19.1150178],[-51.7235194,-19.1155497]]]}},
{"type":"Feature","properties":{"osm_id":"193412993","code":5122,"fclass":"residential","name":"Rua Arceli de Castro Paulino","ref":null,"oneway":"B","maxspeed":0,"layer":0,"bridge":"F","tunnel":"F"},"geometry":{"type":"MultiLineString","coordinates":[[[-51.7268352,-19.1300895],[-51.7268502,-19.1290006],[-51.7269205,-19.1279801],[-51.7269553,-19.1269084],[-51.727028,-19.12588]]]}},
{"type":"Feature","properties":{"osm_id":"193412994","code":5122,"fclass":"residential","name":"Rua Amauri Ferreira da Silva","ref":null,"oneway":"B","maxspeed":0,"layer":0,"bridge":"F","tunnel":"F"},"geometry":{"type":"MultiLineString","coordinates":[[[-51.7200437,-19.1212808],[-51.7196552,-19.1206282],[-51.7191455,-19.1196775]]]}},
{"type":"Feature","properties":{"osm_id":"193412995","code":5122,"fclass":"residential","name":"Rua Clóvis Barbosa Oliveira","ref":null,"oneway":"B","maxspeed":0,"layer":0,"bridge":"F","tunnel":"F"},"geometry":{"type":"MultiLineString","coordinates":[[[-51.7498405,-19.1087125],[-51.7489182,-19.108242],[-51.748084,-19.1078163],[-51.747171,-19.1073083],[-51.7459193,-19.106698]]]}},
{"type":"Feature","properties":{"osm_id":"193412996","code":5122,"fclass":"residential","name":"Avenida José C. Freitas","ref":null,"oneway":"F","maxspeed":0,"layer":0,"bridge":"F","tunnel":"F"},"geometry":{"type":"MultiLineString","coordinates":[[[-51.7413087,-19.1213908],[-51.7407267,-19.1207937],[-51.7401117,-19.1201514],[-51.7400131,-19.1200614],[-51.739801,-19.1198476]]]}},
{"type":"Feature","properties":{"osm_id":"193412997","code":5122,"fclass":"residential","name":"Rua Maria C. Vasconcelos","ref":null,"oneway":"B","maxspeed":0,"layer":0,"bridge":"F","tunnel":"F"},"geometry":{"type":"MultiLineString","coordinates":[[[-51.737521,-19.1224121],[-51.7378481,-19.1220951],[-51.7380505,-19.1219043],[-51.7381892,-19.1217767],[-51.7382035,-19.1217307]]]}},
{"type":"Feature","properties":{"osm_id":"193412998","code":5122,"fclass":"residential","name":"Rua Florinda Batista Camargo","ref":null,"oneway":"B","maxspeed":0,"layer":0,"bridge":"F","tunnel":"F"},"geometry":{"type":"MultiLineString","coordinates":[[[-51.7468912,-19.1054608],[-51.7469871,-19.105511],[-51.7476183,-19.1058111],[-51.7488347,-19.106491],[-51.7496492,-19.1069396]]]}},
{"type":"Feature","properties":{"osm_id":"193412999","code":5122,"fclass":"residential","name":null,"ref":null,"oneway":"B","maxspeed":0,"layer":0,"bridge":"F","tunnel":"F"},"geometry":{"type":"MultiLineString","coordinates":[[[-51.7259197,-19.1258331],[-51.7258682,-19.1268644],[-51.7258192,-19.127929],[-51.7257765,-19.1289665],[-51.7257485,-19.1293435]]]}},
{"type":"Feature","properties":{"osm_id":"193413000","code":5122,"fclass":"residential","name":"Rua Teotonio Reis Costa","ref":null,"oneway":"B","maxspeed":0,"layer":0,"bridge":"F","tunnel":"F"},"geometry":{"type":"MultiLineString","coordinates":[[[-51.7401262,-19.1032399],[-51.7401097,-19.1040889],[-51.7400449,-19.1049686],[-51.73994,-19.1058536],[-51.7398429,-19.1067066]]]}},
{"type":"Feature","properties":{"osm_id":"193413001","code":5122,"fclass":"residential","name":"Rua Job Gomes de Moura Filho","ref":null,"oneway":"F","maxspeed":0,"layer":0,"bridge":"F","tunnel":"F"},"geometry":{"type":"MultiLineString","coordinates":[[[-51.7354687,-19.1024779],[-51.7350474,-19.1024358],[-51.7345805,-19.1023891],[-51.7345303,-19.1023768],[-51.734459,-19.1023593],[-51.7342838,-19.1022347],[-51.7341258,-19.1021223],[-51.7338934,-19.1018303],[-51.7334223,-19.1012308],[-51.7327851,-19.1004756]]]}},
{"type":"Feature","properties":{"osm_id":"193413002","code":5122,"fclass":"residential","name":"Rua Januário Barbosa","ref":null,"oneway":"B","maxspeed":0,"layer":0,"bridge":"F","tunnel":"F"},"geometry":{"type":"MultiLineString","coordinates":[[[-51.7298994,-19.1095085],[-51.7298892,-19.1104813],[-51.7298797,-19.1113947],[-51.7298569,-19.1122385],[-51.7298434,-19.1133127]]]}},
{"type":"Feature","properties":{"osm_id":"193413003","code":5122,"fclass":"residential","name":"Rua Sebastiana Alves de Souza","ref":null,"oneway":"B","maxspeed":0,"layer":0,"bridge":"F","tunnel":"F"},"geometry":{"type":"MultiLineString","coordinates":[[[-51.7269423,-19.1182687],[-51.7262688,-19.1187951],[-51.7255925,-19.1193238],[-51.7243044,-19.1203475],[-51.7242153,-19.1204134],[-51.7241639,-19.120453]]]}},
{"type":"Feature","properties":{"osm_id":"193413004","code":5122,"fclass":"residential","name":"Rua Manoel Ferreira de Freitas","ref":null,"oneway":"B","maxspeed":0,"layer":0,"bridge":"F","tunnel":"F"},"geometry":{"type":"MultiLineString","coordinates":[[[-51.7184153,-19.1155398],[-51.7190134,-19.1172064],[-51.7191266,-19.1175218],[-51.7193621,-19.1180391],[-51.7197465,-19.1187141],[-51.7201132,-19.1192888],[-51.7202277,-19.1194684]]]}},
{"type":"Feature","properties":{"osm_id":"193413006","code":5122,"fclass":"residential","name":"Rua Edilse Rosa Souza","ref":null,"oneway":"B","maxspeed":0,"layer":0,"bridge":"F","tunnel":"F"},"geometry":{"type":"MultiLineString","coordinates":[[[-51.7226306,-19.1224293],[-51.7214837,-19.1206592],[-51.7212843,-19.1203766],[-51.7207845,-19.1196209],[-51.7206351,-19.119387],[-51.720082,-19.1185212],[-51.7196412,-19.1178838]]]}},
{"type":"Feature","properties":{"osm_id":"193413011","code":5122,"fclass":"residential","name":"Rua Cinco","ref":null,"oneway":"B","maxspeed":0,"layer":0,"bridge":"F","tunnel":"F"},"geometry":{"type":"MultiLineString","coordinates":[[[-51.7170728,-19.1180511],[-51.7180635,-19.1177832],[-51.718406,-19.1177044],[-51.7187613,-19.1176138],[-51.7191266,-19.1175218]]]}},
{"type":"Feature","properties":{"osm_id":"193413013","code":5122,"fclass":"residential","name":"Rua Henrique Lacerda Ramos","ref":null,"oneway":"B","maxspeed":0,"layer":0,"bridge":"F","tunnel":"F"},"geometry":{"type":"MultiLineString","coordinates":[[[-51.7462461,-19.1062866],[-51.7470889,-19.106723],[-51.7474327,-19.1068824],[-51.7483372,-19.1073693],[-51.7491669,-19.1077989],[-51.750131,-19.108268]]]}},
{"type":"Feature","properties":{"osm_id":"193413014","code":5122,"fclass":"residential","name":"Rua Nestor A Barbosa","ref":null,"oneway":"B","maxspeed":0,"layer":0,"bridge":"F","tunnel":"F"},"geometry":{"type":"MultiLineString","coordinates":[[[-51.7387679,-19.109181],[-51.7398539,-19.1092593],[-51.7409755,-19.1093402],[-51.7420444,-19.1094173],[-51.7431343,-19.109496],[-51.7442685,-19.1095778]]]}},
{"type":"Feature","properties":{"osm_id":"193413016","code":5122,"fclass":"residential","name":"Rua Antônio Nunes de Souza","ref":null,"oneway":"B","maxspeed":0,"layer":0,"bridge":"F","tunnel":"F"},"geometry":{"type":"MultiLineString","coordinates":[[[-51.7220204,-19.1181796],[-51.7216646,-19.117611],[-51.7213737,-19.1171501],[-51.7212333,-19.1169276],[-51.7212096,-19.11689],[-51.721093,-19.1165778],[-51.7209538,-19.1162054],[-51.7208082,-19.115759]]]}},
{"type":"Feature","properties":{"osm_id":"193413018","code":5122,"fclass":"residential","name":"Rua Francisco Cardoso","ref":null,"oneway":"B","maxspeed":0,"layer":0,"bridge":"F","tunnel":"F"},"geometry":{"type":"MultiLineString","coordinates":[[[-51.7271332,-19.1184835],[-51.7274755,-19.1182102],[-51.727854,-19.1178929],[-51.7282128,-19.1176141],[-51.7285571,-19.1173411],[-51.728944,-19.1170496]]]}},
{"type":"Feature","properties":{"osm_id":"193413020","code":5122,"fclass":"residential","name":"Rua Isaias T. Borges","ref":null,"oneway":"B","maxspeed":0,"layer":0,"bridge":"F","tunnel":"F"},"geometry":{"type":"MultiLineString","coordinates":[[[-51.7290088,-19.1094602],[-51.7298994,-19.1095085],[-51.7308386,-19.1095594],[-51.7317575,-19.1096092],[-51.7326563,-19.1096578],[-51.7338728,-19.1097127]]]}},
{"type":"Feature","properties":{"osm_id":"193413022","code":5122,"fclass":"residential","name":"Rua Petronilia Fernandes de Jesus","ref":null,"oneway":"B","maxspeed":0,"layer":0,"bridge":"F","tunnel":"F"},"geometry":{"type":"MultiLineString","coordinates":[[[-51.7281652,-19.1248761],[-51.7281085,-19.1259257],[-51.7280655,-19.1269534],[-51.728028,-19.1279751],[-51.7279607,-19.1290359],[-51.7279324,-19.130072],[-51.7279185,-19.1305361]]]}},
{"type":"Feature","properties":{"osm_id":"193413024","code":5122,"fclass":"residential","name":null,"ref":null,"oneway":"B","maxspeed":0,"layer":0,"bridge":"F","tunnel":"F"},"geometry":{"type":"MultiLineString","coordinates":[[[-51.7469871,-19.105511],[-51.7466142,-19.1058964],[-51.7462963,-19.1062249],[-51.7462461,-19.1062866],[-51.7459193,-19.106698],[-51.7457424,-19.1067016]]]}},
{"type":"Feature","properties":{"osm_id":"193413026","code":5122,"fclass":"residential","name":"Rua José C da Silveira","ref":null,"oneway":"B","maxspeed":0,"layer":0,"bridge":"F","tunnel":"F"},"geometry":{"type":"MultiLineString","coordinates":[[[-51.7307752,-19.1144287],[-51.7307837,-19.1133658],[-51.7307976,-19.112293],[-51.7308109,-19.1114223],[-51.7308266,-19.1104922],[-51.7308386,-19.1095594]]]}},
{"type":"Feature","properties":{"osm_id":"193413028","code":5122,"fclass":"residential","name":"Rua Independência","ref":null,"oneway":"B","maxspeed":0,"layer":0,"bridge":"F","tunnel":"F"},"geometry":{"type":"MultiLineString","coordinates":[[[-51.7453878,-19.1046126],[-51.7460523,-19.104987],[-51.7462601,-19.1050952],[-51.7464659,-19.1052024],[-51.7465547,-19.1053266],[-51.7465574,-19.1053719],[-51.7465594,-19.1054049],[-51.7465455,-19.1055354],[-51.7464747,-19.1058444]]]}},
{"type":"Feature","properties":{"osm_id":"193413030","code":5122,"fclass":"residential","name":"Rua Julio M Pinto","ref":null,"oneway":"B","maxspeed":0,"layer":0,"bridge":"F","tunnel":"F"},"geometry":{"type":"MultiLineString","coordinates":[[[-51.7488347,-19.106491],[-51.7486022,-19.1069015],[-51.7483372,-19.1073693],[-51.748084,-19.1078163],[-51.7478315,-19.1082621],[-51.7477884,-19.1083382]]]}},
{"type":"Feature","properties":{"osm_id":"193413032","code":5122,"fclass":"residential","name":"Rua Maria Otoni de Camargo","ref":null,"oneway":"B","maxspeed":0,"layer":0,"bridge":"F","tunnel":"F"},"geometry":{"type":"MultiLineString","coordinates":[[[-51.7262944,-19.1134576],[-51.7267457,-19.1140514],[-51.7273152,-19.1147011],[-51.7276113,-19.1150212],[-51.7278768,-19.1153316],[-51.7284524,-19.1159981],[-51.7286583,-19.1162329]]]}},
{"type":"Feature","properties":{"osm_id":"193413035","code":5122,"fclass":"residential","name":"Rua Joaquim Bernardes de Freitas","ref":null,"oneway":"B","maxspeed":0,"layer":0,"bridge":"F","tunnel":"F"},"geometry":{"type":"MultiLineString","coordinates":[[[-51.7378247,-19.1242888],[-51.7384031,-19.1241606],[-51.7396478,-19.1238847],[-51.7404848,-19.1236988],[-51.7406608,-19.1236602],[-51.7421147,-19.123338],[-51.7434123,-19.1230504]]]}},
{"type":"Feature","properties":{"osm_id":"193413036","code":5122,"fclass":"residential","name":"Rua Fenelon Anselmo","ref":null,"oneway":"B","maxspeed":0,"layer":0,"bridge":"F","tunnel":"F"},"geometry":{"type":"MultiLineString","coordinates":[[[-51.7422295,-19.1059523],[-51.742224,-19.1062482],[-51.7421778,-19.1067431],[-51.7421849,-19.1068677],[-51.7421886,-19.1069569],[-51.7421435,-19.1077265],[-51.7421008,-19.1085805],[-51.7420444,-19.1094173],[-51.742016,-19.109841]]]}},
{"type":"Feature","properties":{"osm_id":"193413037","code":5122,"fclass":"residential","name":"Rua José Maria Castilho","ref":null,"oneway":"B","maxspeed":0,"layer":0,"bridge":"F","tunnel":"F"},"geometry":{"type":"MultiLineString","coordinates":[[[-51.7246704,-19.1289313],[-51.7252301,-19.1289491],[-51.7257765,-19.1289665],[-51.7263224,-19.1289838],[-51.726697,-19.1289957],[-51.7268502,-19.1290006],[-51.7274193,-19.1290187],[-51.7279607,-19.1290359],[-51.7285324,-19.1290541]]]}},
{"type":"Feature","properties":{"osm_id":"193413038","code":5122,"fclass":"residential","name":"Rua Francelino T. Moreira","ref":null,"oneway":"B","maxspeed":0,"layer":0,"bridge":"F","tunnel":"F"},"geometry":{"type":"MultiLineString","coordinates":[[[-51.7439267,-19.1207966],[-51.7428467,-19.1210417],[-51.7416227,-19.1213196],[-51.741465,-19.1213553],[-51.7413087,-19.1213908],[-51.7403958,-19.1215981],[-51.7391922,-19.1218712]]]}},
{"type":"Feature","properties":{"osm_id":"193413039","code":5122,"fclass":"residential","name":"Avenida José Paulo J Rodrigues","ref":null,"oneway":"B","maxspeed":0,"layer":0,"bridge":"F","tunnel":"F"},"geometry":{"type":"MultiLineString","coordinates":[[[-51.7306203,-19.1270408],[-51.730637,-19.1270325],[-51.7306557,-19.1270148],[-51.7308315,-19.1267499],[-51.7310066,-19.1264919],[-51.7313096,-19.1260356],[-51.7315472,-19.1256423],[-51.7317086,-19.1253329],[-51.7317198,-19.1250329],[-51.731724,-19.1249961],[-51.731728,-19.1249613],[-51.7317693,-19.1240227],[-51.7317492,-19.1239787],[-51.7317136,-19.1239499]]]}},
{"type":"Feature","properties":{"osm_id":"193413040","code":5122,"fclass":"residential","name":"Rua Domingos Sebastião Coelho","ref":null,"oneway":"B","maxspeed":0,"layer":0,"bridge":"F","tunnel":"F"},"geometry":{"type":"MultiLineString","coordinates":[[[-51.7303181,-19.1291443],[-51.7303358,-19.1280946],[-51.7303658,-19.127476],[-51.730384,-19.1270408],[-51.7304243,-19.1260122],[-51.7304628,-19.1249774],[-51.7305022,-19.1239127]]]}},
{"type":"Feature","properties":{"osm_id":"193413041","code":5122,"fclass":"residential","name":"Rua Ordezino Apolinário Rodrigues","ref":null,"oneway":"B","maxspeed":0,"layer":0,"bridge":"F","tunnel":"F"},"geometry":{"type":"MultiLineString","coordinates":[[[-51.7273004,-19.1173046],[-51.7270906,-19.1170636],[-51.7265252,-19.1164142],[-51.7259606,-19.1157657],[-51.7253907,-19.1151112]]]}},
{"type":"Feature","properties":{"osm_id":"193413042","code":5122,"fclass":"residential","name":"Rua Celestino José Gomes","ref":null,"oneway":"B","maxspeed":0,"layer":0,"bridge":"F","tunnel":"F"},"geometry":{"type":"MultiLineString","coordinates":[[[-51.7212096,-19.11689],[-51.7216195,-19.1167472],[-51.7218707,-19.1166596],[-51.7220603,-19.1165935],[-51.7224811,-19.1164468],[-51.7228728,-19.1163103],[-51.7232792,-19.1161687],[-51.7236147,-19.1160517]]]}},
{"type":"Feature","properties":{"osm_id":"193413043","code":5122,"fclass":"residential","name":"Rua José A. Machado","ref":null,"oneway":"B","maxspeed":0,"layer":0,"bridge":"F","tunnel":"F"},"geometry":{"type":"MultiLineString","coordinates":[[[-51.7430357,-19.121713],[-51.742668,-19.1217949],[-51.7417849,-19.1219917],[-51.7413199,-19.1220952],[-51.7411442,-19.1221343],[-51.7405622,-19.1222639],[-51.7393103,-19.1225426],[-51.7382314,-19.122755]]]}},
{"type":"Feature","properties":{"osm_id":"193413044","code":5122,"fclass":"residential","name":"Rua Antônio Gomes Araujo","ref":null,"oneway":"B","maxspeed":0,"layer":0,"bridge":"F","tunnel":"F"},"geometry":{"type":"MultiLineString","coordinates":[[[-51.7253661,-19.1137242],[-51.7255438,-19.1139157],[-51.7260683,-19.1145812],[-51.7266286,-19.1152406],[-51.7269176,-19.1155548],[-51.7271951,-19.1158757],[-51.7277762,-19.1165271],[-51.7279792,-19.1167689]]]}},
{"type":"Feature","properties":{"osm_id":"193413045","code":5122,"fclass":"residential","name":"Rua B","ref":null,"oneway":"B","maxspeed":0,"layer":0,"bridge":"F","tunnel":"F"},"geometry":{"type":"MultiLineString","coordinates":[[[-51.7188404,-19.1220177],[-51.7190045,-19.1219172],[-51.7193543,-19.121703],[-51.719717,-19.1214808],[-51.7200437,-19.1212808],[-51.7203856,-19.1210713],[-51.720687,-19.1208383],[-51.7212843,-19.1203766]]]}},
{"type":"Feature","properties":{"osm_id":"193413046","code":5122,"fclass":"residential","name":"Rua Vicente Andrade Vasconcelos","ref":null,"oneway":"B","maxspeed":0,"layer":0,"bridge":"F","tunnel":"F"},"geometry":{"type":"MultiLineString","coordinates":[[[-51.7221838,-19.1227574],[-51.7222071,-19.122972],[-51.722164,-19.1235577],[-51.7221099,-19.1246089],[-51.722055,-19.1256503],[-51.722026,-19.1262074],[-51.7220269,-19.1266906],[-51.7219461,-19.1277398],[-51.7219431,-19.1286557],[-51.7218653,-19.130122]]]}},
{"type":"Feature","properties":{"osm_id":"193413047","code":5122,"fclass":"residential","name":"Rua Doze","ref":null,"oneway":"B","maxspeed":0,"layer":0,"bridge":"F","tunnel":"F"},"geometry":{"type":"MultiLineString","coordinates":[[[-51.7365243,-19.1220791],[-51.7366999,-19.1222699],[-51.7370678,-19.1226698],[-51.7370425,-19.1231466],[-51.7370104,-19.12356]]]}},
{"type":"Feature","properties":{"osm_id":"193413048","code":5122,"fclass":"residential","name":"Rua Wladislau Garcia Gomes","ref":null,"oneway":"B","maxspeed":0,"layer":0,"bridge":"F","tunnel":"F"},"geometry":{"type":"MultiLineString","coordinates":[[[-51.7325259,-19.1165993],[-51.7335516,-19.1166611],[-51.7350608,-19.1167351],[-51.7361839,-19.1167654],[-51.737324,-19.1167959],[-51.7384287,-19.1168489],[-51.739524,-19.1168893],[-51.7406219,-19.1169297],[-51.7412005,-19.1169146]]]}},
{"type":"Feature","properties":{"osm_id":"193413049","code":5122,"fclass":"residential","name":"Rua Juvenal Rezende e Silva","ref":null,"oneway":"B","maxspeed":0,"layer":0,"bridge":"F","tunnel":"F"},"geometry":{"type":"MultiLineString","coordinates":[[[-51.7230514,-19.1277932],[-51.7231072,-19.1267554],[-51.7231339,-19.1262591],[-51.7231638,-19.125704],[-51.7231933,-19.1251627],[-51.7232208,-19.1246579],[-51.7232783,-19.1236],[-51.7233329,-19.1225648],[-51.7233337,-19.122073],[-51.7233339,-19.1218614]]]}},
{"type":"Feature","properties":{"osm_id":"193413050","code":5122,"fclass":"residential","name":"Rua José Francisco Martins","ref":null,"oneway":"B","maxspeed":0,"layer":0,"bridge":"F","tunnel":"F"},"geometry":{"type":"MultiLineString","coordinates":[[[-51.7302264,-19.1166132],[-51.7297238,-19.1161022],[-51.7293572,-19.1156813],[-51.7291546,-19.1154486],[-51.7285943,-19.1148054],[-51.7280206,-19.1141467],[-51.7274725,-19.1134611],[-51.727307,-19.1132832],[-51.7272447,-19.1131917]]]}},
{"type":"Feature","properties":{"osm_id":"193413051","code":5122,"fclass":"residential","name":"Rua Vanderlan Lima","ref":null,"oneway":"B","maxspeed":40,"layer":0,"bridge":"F","tunnel":"F"},"geometry":{"type":"MultiLineString","coordinates":[[[-51.7344647,-19.108043],[-51.7344751,-19.1071894],[-51.7344946,-19.1063426],[-51.73451,-19.1054982],[-51.7345358,-19.1046572],[-51.7345562,-19.1037956],[-51.7345797,-19.1024377],[-51.7345805,-19.1023891]]]}},
{"type":"Feature","properties":{"osm_id":"193413052","code":5122,"fclass":"residential","name":"Rua Isaias Nogueira","ref":null,"oneway":"B","maxspeed":0,"layer":0,"bridge":"F","tunnel":"F"},"geometry":{"type":"MultiLineString","coordinates":[[[-51.7334633,-19.1187646],[-51.7349636,-19.1188317],[-51.7360912,-19.1188754],[-51.7372308,-19.1189198],[-51.7383366,-19.1189694],[-51.7394432,-19.1189964],[-51.7401779,-19.1190228],[-51.7403088,-19.1190329]]]}},
{"type":"Feature","properties":{"osm_id":"193413053","code":5122,"fclass":"residential","name":"Rua Guilherme Alves Dias","ref":null,"oneway":"B","maxspeed":0,"layer":0,"bridge":"F","tunnel":"F"},"geometry":{"type":"MultiLineString","coordinates":[[[-51.7370968,-19.1219733],[-51.737216,-19.1220966],[-51.737521,-19.1224121],[-51.7375613,-19.1224538],[-51.7380865,-19.1229364]]]}},
{"type":"Feature","properties":{"osm_id":"193413054","code":5122,"fclass":"residential","name":"Rua João Ferreira de Oliveira","ref":null,"oneway":"B","maxspeed":0,"layer":0,"bridge":"F","tunnel":"F"},"geometry":{"type":"MultiLineString","coordinates":[[[-51.7310379,-19.1228753],[-51.72992,-19.1228392],[-51.7288072,-19.1227928],[-51.7277055,-19.1227469],[-51.7266074,-19.1227012],[-51.7255219,-19.122656],[-51.7244308,-19.1226105],[-51.7233329,-19.1225648]]]}},
{"type":"Feature","properties":{"osm_id":"193413055","code":5122,"fclass":"residential","name":"Rua Avelino P Almeida","ref":null,"oneway":"B","maxspeed":0,"layer":0,"bridge":"F","tunnel":"F"},"geometry":{"type":"MultiLineString","coordinates":[[[-51.7240123,-19.1183812],[-51.7244648,-19.1180321],[-51.7251315,-19.1174908],[-51.7258205,-19.1169569],[-51.7265252,-19.1164142],[-51.7271951,-19.1158757],[-51.7278768,-19.1153316],[-51.7285943,-19.1148054]]]}},
{"type":"Feature","properties":{"osm_id":"193413056","code":5122,"fclass":"residential","name":"Rua José Barbosa de Oliveira","ref":null,"oneway":"B","maxspeed":0,"layer":0,"bridge":"F","tunnel":"F"},"geometry":{"type":"MultiLineString","coordinates":[[[-51.7407602,-19.1179936],[-51.7405768,-19.117986],[-51.7394883,-19.1179511],[-51.7383816,-19.1179155],[-51.7372768,-19.1178731],[-51.7361302,-19.1178211],[-51.735012,-19.117789],[-51.7335069,-19.1177273]]]}},
{"type":"Feature","properties":{"osm_id":"193413057","code":5122,"fclass":"residential","name":"Rua Sebastião da Silva Lata","ref":null,"oneway":"B","maxspeed":0,"layer":0,"bridge":"F","tunnel":"F"},"geometry":{"type":"MultiLineString","coordinates":[[[-51.7310853,-19.121853],[-51.7299701,-19.1217959],[-51.7288551,-19.1217501],[-51.7277569,-19.1217051],[-51.7266545,-19.1216599],[-51.7255559,-19.1216149],[-51.7244822,-19.1215708],[-51.7239383,-19.1215463],[-51.7237993,-19.12154]]]}},
{"type":"Feature","properties":{"osm_id":"193413058","code":5122,"fclass":"residential","name":"Rua Jeronimo Pio Guimarães","ref":null,"oneway":"B","maxspeed":0,"layer":0,"bridge":"F","tunnel":"F"},"geometry":{"type":"MultiLineString","coordinates":[[[-51.7241316,-19.1150178],[-51.7246911,-19.1156584],[-51.7252612,-19.1163152],[-51.7258205,-19.1169569],[-51.7263908,-19.1176112],[-51.7265984,-19.1178587]]]}},
{"type":"Feature","properties":{"osm_id":"193413059","code":5122,"fclass":"residential","name":"Rua Antônio Tenório Sobrinho","ref":null,"oneway":"B","maxspeed":0,"layer":0,"bridge":"F","tunnel":"F"},"geometry":{"type":"MultiLineString","coordinates":[[[-51.7432227,-19.1223769],[-51.7428375,-19.1224621],[-51.741947,-19.1226592],[-51.7409933,-19.1228704],[-51.7408165,-19.1229118],[-51.7394802,-19.1232177],[-51.7382553,-19.1234929],[-51.7376961,-19.1235801],[-51.7374908,-19.1235839],[-51.7370104,-19.12356]]]}},
{"type":"Feature","properties":{"osm_id":"193413060","code":5122,"fclass":"residential","name":"Rua Anizia Felicia Vieira","ref":null,"oneway":"B","maxspeed":0,"layer":0,"bridge":"F","tunnel":"F"},"geometry":{"type":"MultiLineString","coordinates":[[[-51.7503836,-19.1078585],[-51.750131,-19.108268],[-51.7498405,-19.1087125],[-51.7496013,-19.1090828],[-51.7495332,-19.1091288]]]}},
{"type":"Feature","properties":{"osm_id":"234321583","code":5113,"fclass":"primary","name":null,"ref":"MS-306","oneway":"B","maxspeed":80,"layer":0,"bridge":"F","tunnel":"F"},"geometry":{"type":"MultiLineString","coordinates":[[[-52.2387859,-18.9524652],[-52.2495804,-18.9486198],[-52.2502008,-18.9483959],[-52.2580576,-18.9455599],[-52.2728033,-18.9402147],[-52.2885671,-18.9345758],[-52.2992578,-18.9307515],[-52.3276366,-18.9205663],[-52.3316916,-18.9191137],[-52.3321994,-18.9189275],[-52.3624273,-18.90806],[-52.3667745,-18.9065056],[-52.3809289,-18.9013875],[-52.394878,-18.8950371],[-52.4017871,-18.8919061],[-52.4045986,-18.8906473],[-52.4087804,-18.888775],[-52.4102701,-18.8881064],[-52.4282646,-18.880029],[-52.4392733,-18.8750872],[-52.4524451,-18.8691742],[-52.4558179,-18.8676491]]]}},
{"type":"Feature","properties":{"osm_id":"234321584","code":5113,"fclass":"primary","name":null,"ref":"MS-306","oneway":"B","maxspeed":80,"layer":1,"bridge":"T","tunnel":"F"},"geometry":{"type":"MultiLineString","coordinates":[[[-52.238688,-18.9525045],[-52.2387859,-18.9524652]]]}},
{"type":"Feature","properties":{"osm_id":"296110045","code":5113,"fclass":"primary","name":"Avenida Presidente Dutra","ref":"MS-306","oneway":"B","maxspeed":0,"layer":0,"bridge":"F","tunnel":"F"},"geometry":{"type":"MultiLineString","coordinates":[[[-51.7430529,-19.1125592],[-51.7428837,-19.1129088],[-51.7426376,-19.1134747],[-51.7424455,-19.1139164],[-51.7423455,-19.1141538],[-51.7422642,-19.1144051],[-51.7420804,-19.1148882],[-51.7417917,-19.1155878],[-51.7416413,-19.1159015],[-51.7412005,-19.1169146],[-51.7407602,-19.1179936],[-51.7406762,-19.1181627],[-51.7403865,-19.1188519],[-51.7403088,-19.1190329],[-51.7400987,-19.1194875],[-51.7400116,-19.1196316],[-51.7399151,-19.1197457],[-51.7398488,-19.1198061],[-51.739801,-19.1198476],[-51.7397037,-19.119921],[-51.7396188,-19.1199746],[-51.7395148,-19.1200144],[-51.7393978,-19.1200485],[-51.7392405,-19.1200557],[-51.7389935,-19.1200607],[-51.7382896,-19.1200276],[-51.7374167,-19.1199814],[-51.7371837,-19.119969],[-51.7360523,-19.1199231],[-51.7353591,-19.1199024],[-51.7349197,-19.1198776],[-51.7341753,-19.119845],[-51.733413,-19.1198125],[-51.7329267,-19.1197856]]]}},
{"type":"Feature","properties":{"osm_id":"296110046","code":5113,"fclass":"primary","name":null,"ref":"MS-306","oneway":"F","maxspeed":0,"layer":0,"bridge":"F","tunnel":"F"},"geometry":{"type":"MultiLineString","coordinates":[[[-51.7270277,-19.1195326],[-51.7268869,-19.1195921],[-51.7267577,-19.1196866]]]}},
{"type":"Feature","properties":{"osm_id":"296321555","code":5113,"fclass":"primary","name":null,"ref":"MS-306","oneway":"F","maxspeed":0,"layer":0,"bridge":"F","tunnel":"F"},"geometry":{"type":"MultiLineString","coordinates":[[[-51.7443116,-19.1103226],[-51.7442333,-19.1106186],[-51.7440941,-19.1109793],[-51.7439255,-19.1112991],[-51.7438197,-19.1114511],[-51.743711,-19.1115944],[-51.7434475,-19.1119476],[-51.7433485,-19.1120922],[-51.7432453,-19.1122429],[-51.7431043,-19.1124745],[-51.7430529,-19.1125592]]]}},
{"type":"Feature","properties":{"osm_id":"296321558","code":5113,"fclass":"primary","name":null,"ref":"MS-306","oneway":"F","maxspeed":0,"layer":0,"bridge":"F","tunnel":"F"},"geometry":{"type":"MultiLineString","coordinates":[[[-51.7438017,-19.1104356],[-51.7439248,-19.1102375]]]}},
{"type":"Feature","properties":{"osm_id":"296321559","code":5113,"fclass":"primary","name":null,"ref":"MS-306","oneway":"B","maxspeed":0,"layer":0,"bridge":"F","tunnel":"F"},"geometry":{"type":"MultiLineString","coordinates":[[[-51.72676,-19.1194744],[-51.7267858,-19.1195808],[-51.7267577,-19.1196866]]]}},
{"type":"Feature","properties":{"osm_id":"296321560","code":5113,"fclass":"primary","name":null,"ref":"MS-306","oneway":"B","maxspeed":0,"layer":0,"bridge":"F","tunnel":"F"},"geometry":{"type":"MultiLineString","coordinates":[[[-51.7263749,-19.1197543],[-51.7263327,-19.119709],[-51.7263042,-19.1196551],[-51.7262912,-19.119596],[-51.7262947,-19.1195357]]]}},
{"type":"Feature","properties":{"osm_id":"296321561","code":5113,"fclass":"primary","name":"Avenida Presidente Dutra","ref":"MS-306","oneway":"F","maxspeed":0,"layer":0,"bridge":"F","tunnel":"F"},"geometry":{"type":"MultiLineString","coordinates":[[[-51.7435265,-19.1110713],[-51.7435786,-19.1109063],[-51.743646,-19.1107355],[-51.7437226,-19.1105965],[-51.7438017,-19.1104356]]]}},
{"type":"Feature","properties":{"osm_id":"296321562","code":5113,"fclass":"primary","name":null,"ref":"MS-306","oneway":"B","maxspeed":0,"layer":0,"bridge":"F","tunnel":"F"},"geometry":{"type":"MultiLineString","coordinates":[[[-51.7262947,-19.1195357],[-51.7263473,-19.1194593],[-51.7264137,-19.1193929],[-51.7265301,-19.1193399],[-51.7265841,-19.1193485],[-51.7266647,-19.1193773],[-51.72673,-19.1194304],[-51.72676,-19.1194744]]]}},
{"type":"Feature","properties":{"osm_id":"296321563","code":5113,"fclass":"primary","name":"Avenida Presidente Dutra","ref":"MS-306","oneway":"F","maxspeed":0,"layer":0,"bridge":"F","tunnel":"F"},"geometry":{"type":"MultiLineString","coordinates":[[[-51.7439248,-19.1102375],[-51.7440473,-19.1100262],[-51.7441546,-19.1098119],[-51.7442685,-19.1095778],[-51.7442955,-19.1095224],[-51.7443886,-19.1093194],[-51.7445035,-19.1091005],[-51.7445552,-19.109002]]]}},
{"type":"Feature","properties":{"osm_id":"327247436","code":5122,"fclass":"residential","name":"Avenida Ricardo Barbosa","ref":null,"oneway":"F","maxspeed":0,"layer":0,"bridge":"F","tunnel":"F"},"geometry":{"type":"MultiLineString","coordinates":[[[-51.7424584,-19.1148164],[-51.7425764,-19.1148772],[-51.7426944,-19.1149076],[-51.742866,-19.1148265],[-51.7429626,-19.1148113],[-51.7430914,-19.1148164],[-51.7438531,-19.1150267],[-51.7446215,-19.1151103],[-51.7451056,-19.1151311]]]}},
{"type":"Feature","properties":{"osm_id":"327247437","code":5122,"fclass":"residential","name":"Rua das Tulipas","ref":null,"oneway":"B","maxspeed":0,"layer":0,"bridge":"F","tunnel":"F"},"geometry":{"type":"MultiLineString","coordinates":[[[-51.7423242,-19.1168793],[-51.7424181,-19.1155361],[-51.74263,-19.1151534],[-51.7426944,-19.1149076]]]}},
{"type":"Feature","properties":{"osm_id":"327247438","code":5122,"fclass":"residential","name":"Rua das Acácias","ref":null,"oneway":"B","maxspeed":0,"layer":0,"bridge":"F","tunnel":"F"},"geometry":{"type":"MultiLineString","coordinates":[[[-51.7438048,-19.1168489],[-51.7438746,-19.1152117],[-51.7438531,-19.1150267],[-51.7442501,-19.11361]]]}},
{"type":"Feature","properties":{"osm_id":"327247439","code":5121,"fclass":"unclassified","name":null,"ref":null,"oneway":"B","maxspeed":0,"layer":0,"bridge":"F","tunnel":"F"},"geometry":{"type":"MultiLineString","coordinates":[[[-51.7494892,-19.1092039],[-51.7494605,-19.10925],[-51.7493988,-19.1093641],[-51.7493847,-19.1094233],[-51.7493849,-19.1094892],[-51.7493978,-19.1095318],[-51.7494115,-19.109553],[-51.7494591,-19.1095906],[-51.749553,-19.1096492],[-51.7497414,-19.1097683],[-51.7503525,-19.1101541],[-51.7505689,-19.1102913],[-51.7507785,-19.1104183],[-51.7508666,-19.1104659],[-51.7510095,-19.110535],[-51.7512294,-19.1106338],[-51.7518362,-19.1108967],[-51.7523378,-19.111097],[-51.7525839,-19.1111781],[-51.7526912,-19.1111971],[-51.7528052,-19.1112053],[-51.7529701,-19.1112148],[-51.7531244,-19.1112376],[-51.7533899,-19.1112744],[-51.7536508,-19.1112959],[-51.7538559,-19.1113124],[-51.7541282,-19.1112984],[-51.7546821,-19.1112756],[-51.7551085,-19.1112794],[-51.7555826,-19.1113003],[-51.7558294,-19.1113194],[-51.7562552,-19.1113609],[-51.7563541,-19.1113802],[-51.7564225,-19.111402],[-51.7564989,-19.111441],[-51.7566163,-19.1115417],[-51.7568282,-19.111754],[-51.7570699,-19.1119751],[-51.7572027,-19.1121082],[-51.7574105,-19.1123192],[-51.7575346,-19.1124636],[-51.7576097,-19.1125498],[-51.7576768,-19.11261],[-51.7577565,-19.1126581],[-51.7579034,-19.1127513],[-51.7581629,-19.1129211],[-51.7583004,-19.1129914],[-51.7583976,-19.1130269],[-51.758582,-19.1130788],[-51.758814,-19.1131517],[-51.7594926,-19.1133855],[-51.7598037,-19.1135141],[-51.7599271,-19.1135724],[-51.7600552,-19.1136586],[-51.7601229,-19.1137283],[-51.7602302,-19.1138562]]]}},
{"type":"Feature","properties":{"osm_id":"327247440","code":5122,"fclass":"residential","name":null,"ref":null,"oneway":"B","maxspeed":0,"layer":0,"bridge":"F","tunnel":"F"},"geometry":{"type":"MultiLineString","coordinates":[[[-51.7435205,-19.1134782],[-51.7430914,-19.1148164]]]}},
{"type":"Feature","properties":{"osm_id":"327247441","code":5122,"fclass":"residential","name":"Rua das Primaveras","ref":null,"oneway":"B","maxspeed":0,"layer":0,"bridge":"F","tunnel":"F"},"geometry":{"type":"MultiLineString","coordinates":[[[-51.7445881,-19.1168641],[-51.7446175,-19.1152725],[-51.7446215,-19.1151103],[-51.7446363,-19.1148569],[-51.744985,-19.1138432]]]}},
{"type":"Feature","properties":{"osm_id":"327247442","code":5122,"fclass":"residential","name":"Avenida Ricardo Barbosa","ref":null,"oneway":"F","maxspeed":0,"layer":0,"bridge":"F","tunnel":"F"},"geometry":{"type":"MultiLineString","coordinates":[[[-51.7451418,-19.1152879],[-51.7446175,-19.1152725],[-51.7438746,-19.1152117],[-51.7431423,-19.1152523],[-51.7429493,-19.1152649],[-51.7428204,-19.1152269],[-51.74263,-19.1151534],[-51.742516,-19.1151255],[-51.7424261,-19.1151052]]]}},
{"type":"Feature","properties":{"osm_id":"327247444","code":5122,"fclass":"residential","name":"Rua Fenelon Anselmo","ref":null,"oneway":"B","maxspeed":0,"layer":0,"bridge":"F","tunnel":"F"},"geometry":{"type":"MultiLineString","coordinates":[[[-51.7420493,-19.1106275],[-51.7419854,-19.1118579],[-51.7419215,-19.1128457],[-51.7418683,-19.1138833],[-51.7417707,-19.1148987]]]}},
{"type":"Feature","properties":{"osm_id":"327247445","code":5122,"fclass":"residential","name":null,"ref":null,"oneway":"B","maxspeed":0,"layer":0,"bridge":"F","tunnel":"F"},"geometry":{"type":"MultiLineString","coordinates":[[[-51.7417917,-19.1155878],[-51.7421183,-19.1154226],[-51.7422867,-19.1152523],[-51.7424261,-19.1151052],[-51.7424745,-19.1149431],[-51.7424584,-19.1148164],[-51.7422642,-19.1144051]]]}},
{"type":"Feature","properties":{"osm_id":"327247446","code":5122,"fclass":"residential","name":"Rua das Hortências","ref":null,"oneway":"B","maxspeed":0,"layer":0,"bridge":"F","tunnel":"F"},"geometry":{"type":"MultiLineString","coordinates":[[[-51.7430699,-19.1169046],[-51.7431423,-19.1152523]]]}},
{"type":"Feature","properties":{"osm_id":"361339071","code":5122,"fclass":"residential","name":null,"ref":null,"oneway":"B","maxspeed":40,"layer":0,"bridge":"F","tunnel":"F"},"geometry":{"type":"MultiLineString","coordinates":[[[-51.7369039,-19.1014596],[-51.7365077,-19.1017303],[-51.7360853,-19.1020146],[-51.7356716,-19.102293]]]}},
{"type":"Feature","properties":{"osm_id":"361339073","code":5122,"fclass":"residential","name":"Rua Job Gomes de Moura Filho","ref":null,"oneway":"F","maxspeed":0,"layer":0,"bridge":"F","tunnel":"F"},"geometry":{"type":"MultiLineString","coordinates":[[[-51.7328668,-19.1004178],[-51.7334877,-19.1011854],[-51.7341986,-19.1020764],[-51.7345852,-19.1023072]]]}},
{"type":"Feature","properties":{"osm_id":"361339074","code":5122,"fclass":"residential","name":null,"ref":null,"oneway":"B","maxspeed":40,"layer":0,"bridge":"F","tunnel":"F"},"geometry":{"type":"MultiLineString","coordinates":[[[-51.7347848,-19.1002851],[-51.7355066,-19.1012017],[-51.7356892,-19.1014561],[-51.7360853,-19.1020146],[-51.7365782,-19.1026958]]]}},
{"type":"Feature","properties":{"osm_id":"361339075","code":5122,"fclass":"residential","name":null,"ref":null,"oneway":"B","maxspeed":40,"layer":0,"bridge":"F","tunnel":"F"},"geometry":{"type":"MultiLineString","coordinates":[[[-51.7355714,-19.1004648],[-51.7355727,-19.1005029],[-51.7355861,-19.1005397],[-51.7359738,-19.1010177],[-51.7360927,-19.1011762],[-51.7365077,-19.1017303],[-51.7370637,-19.1024785]]]}},
{"type":"Feature","properties":{"osm_id":"361339076","code":5122,"fclass":"residential","name":null,"ref":null,"oneway":"B","maxspeed":40,"layer":0,"bridge":"F","tunnel":"F"},"geometry":{"type":"MultiLineString","coordinates":[[[-51.7375185,-19.1022467],[-51.7369039,-19.1014596],[-51.736508,-19.1009104]]]}},
{"type":"Feature","properties":{"osm_id":"385902842","code":5113,"fclass":"primary","name":"Avenida da Saudade","ref":"MS-112","oneway":"F","maxspeed":0,"layer":0,"bridge":"F","tunnel":"F"},"geometry":{"type":"MultiLineString","coordinates":[[[-51.7332587,-19.1233902],[-51.7332716,-19.1235422],[-51.7334897,-19.125848],[-51.7339655,-19.130857]]]}},
{"type":"Feature","properties":{"osm_id":"385902845","code":5113,"fclass":"primary","name":"Avenida da Saudade","ref":"MS-112","oneway":"B","maxspeed":0,"layer":0,"bridge":"F","tunnel":"F"},"geometry":{"type":"MultiLineString","coordinates":[[[-51.734893,-19.1203664],[-51.7345446,-19.1209256],[-51.7338766,-19.121952],[-51.7335361,-19.1224229],[-51.7333889,-19.1226862],[-51.7333329,-19.1229804],[-51.7333244,-19.1230252]]]}},
{"type":"Feature","properties":{"osm_id":"385902848","code":5113,"fclass":"primary","name":null,"ref":"MS-112","oneway":"B","maxspeed":0,"layer":0,"bridge":"F","tunnel":"F"},"geometry":{"type":"MultiLineString","coordinates":[[[-51.7340132,-19.1308811],[-51.7340512,-19.1309176],[-51.734076,-19.130963],[-51.7340854,-19.1310134],[-51.7340785,-19.1310641],[-51.7340561,-19.1311105],[-51.7340202,-19.1311485],[-51.733974,-19.1311748],[-51.7339216,-19.131187],[-51.7338677,-19.131184],[-51.733803,-19.1311577],[-51.7337538,-19.1311099],[-51.7337279,-19.131048],[-51.733729,-19.1309814],[-51.7337571,-19.1309203],[-51.7338226,-19.1308665],[-51.7338577,-19.1308531],[-51.7339119,-19.1308472],[-51.7339655,-19.130857],[-51.7340132,-19.1308811]]]}},
{"type":"Feature","properties":{"osm_id":"385902851","code":5133,"fclass":"primary_link","name":null,"ref":null,"oneway":"F","maxspeed":0,"layer":0,"bridge":"F","tunnel":"F"},"geometry":{"type":"MultiLineString","coordinates":[[[-51.7341963,-19.1312722],[-51.7340597,-19.1314047]]]}},
{"type":"Feature","properties":{"osm_id":"385902852","code":5113,"fclass":"primary","name":null,"ref":"MS-112","oneway":"F","maxspeed":0,"layer":0,"bridge":"F","tunnel":"F"},"geometry":{"type":"MultiLineString","coordinates":[[[-51.7340785,-19.1310641],[-51.7341963,-19.1312722],[-51.7342528,-19.1313849],[-51.7344138,-19.1318524]]]}},
{"type":"Feature","properties":{"osm_id":"385902854","code":5113,"fclass":"primary","name":null,"ref":"MS-112","oneway":"F","maxspeed":0,"layer":0,"bridge":"F","tunnel":"F"},"geometry":{"type":"MultiLineString","coordinates":[[[-51.7344138,-19.1318524],[-51.7341126,-19.1314628],[-51.7340597,-19.1314047],[-51.7338677,-19.131184]]]}},
{"type":"Feature","properties":{"osm_id":"385902856","code":5122,"fclass":"residential","name":null,"ref":null,"oneway":"B","maxspeed":0,"layer":0,"bridge":"F","tunnel":"F"},"geometry":{"type":"MultiLineString","coordinates":[[[-51.7332716,-19.1235422],[-51.7332306,-19.1235341],[-51.733196,-19.1235273],[-51.7330626,-19.123327],[-51.7330241,-19.1232376],[-51.7329541,-19.1231573],[-51.7327722,-19.1230386],[-51.7322625,-19.1227267],[-51.7319609,-19.1225167],[-51.7318796,-19.1224413],[-51.7318537,-19.1224056],[-51.7318214,-19.1223627],[-51.7318129,-19.1223241],[-51.7317336,-19.1218649]]]}},
{"type":"Feature","properties":{"osm_id":"385902857","code":5113,"fclass":"primary","name":"Avenida da Saudade","ref":"MS-112","oneway":"F","maxspeed":0,"layer":0,"bridge":"F","tunnel":"F"},"geometry":{"type":"MultiLineString","coordinates":[[[-51.7338226,-19.1308665],[-51.7338159,-19.1307369],[-51.7336568,-19.1289371],[-51.7335301,-19.1277301],[-51.7331671,-19.1236995],[-51.733196,-19.1235273],[-51.7332093,-19.1234991],[-51.7332587,-19.1233902]]]}},
{"type":"Feature","properties":{"osm_id":"385919261","code":5115,"fclass":"tertiary","name":"Rua Laudemiro Ferreira de Freitas","ref":"BR-158","oneway":"B","maxspeed":0,"layer":0,"bridge":"F","tunnel":"F"},"geometry":{"type":"MultiLineString","coordinates":[[[-51.7315984,-19.115548],[-51.7321066,-19.1155592],[-51.7325264,-19.1155685],[-51.7330378,-19.1155926],[-51.7335981,-19.115619],[-51.7351102,-19.115671],[-51.7362302,-19.1157177],[-51.7373692,-19.1157673],[-51.7384745,-19.1158144],[-51.7395738,-19.1158597],[-51.7406657,-19.1159046],[-51.7416413,-19.1159015]]]}},
{"type":"Feature","properties":{"osm_id":"385919262","code":5115,"fclass":"tertiary","name":null,"ref":"BR-158","oneway":"B","maxspeed":0,"layer":1,"bridge":"T","tunnel":"F"},"geometry":{"type":"MultiLineString","coordinates":[[[-51.7312288,-19.1158424],[-51.7314571,-19.1156459]]]}},
{"type":"Feature","properties":{"osm_id":"385919263","code":5113,"fclass":"primary","name":null,"ref":"MS-112","oneway":"B","maxspeed":0,"layer":1,"bridge":"T","tunnel":"F"},"geometry":{"type":"MultiLineString","coordinates":[[[-51.7333244,-19.1230252],[-51.7332886,-19.1232415]]]}},
{"type":"Feature","properties":{"osm_id":"385919264","code":5113,"fclass":"primary","name":null,"ref":"MS-112","oneway":"B","maxspeed":0,"layer":0,"bridge":"F","tunnel":"F"},"geometry":{"type":"MultiLineString","coordinates":[[[-51.7332886,-19.1232415],[-51.7332587,-19.1233902]]]}},
{"type":"Feature","properties":{"osm_id":"385919265","code":5113,"fclass":"primary","name":"Avenida Presidente Dutra","ref":"MS-306","oneway":"B","maxspeed":0,"layer":1,"bridge":"T","tunnel":"F"},"geometry":{"type":"MultiLineString","coordinates":[[[-51.7329267,-19.1197856],[-51.732582,-19.1197711]]]}},
{"type":"Feature","properties":{"osm_id":"385919267","code":5122,"fclass":"residential","name":"Rua Amim José","ref":null,"oneway":"B","maxspeed":0,"layer":0,"bridge":"F","tunnel":"F"},"geometry":{"type":"MultiLineString","coordinates":[[[-51.7424455,-19.1139164],[-51.7418683,-19.1138833],[-51.7407718,-19.1138203],[-51.7396658,-19.1137567],[-51.7385683,-19.1136937],[-51.737462,-19.1136528],[-51.7363343,-19.1136125],[-51.7352183,-19.1135559]]]}},
{"type":"Feature","properties":{"osm_id":"385919268","code":5122,"fclass":"residential","name":null,"ref":null,"oneway":"B","maxspeed":0,"layer":1,"bridge":"T","tunnel":"F"},"geometry":{"type":"MultiLineString","coordinates":[[[-51.7320346,-19.1218791],[-51.7318043,-19.1218668]]]}},
{"type":"Feature","properties":{"osm_id":"385919269","code":5122,"fclass":"residential","name":"Rua Hesméria Augusta","ref":null,"oneway":"B","maxspeed":0,"layer":0,"bridge":"F","tunnel":"F"},"geometry":{"type":"MultiLineString","coordinates":[[[-51.7338766,-19.121952],[-51.7320547,-19.121879],[-51.7320346,-19.1218791]]]}},
{"type":"Feature","properties":{"osm_id":"385919270","code":5122,"fclass":"residential","name":null,"ref":null,"oneway":"F","maxspeed":0,"layer":1,"bridge":"T","tunnel":"F"},"geometry":{"type":"MultiLineString","coordinates":[[[-51.7290019,-19.1132456],[-51.7287668,-19.1132367]]]}},
{"type":"Feature","properties":{"osm_id":"385919271","code":5122,"fclass":"residential","name":null,"ref":null,"oneway":"B","maxspeed":0,"layer":0,"bridge":"F","tunnel":"F"},"geometry":{"type":"MultiLineString","coordinates":[[[-51.7213737,-19.1171501],[-51.7208316,-19.1172835]]]}},
{"type":"Feature","properties":{"osm_id":"385919272","code":5122,"fclass":"residential","name":null,"ref":null,"oneway":"B","maxspeed":0,"layer":0,"bridge":"F","tunnel":"F"},"geometry":{"type":"MultiLineString","coordinates":[[[-51.7239346,-19.1178015],[-51.7235325,-19.1180905]]]}},
{"type":"Feature","properties":{"osm_id":"385919273","code":5122,"fclass":"residential","name":"Rua Antônio Cristiano Sobrinho","ref":null,"oneway":"B","maxspeed":0,"layer":0,"bridge":"F","tunnel":"F"},"geometry":{"type":"MultiLineString","coordinates":[[[-51.7242122,-19.1132208],[-51.7248753,-19.1129824],[-51.7250115,-19.1129494],[-51.7259202,-19.1127294]]]}},
{"type":"Feature","properties":{"osm_id":"385919274","code":5122,"fclass":"residential","name":"Rua Elizena Candida de Queiroz","ref":null,"oneway":"B","maxspeed":0,"layer":0,"bridge":"F","tunnel":"F"},"geometry":{"type":"MultiLineString","coordinates":[[[-51.7218707,-19.1166596],[-51.7222573,-19.1172701],[-51.722635,-19.1178496]]]}},
{"type":"Feature","properties":{"osm_id":"385919275","code":5122,"fclass":"residential","name":"Rua Herculino Francisco de Almeida","ref":null,"oneway":"B","maxspeed":0,"layer":0,"bridge":"F","tunnel":"F"},"geometry":{"type":"MultiLineString","coordinates":[[[-51.7393497,-19.1211377],[-51.7382425,-19.1210988],[-51.7371366,-19.1210666],[-51.7360035,-19.1210053],[-51.7348748,-19.1209372],[-51.7345446,-19.1209256],[-51.7333972,-19.1208742]]]}},
{"type":"Feature","properties":{"osm_id":"385929686","code":5115,"fclass":"tertiary","name":null,"ref":"BR-158","oneway":"B","maxspeed":0,"layer":0,"bridge":"F","tunnel":"F"},"geometry":{"type":"MultiLineString","coordinates":[[[-51.7314571,-19.1156459],[-51.7315984,-19.115548]]]}},
{"type":"Feature","properties":{"osm_id":"385929687","code":5113,"fclass":"primary","name":null,"ref":"MS-306","oneway":"B","maxspeed":0,"layer":0,"bridge":"F","tunnel":"F"},"geometry":{"type":"MultiLineString","coordinates":[[[-51.7456135,-19.1068835],[-51.7457424,-19.1067016],[-51.7461135,-19.1062363],[-51.7461256,-19.1062232],[-51.7464747,-19.1058444],[-51.746622,-19.1057143],[-51.7467024,-19.1056352],[-51.7467365,-19.1056016],[-51.7468912,-19.1054608]]]}},
{"type":"Feature","properties":{"osm_id":"385929688","code":5122,"fclass":"residential","name":"Rua Caetano M. da Silva","ref":null,"oneway":"B","maxspeed":0,"layer":0,"bridge":"F","tunnel":"F"},"geometry":{"type":"MultiLineString","coordinates":[[[-51.7208766,-19.1276829],[-51.7209304,-19.1266385],[-51.7209575,-19.1256021]]]}},
{"type":"Feature","properties":{"osm_id":"385929689","code":5122,"fclass":"residential","name":"Rua Vanderlan Luiz de Moraes","ref":null,"oneway":"B","maxspeed":0,"layer":0,"bridge":"F","tunnel":"F"},"geometry":{"type":"MultiLineString","coordinates":[[[-51.7268352,-19.1300895],[-51.7268727,-19.1301456],[-51.7269184,-19.1301689],[-51.7272299,-19.1301618],[-51.7273837,-19.1301508],[-51.7279324,-19.130072],[-51.7281447,-19.1300401],[-51.7283884,-19.129972],[-51.7285123,-19.1298795]]]}},
{"type":"Feature","properties":{"osm_id":"385929690","code":5122,"fclass":"residential","name":"Rua João José Gomes","ref":null,"oneway":"B","maxspeed":0,"layer":0,"bridge":"F","tunnel":"F"},"geometry":{"type":"MultiLineString","coordinates":[[[-51.7295676,-19.1170675],[-51.7294181,-19.1168956],[-51.7287557,-19.1161561]]]}},
{"type":"Feature","properties":{"osm_id":"385930135","code":5122,"fclass":"residential","name":"Rua São João","ref":null,"oneway":"B","maxspeed":0,"layer":0,"bridge":"F","tunnel":"F"},"geometry":{"type":"MultiLineString","coordinates":[[[-51.7374837,-19.1031017],[-51.7379267,-19.1031249],[-51.7390334,-19.1031828],[-51.7401262,-19.1032399],[-51.7408484,-19.1032777],[-51.7417326,-19.103324],[-51.7426361,-19.1033712],[-51.7435469,-19.1034189]]]}},
{"type":"Feature","properties":{"osm_id":"385931579","code":5122,"fclass":"residential","name":"Rua Abadia A. de Oliveira","ref":null,"oneway":"B","maxspeed":0,"layer":0,"bridge":"F","tunnel":"F"},"geometry":{"type":"MultiLineString","coordinates":[[[-51.734772,-19.1230483],[-51.7359345,-19.123114],[-51.7370425,-19.1231466]]]}},
{"type":"Feature","properties":{"osm_id":"385931580","code":5122,"fclass":"residential","name":"Rua Cinco","ref":null,"oneway":"B","maxspeed":0,"layer":0,"bridge":"F","tunnel":"F"},"geometry":{"type":"MultiLineString","coordinates":[[[-51.7377393,-19.1216263],[-51.7380505,-19.1219043]]]}},
{"type":"Feature","properties":{"osm_id":"385931581","code":5122,"fclass":"residential","name":"Rua Hesméria Augusta","ref":null,"oneway":"B","maxspeed":0,"layer":0,"bridge":"F","tunnel":"F"},"geometry":{"type":"MultiLineString","coordinates":[[[-51.7338766,-19.121952],[-51.7348173,-19.1219983],[-51.735983,-19.1220557],[-51.7365243,-19.1220791]]]}},
{"type":"Feature","properties":{"osm_id":"385931582","code":5122,"fclass":"residential","name":"Rua Otávio B. Oliveira","ref":null,"oneway":"B","maxspeed":0,"layer":0,"bridge":"F","tunnel":"F"},"geometry":{"type":"MultiLineString","coordinates":[[[-51.7380865,-19.1229364],[-51.7381625,-19.1230803],[-51.7382553,-19.1234929],[-51.7384031,-19.1241606]]]}},
{"type":"Feature","properties":{"osm_id":"385991742","code":5122,"fclass":"residential","name":"Viela Izanópolis","ref":null,"oneway":"B","maxspeed":0,"layer":0,"bridge":"F","tunnel":"F"},"geometry":{"type":"MultiLineString","coordinates":[[[-51.7261735,-19.1247882],[-51.7261235,-19.1258417]]]}},
{"type":"Feature","properties":{"osm_id":"385992364","code":5122,"fclass":"residential","name":"Rua Aroeira","ref":null,"oneway":"B","maxspeed":0,"layer":0,"bridge":"F","tunnel":"F"},"geometry":{"type":"MultiLineString","coordinates":[[[-51.726732,-19.1279702],[-51.726697,-19.1289957]]]}},
{"type":"Feature","properties":{"osm_id":"385995077","code":5122,"fclass":"residential","name":"Rua Geraldo José de Almeida","ref":null,"oneway":"B","maxspeed":0,"layer":0,"bridge":"F","tunnel":"F"},"geometry":{"type":"MultiLineString","coordinates":[[[-51.7191455,-19.1196775],[-51.7189063,-19.1190623],[-51.718406,-19.1177044]]]}},
{"type":"Feature","properties":{"osm_id":"385995078","code":5122,"fclass":"residential","name":"Rua Guilherme P Garcia","ref":null,"oneway":"B","maxspeed":0,"layer":0,"bridge":"F","tunnel":"F"},"geometry":{"type":"MultiLineString","coordinates":[[[-51.717906,-19.1203921],[-51.7180495,-19.1203095],[-51.7184184,-19.120097],[-51.7187987,-19.119878],[-51.7191455,-19.1196775],[-51.7194433,-19.1195068],[-51.7197521,-19.1193289],[-51.7197977,-19.1193423]]]}},
{"type":"Feature","properties":{"osm_id":"385995079","code":5122,"fclass":"residential","name":"Rua Quatro","ref":null,"oneway":"B","maxspeed":0,"layer":0,"bridge":"F","tunnel":"F"},"geometry":{"type":"MultiLineString","coordinates":[[[-51.7194374,-19.1165649],[-51.7192719,-19.1161412]]]}},
{"type":"Feature","properties":{"osm_id":"385995080","code":5122,"fclass":"residential","name":null,"ref":null,"oneway":"B","maxspeed":0,"layer":0,"bridge":"F","tunnel":"F"},"geometry":{"type":"MultiLineString","coordinates":[[[-51.7169743,-19.1179854],[-51.7170728,-19.1180511]]]}},
{"type":"Feature","properties":{"osm_id":"385995081","code":5122,"fclass":"residential","name":null,"ref":null,"oneway":"B","maxspeed":0,"layer":0,"bridge":"F","tunnel":"F"},"geometry":{"type":"MultiLineString","coordinates":[[[-51.7197465,-19.1187141],[-51.7194425,-19.1188889],[-51.7192412,-19.118954],[-51.7189063,-19.1190623],[-51.7185297,-19.1191841]]]}},
{"type":"Feature","properties":{"osm_id":"385996237","code":5122,"fclass":"residential","name":"Rua Trajano B. Sandoval","ref":null,"oneway":"B","maxspeed":0,"layer":0,"bridge":"F","tunnel":"F"},"geometry":{"type":"MultiLineString","coordinates":[[[-51.7235325,-19.1180905],[-51.7233363,-19.1177939],[-51.7227859,-19.116962]]]}},
{"type":"Feature","properties":{"osm_id":"385996667","code":5122,"fclass":"residential","name":"Rua Elizena Candida de Queiroz","ref":null,"oneway":"B","maxspeed":0,"layer":0,"bridge":"F","tunnel":"F"},"geometry":{"type":"MultiLineString","coordinates":[[[-51.7227969,-19.1180721],[-51.722635,-19.1178496]]]}},
{"type":"Feature","properties":{"osm_id":"385996668","code":5122,"fclass":"residential","name":null,"ref":null,"oneway":"B","maxspeed":0,"layer":0,"bridge":"F","tunnel":"F"},"geometry":{"type":"MultiLineString","coordinates":[[[-51.7233363,-19.1177939],[-51.7227969,-19.1180721]]]}},
{"type":"Feature","properties":{"osm_id":"386003071","code":5122,"fclass":"residential","name":"Rua Sebastião Leal","ref":null,"oneway":"B","maxspeed":0,"layer":0,"bridge":"F","tunnel":"F"},"geometry":{"type":"MultiLineString","coordinates":[[[-51.7354721,-19.1024159],[-51.7354687,-19.1024779],[-51.7354667,-19.1025559],[-51.7354541,-19.1033283]]]}},
{"type":"Feature","properties":{"osm_id":"386008818","code":5113,"fclass":"primary","name":null,"ref":"MS-112","oneway":"B","maxspeed":0,"layer":0,"bridge":"F","tunnel":"F"},"geometry":{"type":"MultiLineString","coordinates":[[[-51.7507673,-19.2107689],[-51.7520215,-19.2118391],[-51.7568993,-19.2162587],[-51.7574801,-19.2165843],[-51.7580612,-19.216844],[-51.758558,-19.2169743],[-51.759052,-19.217049],[-51.7598223,-19.2170361],[-51.7605577,-19.2169402],[-51.7614582,-19.2166181],[-51.7654865,-19.2144044],[-51.766134,-19.2141703],[-51.7671814,-19.2138921],[-51.7683752,-19.2138351],[-51.7686625,-19.2138742],[-51.7693876,-19.213973],[-51.7701378,-19.2142027],[-51.7739408,-19.2157591],[-51.7746138,-19.2161145],[-51.7752601,-19.216528],[-51.7761059,-19.2173347],[-51.7766186,-19.2179872],[-51.7772999,-19.2187783],[-51.7780711,-19.2195209],[-51.7797722,-19.2206675],[-51.7807385,-19.2210363],[-51.7816815,-19.2212506],[-51.7892656,-19.2212546],[-51.793955,-19.221257],[-51.7996502,-19.2211646],[-51.8025543,-19.2211713],[-51.8042617,-19.2211752],[-51.80507,-19.2212454],[-51.8056665,-19.2214836],[-51.8057991,-19.2215365],[-51.8062797,-19.2218421],[-51.8067514,-19.2223471],[-51.813036109539887,-19.234684629392955]]]}},
{"type":"Feature","properties":{"osm_id":"386008819","code":5133,"fclass":"primary_link","name":null,"ref":"MS-112","oneway":"F","maxspeed":0,"layer":0,"bridge":"F","tunnel":"F"},"geometry":{"type":"MultiLineString","coordinates":[[[-51.750341,-19.210091],[-51.7503262,-19.2101868],[-51.7502989,-19.2102361],[-51.750247,-19.2102843],[-51.7501891,-19.2103176],[-51.7501304,-19.2103375],[-51.7500695,-19.2103397]]]}},
{"type":"Feature","properties":{"osm_id":"386008820","code":5133,"fclass":"primary_link","name":null,"ref":"MS-112","oneway":"F","maxspeed":0,"layer":0,"bridge":"F","tunnel":"F"},"geometry":{"type":"MultiLineString","coordinates":[[[-51.7496293,-19.2099446],[-51.7496543,-19.2098854],[-51.749699,-19.2098225],[-51.7497361,-19.209779],[-51.749786,-19.2097443],[-51.749842,-19.2097221],[-51.7499009,-19.2097072]]]}},
{"type":"Feature","properties":{"osm_id":"386008821","code":5113,"fclass":"primary","name":null,"ref":"MS-112","oneway":"F","maxspeed":0,"layer":0,"bridge":"F","tunnel":"F"},"geometry":{"type":"MultiLineString","coordinates":[[[-51.7491504,-19.2092753],[-51.7495685,-19.2095607],[-51.7499009,-19.2097072],[-51.7501097,-19.209823],[-51.750235,-19.2099462],[-51.750341,-19.210091],[-51.7507673,-19.2107689]]]}},
{"type":"Feature","properties":{"osm_id":"386008822","code":5113,"fclass":"primary","name":null,"ref":"MS-112","oneway":"F","maxspeed":0,"layer":0,"bridge":"F","tunnel":"F"},"geometry":{"type":"MultiLineString","coordinates":[[[-51.7507673,-19.2107689],[-51.7504613,-19.2105592],[-51.7500695,-19.2103397],[-51.7498505,-19.2101977],[-51.7497366,-19.2100883],[-51.7496293,-19.2099446],[-51.7495175,-19.2097957],[-51.7493252,-19.2095031],[-51.7491504,-19.2092753]]]}},
{"type":"Feature","properties":{"osm_id":"386017809","code":5122,"fclass":"residential","name":"Alameda dos Bancários","ref":null,"oneway":"B","maxspeed":0,"layer":0,"bridge":"F","tunnel":"F"},"geometry":{"type":"MultiLineString","coordinates":[[[-51.7259776,-19.1135498],[-51.7259202,-19.1127294]]]}},
{"type":"Feature","properties":{"osm_id":"386017810","code":5115,"fclass":"tertiary","name":"Rodovia Maria Vitória Dias","ref":"MS-310","oneway":"B","maxspeed":0,"layer":0,"bridge":"F","tunnel":"F"},"geometry":{"type":"MultiLineString","coordinates":[[[-51.703547096379097,-19.289238118346312],[-51.7036135,-19.2889132],[-51.7037871,-19.2884136],[-51.7115794,-19.2737194],[-51.7170289,-19.2503403],[-51.7171677,-19.2500126],[-51.717376,-19.2496685],[-51.7251826,-19.240131],[-51.7258311,-19.2393066],[-51.7332324,-19.2302356],[-51.7396275,-19.2225248],[-51.7433886,-19.2178631],[-51.7498505,-19.2101977]]]}},
{"type":"Feature","properties":{"osm_id":"386017812","code":5122,"fclass":"residential","name":"Rua Agostinho Ribeiro de Souza","ref":null,"oneway":"B","maxspeed":0,"layer":0,"bridge":"F","tunnel":"F"},"geometry":{"type":"MultiLineString","coordinates":[[[-51.7265984,-19.1178587],[-51.7269423,-19.1182687],[-51.7271332,-19.1184835],[-51.7273859,-19.118772]]]}},
{"type":"Feature","properties":{"osm_id":"386017813","code":5122,"fclass":"residential","name":"Rua João Batista Cardoso","ref":null,"oneway":"B","maxspeed":0,"layer":0,"bridge":"F","tunnel":"F"},"geometry":{"type":"MultiLineString","coordinates":[[[-51.7281186,-19.1182183],[-51.727854,-19.1178929],[-51.7273004,-19.1173046]]]}},
{"type":"Feature","properties":{"osm_id":"386017814","code":5122,"fclass":"residential","name":"Rua Ricardo Dutra de Oliveira","ref":null,"oneway":"F","maxspeed":0,"layer":0,"bridge":"F","tunnel":"F"},"geometry":{"type":"MultiLineString","coordinates":[[[-51.7287668,-19.1132367],[-51.728051,-19.1132428],[-51.7278312,-19.1132723],[-51.7276181,-19.1133419],[-51.7274725,-19.1134611],[-51.7267457,-19.1140514],[-51.7260683,-19.1145812],[-51.7253907,-19.1151112],[-51.7246911,-19.1156584],[-51.723993,-19.1162044]]]}},
{"type":"Feature","properties":{"osm_id":"391269593","code":5115,"fclass":"tertiary","name":null,"ref":"MS-229","oneway":"B","maxspeed":0,"layer":0,"bridge":"F","tunnel":"F"},"geometry":{"type":"MultiLineString","coordinates":[[[-52.3701434,-18.9940542],[-52.3689156,-18.9937774],[-52.3678882,-18.9935458],[-52.3668647,-18.9932933],[-52.3658503,-18.9930566],[-52.3652696,-18.9929211],[-52.3651918,-18.9929103],[-52.3651113,-18.9929186],[-52.3650369,-18.992949],[-52.3643653,-18.9933851]]]}},
{"type":"Feature","properties":{"osm_id":"391269594","code":5115,"fclass":"tertiary","name":null,"ref":"MS-229","oneway":"B","maxspeed":0,"layer":1,"bridge":"T","tunnel":"F"},"geometry":{"type":"MultiLineString","coordinates":[[[-52.3643653,-18.9933851],[-52.364205,-18.9935468]]]}},
{"type":"Feature","properties":{"osm_id":"391269596","code":5122,"fclass":"residential","name":null,"ref":null,"oneway":"B","maxspeed":0,"layer":0,"bridge":"F","tunnel":"F"},"geometry":{"type":"MultiLineString","coordinates":[[[-52.3663717,-18.9910056],[-52.3661258,-18.991973],[-52.3658503,-18.9930566]]]}},
{"type":"Feature","properties":{"osm_id":"391269597","code":5122,"fclass":"residential","name":null,"ref":null,"oneway":"B","maxspeed":0,"layer":0,"bridge":"F","tunnel":"F"},"geometry":{"type":"MultiLineString","coordinates":[[[-52.3674129,-18.9912285],[-52.367153,-18.9922053],[-52.3668647,-18.9932933],[-52.3665905,-18.994336]]]}},
{"type":"Feature","properties":{"osm_id":"391269598","code":5122,"fclass":"residential","name":null,"ref":null,"oneway":"B","maxspeed":0,"layer":0,"bridge":"F","tunnel":"F"},"geometry":{"type":"MultiLineString","coordinates":[[[-52.3684108,-18.9914421],[-52.3681644,-18.9924341],[-52.3678882,-18.9935458],[-52.3676239,-18.9946099]]]}},
{"type":"Feature","properties":{"osm_id":"391269599","code":5122,"fclass":"residential","name":null,"ref":null,"oneway":"B","maxspeed":0,"layer":0,"bridge":"F","tunnel":"F"},"geometry":{"type":"MultiLineString","coordinates":[[[-52.369454,-18.9916653],[-52.3691984,-18.992668],[-52.3689156,-18.9937774],[-52.3686969,-18.9948713]]]}},
{"type":"Feature","properties":{"osm_id":"391269600","code":5122,"fclass":"residential","name":null,"ref":null,"oneway":"B","maxspeed":0,"layer":0,"bridge":"F","tunnel":"F"},"geometry":{"type":"MultiLineString","coordinates":[[[-52.3706781,-18.9919273],[-52.3704223,-18.9929448],[-52.3701434,-18.9940542],[-52.3699343,-18.9948899]]]}},
{"type":"Feature","properties":{"osm_id":"391269601","code":5122,"fclass":"residential","name":null,"ref":null,"oneway":"B","maxspeed":0,"layer":0,"bridge":"F","tunnel":"F"},"geometry":{"type":"MultiLineString","coordinates":[[[-52.3717576,-18.9932468],[-52.3714619,-18.9942951]]]}},
{"type":"Feature","properties":{"osm_id":"391269602","code":5122,"fclass":"residential","name":null,"ref":null,"oneway":"B","maxspeed":0,"layer":0,"bridge":"F","tunnel":"F"},"geometry":{"type":"MultiLineString","coordinates":[[[-52.3717576,-18.9932468],[-52.3704223,-18.9929448],[-52.3691984,-18.992668],[-52.3681644,-18.9924341],[-52.367153,-18.9922053],[-52.3661258,-18.991973]]]}},
{"type":"Feature","properties":{"osm_id":"391269603","code":5122,"fclass":"residential","name":null,"ref":null,"oneway":"B","maxspeed":0,"layer":0,"bridge":"F","tunnel":"F"},"geometry":{"type":"MultiLineString","coordinates":[[[-52.3706781,-18.9919273],[-52.369454,-18.9916653],[-52.3684108,-18.9914421],[-52.3674129,-18.9912285],[-52.3663717,-18.9910056]]]}},
{"type":"Feature","properties":{"osm_id":"391269604","code":5122,"fclass":"residential","name":null,"ref":null,"oneway":"B","maxspeed":0,"layer":0,"bridge":"F","tunnel":"F"},"geometry":{"type":"MultiLineString","coordinates":[[[-52.3714619,-18.9942951],[-52.3714285,-18.9944231],[-52.3713495,-18.9944916],[-52.3710533,-18.9947032],[-52.3699343,-18.9948899],[-52.3693485,-18.9949895],[-52.3686969,-18.9948713],[-52.3676239,-18.9946099],[-52.3665905,-18.994336]]]}},
{"type":"Feature","properties":{"osm_id":"412986514","code":5113,"fclass":"primary","name":null,"ref":"MS-306","oneway":"B","maxspeed":80,"layer":0,"bridge":"F","tunnel":"F"},"geometry":{"type":"MultiLineString","coordinates":[[[-51.8588596,-19.0515645],[-51.8598803,-19.050513],[-51.8604229,-19.0500213],[-51.8608887,-19.0497085],[-51.8614279,-19.0494305],[-51.8619733,-19.0492046],[-51.8625125,-19.0490424],[-51.8631253,-19.0489265],[-51.8638116,-19.0488628],[-51.8645471,-19.048903],[-51.8649245,-19.0489452],[-51.8813426,-19.0507795],[-51.8848181,-19.0511677],[-51.8884579,-19.0515744],[-51.9017521,-19.0530596],[-51.9227722,-19.0554079],[-51.9264285,-19.0558164]]]}},
{"type":"Feature","properties":{"osm_id":"412986515","code":5113,"fclass":"primary","name":null,"ref":"MS-306","oneway":"B","maxspeed":80,"layer":1,"bridge":"T","tunnel":"F"},"geometry":{"type":"MultiLineString","coordinates":[[[-51.8586034,-19.0518284],[-51.8588596,-19.0515645]]]}},
{"type":"Feature","properties":{"osm_id":"428689293","code":5115,"fclass":"tertiary","name":null,"ref":"MS-229","oneway":"B","maxspeed":0,"layer":0,"bridge":"F","tunnel":"F"},"geometry":{"type":"MultiLineString","coordinates":[[[-52.565782014732996,-18.949278001224613],[-52.5652349,-18.9493677],[-52.5618902,-18.9498916],[-52.5552209,-18.950933],[-52.5437251,-18.9527346],[-52.5409206,-18.9531527],[-52.527169,-18.9553039],[-52.516998225022263,-18.956962943287024]],[[-52.486528465230293,-18.962076130771617],[-52.483213,-18.9626248],[-52.47962756163151,-18.963262404612188]],[[-52.478551129910116,-18.963703722009168],[-52.4735785,-18.9676853],[-52.4725994,-18.9685427],[-52.4722159,-18.9690462],[-52.4712807,-18.9698053],[-52.4690858,-18.971584],[-52.4686844,-18.9718852],[-52.4681738,-18.972279],[-52.4677419,-18.972657],[-52.4661353,-18.9739506],[-52.4655479,-18.9744603],[-52.4648596,-18.9749898],[-52.4645502,-18.9752822],[-52.4637508,-18.9759391],[-52.4633753,-18.9763526],[-52.4632224,-18.976832],[-52.4631882,-18.977376],[-52.4634504,-18.9799898],[-52.4634182,-18.9807405],[-52.4634933,-18.9817627],[-52.463783,-18.9844614],[-52.4639949,-18.9857676],[-52.4641264,-18.9866908],[-52.4640754,-18.9877687],[-52.4639574,-18.9885067],[-52.4637354,-18.989104],[-52.463201,-18.9900386],[-52.4545944,-19.0040773],[-52.4542082,-19.0045845],[-52.4537897,-19.0048787],[-52.4511875,-19.0062296],[-52.4507421,-19.0064257],[-52.4490619,-19.0073723],[-52.4488933,-19.0074781],[-52.4481346,-19.007993],[-52.4395963,-19.0135144],[-52.4389644,-19.0139261],[-52.4385735,-19.0140981],[-52.4381632,-19.0141717],[-52.4204928,-19.0031111],[-52.4196479,-19.0028575],[-52.4192865,-19.002828],[-52.4192128,-19.002822],[-52.4187487,-19.0026597],[-52.4182914,-19.0025037],[-52.4158613,-19.0019724]]]}},
{"type":"Feature","properties":{"osm_id":"474868380","code":5122,"fclass":"residential","name":null,"ref":null,"oneway":"B","maxspeed":0,"layer":0,"bridge":"F","tunnel":"F"},"geometry":{"type":"MultiLineString","coordinates":[[[-51.742668,-19.1217949],[-51.7427568,-19.1221447],[-51.7428375,-19.1224621]]]}},
{"type":"Feature","properties":{"osm_id":"474868381","code":5122,"fclass":"residential","name":null,"ref":null,"oneway":"B","maxspeed":0,"layer":0,"bridge":"F","tunnel":"F"},"geometry":{"type":"MultiLineString","coordinates":[[[-51.7427568,-19.1221447],[-51.7418681,-19.1223344]]]}},
{"type":"Feature","properties":{"osm_id":"485092322","code":5121,"fclass":"unclassified","name":null,"ref":null,"oneway":"B","maxspeed":0,"layer":0,"bridge":"F","tunnel":"F"},"geometry":{"type":"MultiLineString","coordinates":[[[-51.9266442,-18.9886233],[-51.9262978,-18.9877826],[-51.9262657,-18.9876507],[-51.9263046,-18.9875531],[-51.926845,-18.9864917],[-51.9270304,-18.9862728],[-51.9272313,-18.9861455],[-51.9323561,-18.9843588]]]}},
{"type":"Feature","properties":{"osm_id":"485092324","code":5121,"fclass":"unclassified","name":null,"ref":null,"oneway":"B","maxspeed":0,"layer":0,"bridge":"F","tunnel":"F"},"geometry":{"type":"MultiLineString","coordinates":[[[-52.020719,-19.0071751],[-52.0206164,-19.0070762],[-52.0205359,-19.0070064],[-52.0204769,-19.0069639],[-52.020383,-19.0069081],[-52.0199237,-19.0066679],[-52.01951,-19.006451],[-52.0192397,-19.0062691],[-52.0190151,-19.0061207],[-52.0187201,-19.0059121],[-52.0184418,-19.0057213],[-52.0179188,-19.0054094],[-52.01722,-19.0050112],[-52.0168948,-19.004828],[-52.0165676,-19.00462],[-52.0163126,-19.0044362],[-52.0158454,-19.0041141],[-52.0155423,-19.0038694],[-52.0150723,-19.0034902],[-52.0147008,-19.0032081],[-52.0144775,-19.003056],[-52.0142294,-19.0029],[-52.0139893,-19.0027554],[-52.01377,-19.0026464],[-52.013467,-19.0025018],[-52.0131947,-19.0023617],[-52.0127059,-19.0021525],[-52.0123733,-19.002006],[-52.0120407,-19.0018976],[-52.0116866,-19.0017803],[-52.0112622,-19.0016072],[-52.0109336,-19.0014646],[-52.0106808,-19.0013479],[-52.0104515,-19.0012192],[-52.0101618,-19.0010835],[-52.0099432,-19.0009865],[-52.0098138,-19.0009117],[-52.0096368,-19.0008135],[-52.0094135,-19.0007095],[-52.0091855,-19.0006264],[-52.0090628,-19.000589],[-52.0089689,-19.0005738],[-52.0088066,-19.0005294],[-52.0086846,-19.000466],[-52.0085672,-19.0003982]]]}},
{"type":"Feature","properties":{"osm_id":"485092325","code":5121,"fclass":"unclassified","name":null,"ref":null,"oneway":"B","maxspeed":0,"layer":0,"bridge":"F","tunnel":"F"},"geometry":{"type":"MultiLineString","coordinates":[[[-51.978188,-19.1712756],[-51.9782737,-19.1714979],[-51.9783515,-19.1717006],[-51.9784561,-19.1719084],[-51.9785339,-19.1720832],[-51.9785848,-19.1722884],[-51.9786331,-19.172448],[-51.9789925,-19.1735399],[-51.9798079,-19.1757693],[-51.9814021,-19.1802589],[-51.9814977,-19.1804991],[-51.9816667,-19.1809677],[-51.9818303,-19.1814262],[-51.9819269,-19.1816466],[-51.9819698,-19.1817378],[-51.9820368,-19.1818265],[-51.9821468,-19.1819329],[-51.9822595,-19.1820292],[-51.9824204,-19.1821254],[-51.9826403,-19.1822217],[-51.9830132,-19.1823534],[-51.9835657,-19.1825358],[-51.9838581,-19.1826574],[-51.9842792,-19.1828221],[-51.9851616,-19.1831337],[-51.9857866,-19.1833566],[-51.986964,-19.183767],[-51.9875327,-19.1839646],[-51.9879162,-19.1840887],[-51.9881415,-19.184147],[-51.9883078,-19.1841774],[-51.9885573,-19.1841875],[-51.988855,-19.1841597],[-51.9898233,-19.1840583],[-51.9912019,-19.1838987],[-51.9924411,-19.1837619],[-51.993573,-19.1836327],[-51.9955283,-19.1833895],[-51.9973978,-19.1831717],[-51.9976017,-19.1831641],[-51.9977894,-19.1831717],[-51.9980013,-19.1832046],[-51.9982186,-19.1832603],[-51.998857,-19.1834706],[-52.000477,-19.1840482],[-52.0029527,-19.1849348],[-52.0042133,-19.1853705],[-52.0050475,-19.1856517],[-52.0060601,-19.186025],[-52.0068821,-19.1863281],[-52.0088482,-19.1870197],[-52.0111442,-19.1878354],[-52.0124584,-19.1882736],[-52.0140356,-19.1888208],[-52.0158729,-19.189449],[-52.0184022,-19.1903103],[-52.0191667,-19.1905636],[-52.0194161,-19.1906675],[-52.0195663,-19.1907587],[-52.0199767,-19.1910322],[-52.0209879,-19.1917517],[-52.0225355,-19.1929169],[-52.0236406,-19.1937275],[-52.0250246,-19.1947686],[-52.0262182,-19.1956476],[-52.0264676,-19.1958426],[-52.0265371,-19.1958994],[-52.0265669,-19.1959237],[-52.0266312,-19.1960275],[-52.0270899,-19.1967064],[-52.0276076,-19.1975828],[-52.0284283,-19.1987506],[-52.0286134,-19.1991001],[-52.029123,-19.1998702],[-52.0292759,-19.2001032],[-52.0296836,-19.2007542],[-52.0303166,-19.2016306],[-52.031073,-19.202659],[-52.0319098,-19.2037938],[-52.0328245,-19.2050729],[-52.0339859,-19.206656],[-52.0347449,-19.2077173],[-52.0348871,-19.2078616],[-52.0349488,-19.2079098],[-52.0352894,-19.2080668],[-52.0369765,-19.2087963],[-52.0385215,-19.2095131],[-52.0400879,-19.210202],[-52.0421451,-19.2111544],[-52.044189,-19.2120789],[-52.0466834,-19.2131984],[-52.0475096,-19.2135732],[-52.0478475,-19.2137404],[-52.047987,-19.2138037],[-52.0481667,-19.2138493],[-52.0488399,-19.2138924],[-52.0491484,-19.2139152],[-52.0492852,-19.2138949],[-52.0493764,-19.2138442],[-52.0494756,-19.2137505],[-52.0496285,-19.2135479],[-52.0497251,-19.2134668],[-52.0498163,-19.2134187],[-52.0499423,-19.2133681],[-52.0504117,-19.2132668],[-52.0511413,-19.2131224],[-52.0528954,-19.2127653],[-52.0547193,-19.21236],[-52.0558593,-19.2121143],[-52.057018,-19.2118965],[-52.0572245,-19.2118458],[-52.0575008,-19.2117749],[-52.0585147,-19.2115571],[-52.0586729,-19.2115115],[-52.0587829,-19.2114558],[-52.058858,-19.2114127],[-52.0589116,-19.2113443],[-52.0589545,-19.2112557],[-52.0589787,-19.2111594],[-52.0589948,-19.2109897],[-52.0589814,-19.2107922],[-52.0588902,-19.2101944],[-52.0587239,-19.2092775],[-52.0585066,-19.2078262],[-52.0582733,-19.2063748],[-52.0580399,-19.2047918],[-52.0577931,-19.2031833],[-52.0577261,-19.2028211],[-52.0577341,-19.2027603],[-52.0577636,-19.2026995],[-52.0578495,-19.2026463],[-52.0581096,-19.2025703],[-52.0608562,-19.2018459],[-52.0628411,-19.2013469],[-52.0634124,-19.2011949],[-52.0635223,-19.2011569],[-52.0636296,-19.2011215],[-52.0637503,-19.2010607],[-52.063981,-19.2008986],[-52.0642439,-19.2007137],[-52.0643109,-19.2006909],[-52.0644021,-19.2006858],[-52.0645013,-19.2007061],[-52.0648018,-19.2007922],[-52.0650512,-19.2008808],[-52.0651867,-19.2009366],[-52.0652966,-19.2009872],[-52.0654053,-19.2010202],[-52.0657285,-19.2010721],[-52.0667289,-19.2011975],[-52.0678823,-19.2013165],[-52.0682538,-19.2013621],[-52.0684576,-19.2013849],[-52.0686212,-19.2013862],[-52.0687553,-19.2013963],[-52.0688908,-19.2014115],[-52.0690517,-19.2014267],[-52.0693105,-19.2014786],[-52.0696217,-19.2015242],[-52.0698658,-19.201566],[-52.0701501,-19.2016192],[-52.0705095,-19.2016762],[-52.0709467,-19.2017421],[-52.071404,-19.2018105],[-52.0717742,-19.2018674],[-52.0718882,-19.2019029],[-52.0720303,-19.2019422],[-52.0723911,-19.2020346],[-52.0726767,-19.2020764],[-52.0731287,-19.2021663],[-52.0733204,-19.2022005],[-52.0735283,-19.2022689],[-52.0737576,-19.2023069],[-52.0740567,-19.2023892],[-52.0742458,-19.2024348],[-52.0745046,-19.2024918],[-52.0746669,-19.2025387],[-52.0748922,-19.2025969],[-52.075371,-19.2026995],[-52.0759155,-19.2027971],[-52.0763272,-19.2028794],[-52.0770273,-19.2030035],[-52.0779084,-19.2031504],[-52.0787613,-19.2032834],[-52.0793769,-19.203386],[-52.0800018,-19.203481],[-52.0805356,-19.2035443],[-52.0812343,-19.2036101],[-52.0819719,-19.2036747],[-52.0829603,-19.2037342],[-52.0837435,-19.2037811],[-52.0850658,-19.2038318],[-52.0860422,-19.2039078],[-52.0862018,-19.2039382],[-52.0864271,-19.2039432],[-52.0868053,-19.2039508],[-52.0874396,-19.2039736],[-52.087858,-19.2039977],[-52.0882161,-19.2040281],[-52.0885903,-19.2040547],[-52.0887592,-19.204061],[-52.0889202,-19.2040749],[-52.0891978,-19.2041155],[-52.0893346,-19.2041383],[-52.0894781,-19.2041838],[-52.0896269,-19.2042421],[-52.0897584,-19.2042852],[-52.0899622,-19.2043358],[-52.0902076,-19.2043802],[-52.0906515,-19.2044954],[-52.0910445,-19.2045701],[-52.091585,-19.2046714],[-52.0920074,-19.2047132],[-52.0929059,-19.2048361],[-52.0937938,-19.2049437],[-52.0945019,-19.2050374],[-52.0947889,-19.2051084],[-52.0953575,-19.2052781],[-52.0956337,-19.2054098],[-52.0958617,-19.2055415],[-52.0960709,-19.2057137],[-52.0962158,-19.2058556],[-52.0963687,-19.2060684],[-52.0967093,-19.2065648],[-52.0971867,-19.2072259],[-52.0980907,-19.2084974],[-52.0985734,-19.2091787],[-52.0990536,-19.2098297],[-52.0996061,-19.2105389],[-52.1004027,-19.2116432],[-52.1006763,-19.2119953],[-52.1007246,-19.2120814],[-52.1007594,-19.2121802],[-52.100805,-19.2123448],[-52.1009526,-19.2130109],[-52.1012235,-19.2142343],[-52.1015266,-19.2156678],[-52.1016593,-19.2163758],[-52.1017344,-19.2167468],[-52.1018189,-19.2170811],[-52.1019289,-19.2175142],[-52.101953,-19.2175927],[-52.1019933,-19.2176561],[-52.1020523,-19.2177168],[-52.1021998,-19.217808],[-52.1025458,-19.2180106],[-52.1028838,-19.2181981],[-52.1032056,-19.2183804],[-52.1035006,-19.2185355],[-52.1038011,-19.2186894],[-52.1046755,-19.2191732],[-52.1061239,-19.2199532],[-52.1069366,-19.2203965],[-52.1071807,-19.2205408],[-52.1072718,-19.2205966],[-52.1073309,-19.2206555],[-52.1073845,-19.2207434],[-52.1078646,-19.2215387],[-52.1084279,-19.2225214],[-52.1085405,-19.2227455],[-52.1086894,-19.2230229],[-52.1090609,-19.2237675],[-52.109482,-19.224621],[-52.1097288,-19.2251047],[-52.1098032,-19.2252389],[-52.1099085,-19.2253858],[-52.1100365,-19.2255384],[-52.1102116,-19.2257302],[-52.1103886,-19.2259126],[-52.1105012,-19.2260519],[-52.1105683,-19.2261735],[-52.1106568,-19.2263963],[-52.1107071,-19.2265578],[-52.1107695,-19.2267129],[-52.1108392,-19.2268598],[-52.1108982,-19.2269459],[-52.1109599,-19.2270269],[-52.1110618,-19.2271384],[-52.1111959,-19.2272397],[-52.1113327,-19.2273106],[-52.1116036,-19.2273992],[-52.111686852310257,-19.227413201838427]]]}},
{"type":"Feature","properties":{"osm_id":"485092326","code":5141,"fclass":"service","name":null,"ref":null,"oneway":"B","maxspeed":0,"layer":0,"bridge":"F","tunnel":"F"},"geometry":{"type":"MultiLineString","coordinates":[[[-52.0085672,-19.0003982],[-52.008757,-19.0007627],[-52.0090011,-19.0012776],[-52.0091942,-19.0016516],[-52.0093203,-19.0019027],[-52.0096502,-19.0026318],[-52.0099244,-19.0031599],[-52.01008,-19.0035004],[-52.0101377,-19.0036126],[-52.010196,-19.0037096],[-52.0102879,-19.0038111],[-52.0104356,-19.0039684],[-52.0105165,-19.0040577],[-52.0106164,-19.0041845],[-52.0106775,-19.0042853],[-52.0107009,-19.0043341],[-52.0107197,-19.0043981],[-52.0107555,-19.0045261]]]}},
{"type":"Feature","properties":{"osm_id":"496115886","code":5122,"fclass":"residential","name":"Rua Rita Augusta","ref":null,"oneway":"B","maxspeed":0,"layer":0,"bridge":"F","tunnel":"F"},"geometry":{"type":"MultiLineString","coordinates":[[[-51.6645974,-19.1498735],[-51.6636206,-19.150314],[-51.6628359,-19.1506693],[-51.6618189,-19.1511286],[-51.6612409,-19.1513898]]]}},
{"type":"Feature","properties":{"osm_id":"496115887","code":5122,"fclass":"residential","name":"Rua Três","ref":null,"oneway":"B","maxspeed":0,"layer":0,"bridge":"F","tunnel":"F"},"geometry":{"type":"MultiLineString","coordinates":[[[-51.6618189,-19.1511286],[-51.6621578,-19.1518088]]]}},
{"type":"Feature","properties":{"osm_id":"496115888","code":5122,"fclass":"residential","name":"Rua Dois","ref":null,"oneway":"B","maxspeed":0,"layer":0,"bridge":"F","tunnel":"F"},"geometry":{"type":"MultiLineString","coordinates":[[[-51.6628359,-19.1506693],[-51.66319,-19.1513412],[-51.6633867,-19.1517144]]]}},
{"type":"Feature","properties":{"osm_id":"496115889","code":5141,"fclass":"service","name":"Rua Quatro","ref":null,"oneway":"B","maxspeed":0,"layer":0,"bridge":"F","tunnel":"F"},"geometry":{"type":"MultiLineString","coordinates":[[[-51.660811,-19.1517381],[-51.6610929,-19.1522885]]]}},
{"type":"Feature","properties":{"osm_id":"496115890","code":5122,"fclass":"residential","name":null,"ref":null,"oneway":"B","maxspeed":0,"layer":0,"bridge":"F","tunnel":"F"},"geometry":{"type":"MultiLineString","coordinates":[[[-51.6589021,-19.1491292],[-51.6590671,-19.149171],[-51.6600242,-19.1494134],[-51.6600892,-19.149448],[-51.6601461,-19.1495056],[-51.6609774,-19.150901]]]}},
{"type":"Feature","properties":{"osm_id":"496115891","code":5122,"fclass":"residential","name":null,"ref":null,"oneway":"B","maxspeed":0,"layer":0,"bridge":"F","tunnel":"F"},"geometry":{"type":"MultiLineString","coordinates":[[[-51.6644163,-19.1494922],[-51.6645974,-19.1498735],[-51.6650914,-19.1508586]]]}},
{"type":"Feature","properties":{"osm_id":"496115892","code":5122,"fclass":"residential","name":"Rua Ovídio Emetério Prado","ref":null,"oneway":"B","maxspeed":0,"layer":0,"bridge":"F","tunnel":"F"},"geometry":{"type":"MultiLineString","coordinates":[[[-51.6639529,-19.1509494],[-51.6638545,-19.1509999],[-51.66319,-19.1513412],[-51.6621578,-19.1518088],[-51.6610929,-19.1522885],[-51.6604039,-19.1525976],[-51.6603026,-19.152643],[-51.6599788,-19.1527597]]]}},
{"type":"Feature","properties":{"osm_id":"496115895","code":5122,"fclass":"residential","name":"Rua Cinco","ref":null,"oneway":"B","maxspeed":0,"layer":0,"bridge":"F","tunnel":"F"},"geometry":{"type":"MultiLineString","coordinates":[[[-51.6603026,-19.152643],[-51.6605459,-19.1531902]]]}},
{"type":"Feature","properties":{"osm_id":"496115907","code":5113,"fclass":"primary","name":null,"ref":"BR-158","oneway":"B","maxspeed":0,"layer":1,"bridge":"T","tunnel":"F"},"geometry":{"type":"MultiLineString","coordinates":[[[-51.6599581,-19.1535143],[-51.6595968,-19.1536919]]]}},
{"type":"Feature","properties":{"osm_id":"496115909","code":5113,"fclass":"primary","name":null,"ref":"BR-158","oneway":"B","maxspeed":0,"layer":0,"bridge":"F","tunnel":"F"},"geometry":{"type":"MultiLineString","coordinates":[[[-51.6595968,-19.1536919],[-51.6586845,-19.1541213],[-51.6546893,-19.1557632],[-51.6537452,-19.1561572],[-51.6530022,-19.1564713],[-51.6518153,-19.1569439],[-51.6510402,-19.1572632],[-51.6504166,-19.1575216],[-51.6498426,-19.1577724],[-51.6487925,-19.1582107],[-51.6481648,-19.1584641],[-51.6474554,-19.1587681],[-51.6463879,-19.1592052],[-51.6455242,-19.1595561],[-51.6442528,-19.1600919],[-51.6434991,-19.160396],[-51.6426355,-19.160738],[-51.6417356,-19.1611041],[-51.6408598,-19.1614804],[-51.6400565,-19.1618097],[-51.6392452,-19.1621518],[-51.6382125,-19.1625622],[-51.6374655,-19.1628776],[-51.6363738,-19.1633286],[-51.6353197,-19.163772],[-51.6350542,-19.1638759],[-51.6340752,-19.1642749],[-51.6327609,-19.1648196],[-51.6316384,-19.1652769],[-51.6304328,-19.1657634],[-51.6299835,-19.1659623],[-51.6290977,-19.1663265],[-51.6271994,-19.1671137],[-51.6259769,-19.1676065],[-51.624835,-19.1680828],[-51.6234027,-19.1686719],[-51.6226564,-19.1689999],[-51.622083,-19.1692508],[-51.617475,-19.1714815],[-51.6162445,-19.1720737],[-51.6111222,-19.1745159],[-51.6093935,-19.1753424],[-51.6050859,-19.1773267],[-51.5990777,-19.1801292],[-51.59095,-19.1839285],[-51.5869997,-19.1857537],[-51.5825044,-19.1878683],[-51.5778843,-19.1900101],[-51.5657513,-19.1956311],[-51.5617148,-19.1975792],[-51.5571396,-19.1997075],[-51.554947088791636,-19.200727369977258]]]}},
{"type":"Feature","properties":{"osm_id":"498077461","code":5122,"fclass":"residential","name":"Rua Um","ref":null,"oneway":"B","maxspeed":0,"layer":0,"bridge":"F","tunnel":"F"},"geometry":{"type":"MultiLineString","coordinates":[[[-51.7231339,-19.1262591],[-51.722026,-19.1262074]]]}},
{"type":"Feature","properties":{"osm_id":"498077462","code":5122,"fclass":"residential","name":null,"ref":null,"oneway":"B","maxspeed":0,"layer":0,"bridge":"F","tunnel":"F"},"geometry":{"type":"MultiLineString","coordinates":[[[-51.7226761,-19.1267351],[-51.7225941,-19.1277711]]]}},
{"type":"Feature","properties":{"osm_id":"498077465","code":5122,"fclass":"residential","name":"Rua Juscelino Gomes Dias","ref":null,"oneway":"B","maxspeed":0,"layer":0,"bridge":"F","tunnel":"F"},"geometry":{"type":"MultiLineString","coordinates":[[[-51.7184153,-19.1155398],[-51.7201785,-19.1153262],[-51.7206008,-19.1152468],[-51.721023,-19.1151474],[-51.7214749,-19.1150268],[-51.7217258,-19.1149417],[-51.7218972,-19.1148844],[-51.7222989,-19.11475],[-51.7226831,-19.1146215],[-51.7230897,-19.1144855],[-51.7238307,-19.1142202],[-51.7244008,-19.1140137]]]}},
{"type":"Feature","properties":{"osm_id":"498077466","code":5141,"fclass":"service","name":"Rua Luiza Batista Paes","ref":null,"oneway":"B","maxspeed":0,"layer":0,"bridge":"F","tunnel":"F"},"geometry":{"type":"MultiLineString","coordinates":[[[-51.7276113,-19.1150212],[-51.7269176,-19.1155548]]]}},
{"type":"Feature","properties":{"osm_id":"498077467","code":5122,"fclass":"residential","name":"Rua José Herculano da Costa Filho","ref":null,"oneway":"B","maxspeed":0,"layer":0,"bridge":"F","tunnel":"F"},"geometry":{"type":"MultiLineString","coordinates":[[[-51.7222989,-19.11475],[-51.7222688,-19.1146406],[-51.7222259,-19.1144846],[-51.7221956,-19.1143048],[-51.7221542,-19.1137634],[-51.7221204,-19.1132],[-51.7221017,-19.1128886],[-51.722065,-19.1126054],[-51.7219952,-19.1120671],[-51.7219924,-19.1120196],[-51.7219578,-19.1114388],[-51.7219207,-19.1108164],[-51.7218927,-19.1103011],[-51.721871,-19.109901],[-51.7218512,-19.1097155],[-51.7217767,-19.1091049]]]}},
{"type":"Feature","properties":{"osm_id":"498077468","code":5122,"fclass":"residential","name":"Rua Murici","ref":null,"oneway":"B","maxspeed":0,"layer":0,"bridge":"F","tunnel":"F"},"geometry":{"type":"MultiLineString","coordinates":[[[-51.7218512,-19.1097155],[-51.7228788,-19.1096529]]]}},
{"type":"Feature","properties":{"osm_id":"498077469","code":5122,"fclass":"residential","name":"Rua Macaúba","ref":null,"oneway":"B","maxspeed":0,"layer":0,"bridge":"F","tunnel":"F"},"geometry":{"type":"MultiLineString","coordinates":[[[-51.7229746,-19.1102263],[-51.7218927,-19.1103011]]]}},
{"type":"Feature","properties":{"osm_id":"498077470","code":5122,"fclass":"residential","name":"Rua José Vaz","ref":null,"oneway":"B","maxspeed":0,"layer":0,"bridge":"F","tunnel":"F"},"geometry":{"type":"MultiLineString","coordinates":[[[-51.722065,-19.1126054],[-51.7231095,-19.1125265]]]}},
{"type":"Feature","properties":{"osm_id":"498077471","code":5122,"fclass":"residential","name":"Rua Jerivá","ref":null,"oneway":"B","maxspeed":0,"layer":0,"bridge":"F","tunnel":"F"},"geometry":{"type":"MultiLineString","coordinates":[[[-51.7219924,-19.1120196],[-51.7230314,-19.1119431]]]}},
{"type":"Feature","properties":{"osm_id":"498077472","code":5122,"fclass":"residential","name":"Rua Embaúba","ref":null,"oneway":"B","maxspeed":0,"layer":0,"bridge":"F","tunnel":"F"},"geometry":{"type":"MultiLineString","coordinates":[[[-51.7221204,-19.1132],[-51.7231521,-19.1130998]]]}},
{"type":"Feature","properties":{"osm_id":"498077473","code":5122,"fclass":"residential","name":"Rua Antônio Cristiano Sobrinho","ref":null,"oneway":"B","maxspeed":0,"layer":0,"bridge":"F","tunnel":"F"},"geometry":{"type":"MultiLineString","coordinates":[[[-51.7221542,-19.1137634],[-51.7232097,-19.1136767]]]}},
{"type":"Feature","properties":{"osm_id":"498077474","code":5122,"fclass":"residential","name":null,"ref":null,"oneway":"B","maxspeed":0,"layer":0,"bridge":"F","tunnel":"F"},"geometry":{"type":"MultiLineString","coordinates":[[[-51.7199094,-19.1177798],[-51.7195987,-19.1169777],[-51.7194374,-19.1165649]]]}},
{"type":"Feature","properties":{"osm_id":"498077475","code":5141,"fclass":"service","name":null,"ref":null,"oneway":"B","maxspeed":0,"layer":0,"bridge":"F","tunnel":"F"},"geometry":{"type":"MultiLineString","coordinates":[[[-51.7214837,-19.1206592],[-51.7208123,-19.1210588],[-51.720687,-19.1208383]]]}},
{"type":"Feature","properties":{"osm_id":"519028208","code":5122,"fclass":"residential","name":null,"ref":null,"oneway":"F","maxspeed":0,"layer":0,"bridge":"F","tunnel":"F"},"geometry":{"type":"MultiLineString","coordinates":[[[-52.1315775,-19.0043044],[-52.131502,-19.0041452],[-52.1315158,-19.0040865],[-52.1315485,-19.0040348],[-52.1315967,-19.0039956],[-52.1316556,-19.0039727],[-52.1317191,-19.0039684],[-52.1317808,-19.0039834],[-52.1318375,-19.0040186],[-52.1318785,-19.0040699]]]}},
{"type":"Feature","properties":{"osm_id":"519028211","code":5122,"fclass":"residential","name":null,"ref":null,"oneway":"F","maxspeed":0,"layer":0,"bridge":"F","tunnel":"F"},"geometry":{"type":"MultiLineString","coordinates":[[[-52.1304253,-19.002039],[-52.1304841,-19.0020161],[-52.1305476,-19.0020119],[-52.1306093,-19.0020268],[-52.1306661,-19.0020621],[-52.130707,-19.0021133],[-52.1307274,-19.0021746],[-52.1307249,-19.0022388],[-52.1306997,-19.0022985],[-52.1306549,-19.0023467],[-52.1305955,-19.0023779],[-52.1305285,-19.0023885],[-52.1304616,-19.0023772],[-52.130406,-19.0023479],[-52.130363,-19.0023035],[-52.1303369,-19.0022486],[-52.1303305,-19.0021887],[-52.1303443,-19.00213],[-52.130377,-19.0020783],[-52.1304253,-19.002039]]]}},
{"type":"Feature","properties":{"osm_id":"519028215","code":5122,"fclass":"residential","name":null,"ref":null,"oneway":"B","maxspeed":0,"layer":0,"bridge":"F","tunnel":"F"},"geometry":{"type":"MultiLineString","coordinates":[[[-52.1324181,-19.0058193],[-52.1323712,-19.0057367],[-52.1321067,-19.0052709],[-52.1318357,-19.0047936],[-52.1315775,-19.0043044]]]}},
{"type":"Feature","properties":{"osm_id":"519028218","code":5122,"fclass":"residential","name":null,"ref":null,"oneway":"F","maxspeed":0,"layer":0,"bridge":"F","tunnel":"F"},"geometry":{"type":"MultiLineString","coordinates":[[[-52.1318785,-19.0040699],[-52.1318989,-19.0041311],[-52.1318964,-19.0041953],[-52.1318712,-19.004255],[-52.1318264,-19.0043032],[-52.131767,-19.0043344],[-52.1317,-19.004345],[-52.1316331,-19.0043337],[-52.1315775,-19.0043044]]]}},
{"type":"Feature","properties":{"osm_id":"519028222","code":5122,"fclass":"residential","name":null,"ref":null,"oneway":"F","maxspeed":0,"layer":0,"bridge":"F","tunnel":"F"},"geometry":{"type":"MultiLineString","coordinates":[[[-52.1315775,-19.0043044],[-52.130363,-19.0023035],[-52.1292117,-19.0003896]]]}},
{"type":"Feature","properties":{"osm_id":"519028225","code":5122,"fclass":"residential","name":null,"ref":null,"oneway":"B","maxspeed":0,"layer":0,"bridge":"F","tunnel":"F"},"geometry":{"type":"MultiLineString","coordinates":[[[-52.1318785,-19.0040699],[-52.1321778,-19.0046075]]]}},
{"type":"Feature","properties":{"osm_id":"519028227","code":5122,"fclass":"residential","name":null,"ref":null,"oneway":"F","maxspeed":0,"layer":0,"bridge":"F","tunnel":"F"},"geometry":{"type":"MultiLineString","coordinates":[[[-52.1296374,-19.0002955],[-52.130707,-19.0021133],[-52.1318785,-19.0040699]]]}},
{"type":"Feature","properties":{"osm_id":"519028230","code":5122,"fclass":"residential","name":null,"ref":null,"oneway":"B","maxspeed":0,"layer":0,"bridge":"F","tunnel":"F"},"geometry":{"type":"MultiLineString","coordinates":[[[-52.1315775,-19.0043044],[-52.1303182,-19.0049949],[-52.129029,-19.0057018],[-52.1277293,-19.0064144]]]}},
{"type":"Feature","properties":{"osm_id":"519028232","code":5122,"fclass":"residential","name":null,"ref":null,"oneway":"B","maxspeed":0,"layer":0,"bridge":"F","tunnel":"F"},"geometry":{"type":"MultiLineString","coordinates":[[[-52.1321778,-19.0046075],[-52.1318357,-19.0047936],[-52.1306036,-19.0054642],[-52.1293066,-19.00617],[-52.1280014,-19.0068697]]]}},
{"type":"Feature","properties":{"osm_id":"519028234","code":5122,"fclass":"residential","name":null,"ref":null,"oneway":"B","maxspeed":0,"layer":0,"bridge":"F","tunnel":"F"},"geometry":{"type":"MultiLineString","coordinates":[[[-52.1321067,-19.0052709],[-52.13089,-19.0059352],[-52.1295887,-19.0066459],[-52.1282914,-19.0073548]]]}},
{"type":"Feature","properties":{"osm_id":"519028237","code":5122,"fclass":"residential","name":null,"ref":null,"oneway":"B","maxspeed":0,"layer":0,"bridge":"F","tunnel":"F"},"geometry":{"type":"MultiLineString","coordinates":[[[-52.1323712,-19.0057367],[-52.1311688,-19.0063938],[-52.1298625,-19.0071076],[-52.1285669,-19.0078158]]]}},
{"type":"Feature","properties":{"osm_id":"519028239","code":5122,"fclass":"residential","name":null,"ref":null,"oneway":"B","maxspeed":0,"layer":0,"bridge":"F","tunnel":"F"},"geometry":{"type":"MultiLineString","coordinates":[[[-52.1303374,-19.0074568],[-52.1301376,-19.0075716],[-52.1288448,-19.0082808]]]}},
{"type":"Feature","properties":{"osm_id":"519028241","code":5122,"fclass":"residential","name":null,"ref":null,"oneway":"B","maxspeed":0,"layer":0,"bridge":"F","tunnel":"F"},"geometry":{"type":"MultiLineString","coordinates":[[[-52.1312555,-19.0065363],[-52.1311688,-19.0063938],[-52.13089,-19.0059352],[-52.1306036,-19.0054642],[-52.1303182,-19.0049949]]]}},
{"type":"Feature","properties":{"osm_id":"519028244","code":5122,"fclass":"residential","name":null,"ref":null,"oneway":"B","maxspeed":0,"layer":0,"bridge":"F","tunnel":"F"},"geometry":{"type":"MultiLineString","coordinates":[[[-52.1302388,-19.0077423],[-52.1301376,-19.0075716],[-52.1298625,-19.0071076],[-52.1295887,-19.0066459],[-52.1293066,-19.00617],[-52.129029,-19.0057018]]]}},
{"type":"Feature","properties":{"osm_id":"519028246","code":5122,"fclass":"residential","name":null,"ref":null,"oneway":"B","maxspeed":0,"layer":0,"bridge":"F","tunnel":"F"},"geometry":{"type":"MultiLineString","coordinates":[[[-52.1277293,-19.0064144],[-52.1280014,-19.0068697],[-52.1282914,-19.0073548],[-52.1285669,-19.0078158],[-52.1288448,-19.0082808],[-52.128917,-19.0084015]]]}},
{"type":"Feature","properties":{"osm_id":"566496604","code":5124,"fclass":"pedestrian","name":null,"ref":null,"oneway":"B","maxspeed":0,"layer":0,"bridge":"F","tunnel":"F"},"geometry":{"type":"MultiLineString","coordinates":[[[-51.7284702,-19.1121944],[-51.7286003,-19.1125593],[-51.7286889,-19.1128955],[-51.7287668,-19.1132367]]]}},
{"type":"Feature","properties":{"osm_id":"566496605","code":5124,"fclass":"pedestrian","name":null,"ref":null,"oneway":"B","maxspeed":0,"layer":0,"bridge":"F","tunnel":"F"},"geometry":{"type":"MultiLineString","coordinates":[[[-51.7287222,-19.1121967],[-51.7289177,-19.1127167],[-51.7289907,-19.1130027],[-51.7290019,-19.1132456]]]}},
{"type":"Feature","properties":{"osm_id":"566496606","code":5124,"fclass":"pedestrian","name":null,"ref":null,"oneway":"B","maxspeed":0,"layer":0,"bridge":"F","tunnel":"F"},"geometry":{"type":"MultiLineString","coordinates":[[[-51.7312288,-19.1158424],[-51.7312136,-19.115825],[-51.7310919,-19.1156856],[-51.7309607,-19.115565],[-51.7306862,-19.11539],[-51.7301569,-19.115116],[-51.7299083,-19.1150043],[-51.729649,-19.1149331],[-51.7294867,-19.1147878],[-51.7293352,-19.1146628],[-51.7291743,-19.1143916],[-51.7290133,-19.1141256],[-51.7289115,-19.113976],[-51.7288685,-19.1138062],[-51.7287668,-19.1132367]]]}},
{"type":"Feature","properties":{"osm_id":"566496607","code":5124,"fclass":"pedestrian","name":null,"ref":null,"oneway":"B","maxspeed":0,"layer":0,"bridge":"F","tunnel":"F"},"geometry":{"type":"MultiLineString","coordinates":[[[-51.7290019,-19.1132456],[-51.7290758,-19.1133341],[-51.7290906,-19.1134276],[-51.7291149,-19.1136197],[-51.7292306,-19.113938],[-51.7294237,-19.1142168],[-51.7295337,-19.11436],[-51.7296785,-19.1144879],[-51.7298207,-19.1146286],[-51.7299789,-19.1147084],[-51.7302472,-19.1148275],[-51.7305422,-19.1149923],[-51.7308587,-19.1151849],[-51.7308943,-19.1152148],[-51.7311966,-19.1154687],[-51.7314337,-19.1156316],[-51.7314571,-19.1156459]]]}},
{"type":"Feature","properties":{"osm_id":"566496608","code":5154,"fclass":"path","name":null,"ref":null,"oneway":"B","maxspeed":0,"layer":0,"bridge":"F","tunnel":"F"},"geometry":{"type":"MultiLineString","coordinates":[[[-51.7296785,-19.130456],[-51.7296839,-19.1302482],[-51.7297747,-19.1301264],[-51.7298502,-19.1300252],[-51.7299628,-19.1298934],[-51.7300379,-19.129716],[-51.7303181,-19.1291443]]]}},
{"type":"Feature","properties":{"osm_id":"566496609","code":5154,"fclass":"path","name":null,"ref":null,"oneway":"B","maxspeed":0,"layer":0,"bridge":"F","tunnel":"F"},"geometry":{"type":"MultiLineString","coordinates":[[[-51.7285123,-19.1298795],[-51.7290616,-19.1298782],[-51.7296785,-19.130456],[-51.7297053,-19.1306638],[-51.7303383,-19.1307043],[-51.7305328,-19.1308206],[-51.7309821,-19.1310895],[-51.7315453,-19.1312669],[-51.7317729,-19.1313618],[-51.7328033,-19.1317914],[-51.7329213,-19.1317965],[-51.7330152,-19.131761],[-51.7331064,-19.1315786],[-51.7331788,-19.1315127],[-51.7332646,-19.1315127],[-51.7335436,-19.1316622],[-51.7336348,-19.1316647],[-51.7338064,-19.1316039],[-51.7340597,-19.1314047]]]}},
{"type":"Feature","properties":{"osm_id":"566496610","code":5154,"fclass":"path","name":null,"ref":null,"oneway":"B","maxspeed":0,"layer":0,"bridge":"F","tunnel":"F"},"geometry":{"type":"MultiLineString","coordinates":[[[-51.7317848,-19.121866],[-51.7318672,-19.121703],[-51.7321622,-19.121409],[-51.7324922,-19.1212722],[-51.7328784,-19.12111],[-51.7330943,-19.1208803]]]}},
{"type":"Feature","properties":{"osm_id":"566496611","code":5154,"fclass":"path","name":null,"ref":null,"oneway":"B","maxspeed":0,"layer":0,"bridge":"F","tunnel":"F"},"geometry":{"type":"MultiLineString","coordinates":[[[-51.7333972,-19.1208742],[-51.7333505,-19.1211581],[-51.733152,-19.1213305],[-51.7327872,-19.1214825],[-51.7324144,-19.1215864],[-51.7321247,-19.1217588],[-51.7320547,-19.121879]]]}},
{"type":"Feature","properties":{"osm_id":"566496612","code":5124,"fclass":"pedestrian","name":null,"ref":null,"oneway":"B","maxspeed":0,"layer":0,"bridge":"F","tunnel":"F"},"geometry":{"type":"MultiLineString","coordinates":[[[-51.7314571,-19.1156459],[-51.7314807,-19.1156969],[-51.7314927,-19.1157231],[-51.7316191,-19.1159987],[-51.7316419,-19.1161137],[-51.7317438,-19.1164127],[-51.7318819,-19.1168005],[-51.7319534,-19.1168966],[-51.7321839,-19.1172065],[-51.7322996,-19.1173621],[-51.7323634,-19.117448],[-51.732527,-19.1176528],[-51.7328757,-19.1180892],[-51.7329991,-19.1185656],[-51.7329991,-19.1187439],[-51.7329991,-19.1190497],[-51.7329267,-19.1197856]]]}},
{"type":"Feature","properties":{"osm_id":"566496613","code":5124,"fclass":"pedestrian","name":null,"ref":null,"oneway":"B","maxspeed":0,"layer":0,"bridge":"F","tunnel":"F"},"geometry":{"type":"MultiLineString","coordinates":[[[-51.732582,-19.1197711],[-51.7326611,-19.1192296],[-51.732663,-19.118729],[-51.7326638,-19.1185276],[-51.7325833,-19.1181855],[-51.732181,-19.1176913],[-51.7320354,-19.1175009],[-51.7317197,-19.1170881],[-51.7314032,-19.1166015],[-51.7313066,-19.1162924],[-51.7312375,-19.1159136],[-51.7312288,-19.1158424]]]}},
{"type":"Feature","properties":{"osm_id":"566496615","code":5122,"fclass":"residential","name":null,"ref":null,"oneway":"F","maxspeed":0,"layer":0,"bridge":"F","tunnel":"F"},"geometry":{"type":"MultiLineString","coordinates":[[[-51.7279183,-19.113067],[-51.7280759,-19.1127228],[-51.7281966,-19.1124376],[-51.7282838,-19.1122653],[-51.7283535,-19.1122248],[-51.7284702,-19.1121944],[-51.7285192,-19.1121948]]]}},
{"type":"Feature","properties":{"osm_id":"606107901","code":5122,"fclass":"residential","name":null,"ref":null,"oneway":"F","maxspeed":0,"layer":0,"bridge":"F","tunnel":"F"},"geometry":{"type":"MultiLineString","coordinates":[[[-51.7454168,-19.1125191],[-51.7454251,-19.1124725],[-51.7454258,-19.1123423]]]}},
{"type":"Feature","properties":{"osm_id":"606107902","code":5122,"fclass":"residential","name":null,"ref":null,"oneway":"B","maxspeed":0,"layer":0,"bridge":"F","tunnel":"F"},"geometry":{"type":"MultiLineString","coordinates":[[[-51.746337,-19.1132366],[-51.7459595,-19.1135071],[-51.7455726,-19.1135692],[-51.745496,-19.1135519],[-51.7453203,-19.1135073],[-51.7451482,-19.1134298],[-51.7448182,-19.1132803],[-51.7447673,-19.1132322],[-51.7447539,-19.1130535],[-51.7448135,-19.1122849]]]}},
{"type":"Feature","properties":{"osm_id":"606107903","code":5122,"fclass":"residential","name":null,"ref":null,"oneway":"B","maxspeed":0,"layer":0,"bridge":"F","tunnel":"F"},"geometry":{"type":"MultiLineString","coordinates":[[[-51.7453322,-19.1149726],[-51.7453869,-19.1147661],[-51.7454512,-19.1145602],[-51.7455103,-19.1143853],[-51.7455592,-19.1142579],[-51.7455786,-19.1141445],[-51.7456095,-19.1139874],[-51.7456108,-19.1138062],[-51.7455726,-19.1135692]]]}},
{"type":"Feature","properties":{"osm_id":"606107904","code":5122,"fclass":"residential","name":null,"ref":null,"oneway":"B","maxspeed":0,"layer":0,"bridge":"F","tunnel":"F"},"geometry":{"type":"MultiLineString","coordinates":[[[-51.7467957,-19.1136206],[-51.7457128,-19.1143774],[-51.7454512,-19.1145602]]]}},
{"type":"Feature","properties":{"osm_id":"606107905","code":5122,"fclass":"residential","name":null,"ref":null,"oneway":"F","maxspeed":0,"layer":0,"bridge":"F","tunnel":"F"},"geometry":{"type":"MultiLineString","coordinates":[[[-51.7474676,-19.1139348],[-51.7466301,-19.1145411],[-51.7459341,-19.1150227],[-51.7455226,-19.115208]]]}},
{"type":"Feature","properties":{"osm_id":"606107906","code":5122,"fclass":"residential","name":null,"ref":null,"oneway":"F","maxspeed":0,"layer":0,"bridge":"F","tunnel":"F"},"geometry":{"type":"MultiLineString","coordinates":[[[-51.7454192,-19.1149965],[-51.7454728,-19.1150378],[-51.7455155,-19.1151033],[-51.7455253,-19.1151568],[-51.7455226,-19.115208],[-51.745496,-19.1152728],[-51.7454595,-19.1153159],[-51.745412,-19.1153479],[-51.7453569,-19.1153666],[-51.7453098,-19.1153692],[-51.7452371,-19.1153573],[-51.7451841,-19.1153291],[-51.7451418,-19.1152879],[-51.7451145,-19.1152395],[-51.7451021,-19.1151859],[-51.7451056,-19.1151311],[-51.7451286,-19.1150724],[-51.7451695,-19.1150233],[-51.7452245,-19.1149885],[-51.7452882,-19.1149714],[-51.7453322,-19.1149726],[-51.7454192,-19.1149965]]]}},
{"type":"Feature","properties":{"osm_id":"606107907","code":5122,"fclass":"residential","name":null,"ref":null,"oneway":"B","maxspeed":0,"layer":0,"bridge":"F","tunnel":"F"},"geometry":{"type":"MultiLineString","coordinates":[[[-51.7452702,-19.1164862],[-51.7452906,-19.1161384],[-51.7452955,-19.1159404],[-51.7453098,-19.1153692]]]}},
{"type":"Feature","properties":{"osm_id":"606107908","code":5122,"fclass":"residential","name":null,"ref":null,"oneway":"B","maxspeed":0,"layer":0,"bridge":"F","tunnel":"F"},"geometry":{"type":"MultiLineString","coordinates":[[[-51.747943,-19.1143074],[-51.7477378,-19.1144841],[-51.7462224,-19.1155384],[-51.7454667,-19.1160307],[-51.7452906,-19.1161384]]]}},
{"type":"Feature","properties":{"osm_id":"606107909","code":5122,"fclass":"residential","name":null,"ref":null,"oneway":"B","maxspeed":0,"layer":0,"bridge":"F","tunnel":"F"},"geometry":{"type":"MultiLineString","coordinates":[[[-51.7441839,-19.1122704],[-51.7448135,-19.1122849],[-51.7450214,-19.1122811],[-51.7452206,-19.1122805],[-51.7453098,-19.1122983],[-51.7454036,-19.1123268],[-51.7454258,-19.1123423],[-51.7455719,-19.1124643],[-51.7458388,-19.1127063],[-51.7459635,-19.1128393],[-51.746337,-19.1132366],[-51.7465349,-19.1134083],[-51.7467957,-19.1136206],[-51.7469855,-19.1137232],[-51.7472295,-19.1138296],[-51.7473586,-19.1138863],[-51.7474676,-19.1139348],[-51.7475997,-19.1140102],[-51.7477056,-19.114085],[-51.747943,-19.1143074],[-51.7481435,-19.1144892]]]}},
{"type":"Feature","properties":{"osm_id":"671172113","code":5124,"fclass":"pedestrian","name":null,"ref":null,"oneway":"B","maxspeed":0,"layer":0,"bridge":"F","tunnel":"F"},"geometry":{"type":"MultiLineString","coordinates":[[[-51.7304825,-19.1174078],[-51.7307226,-19.1174289],[-51.7308135,-19.1174394],[-51.731019,-19.117459],[-51.7313428,-19.1174864],[-51.7316234,-19.1175343],[-51.7316891,-19.1175301],[-51.7318217,-19.1175518],[-51.7317566,-19.1173993],[-51.7316775,-19.117277],[-51.7314767,-19.117003],[-51.7313925,-19.1168362],[-51.7313372,-19.1167267],[-51.7312165,-19.1164885],[-51.7310905,-19.1162224],[-51.7309998,-19.1160924],[-51.7308379,-19.1162113],[-51.7307133,-19.1163137],[-51.7305236,-19.1164504],[-51.730451,-19.1165282],[-51.7303972,-19.1166213],[-51.7303934,-19.1166922],[-51.7303779,-19.1167684],[-51.7303461,-19.1169775],[-51.7303323,-19.1170681],[-51.7303173,-19.1171283],[-51.7303044,-19.1172057],[-51.7302837,-19.1172924],[-51.7303046,-19.1173716],[-51.7303905,-19.1173956],[-51.7304825,-19.1174078]]]}},
{"type":"Feature","properties":{"osm_id":"671172826","code":5153,"fclass":"footway","name":null,"ref":null,"oneway":"B","maxspeed":0,"layer":0,"bridge":"F","tunnel":"F"},"geometry":{"type":"MultiLineString","coordinates":[[[-51.7310905,-19.1162224],[-51.7310147,-19.1163143],[-51.7309943,-19.1164411],[-51.730996,-19.1165102],[-51.7309964,-19.1165256],[-51.7310046,-19.1165532],[-51.7309455,-19.1165429],[-51.7308825,-19.1165237],[-51.7308378,-19.1165563]]]}},
{"type":"Feature","properties":{"osm_id":"671173000","code":5153,"fclass":"footway","name":null,"ref":null,"oneway":"B","maxspeed":0,"layer":0,"bridge":"F","tunnel":"F"},"geometry":{"type":"MultiLineString","coordinates":[[[-51.7309585,-19.116759],[-51.7308944,-19.1168295],[-51.7308144,-19.116887],[-51.7306803,-19.1169276],[-51.730522,-19.1169555],[-51.7304737,-19.1169621],[-51.7303933,-19.1169732]]]}},
{"type":"Feature","properties":{"osm_id":"671173089","code":5153,"fclass":"footway","name":null,"ref":null,"oneway":"B","maxspeed":0,"layer":0,"bridge":"F","tunnel":"F"},"geometry":{"type":"MultiLineString","coordinates":[[[-51.7306726,-19.116834],[-51.7306354,-19.1169188],[-51.7306803,-19.1169276],[-51.7307822,-19.116958],[-51.7308385,-19.116996],[-51.730868,-19.1170391],[-51.7308519,-19.1170822],[-51.7308519,-19.117143],[-51.7308519,-19.1172064],[-51.7308466,-19.1172495],[-51.7308362,-19.1172985],[-51.7308278,-19.1173382],[-51.7308135,-19.1174394]]]}},
{"type":"Feature","properties":{"osm_id":"671173818","code":5153,"fclass":"footway","name":null,"ref":null,"oneway":"B","maxspeed":0,"layer":0,"bridge":"F","tunnel":"F"},"geometry":{"type":"MultiLineString","coordinates":[[[-51.7316775,-19.117277],[-51.7315493,-19.1172976],[-51.7314393,-19.1173001],[-51.7313939,-19.1172957],[-51.7313347,-19.11729],[-51.7312623,-19.1172925],[-51.7312004,-19.1172909],[-51.7311631,-19.11729],[-51.731096,-19.11729],[-51.7310558,-19.1173179],[-51.7310477,-19.1173736],[-51.731019,-19.117459]]]}},
{"type":"Feature","properties":{"osm_id":"671173931","code":5153,"fclass":"footway","name":null,"ref":null,"oneway":"B","maxspeed":0,"layer":0,"bridge":"F","tunnel":"F"},"geometry":{"type":"MultiLineString","coordinates":[[[-51.7308519,-19.1170822],[-51.730978,-19.1171295],[-51.7311201,-19.1171321],[-51.731147,-19.1171067],[-51.7311845,-19.1170028],[-51.7311882,-19.116956],[-51.7311952,-19.1168659],[-51.7313374,-19.1168406],[-51.7313925,-19.1168362]]]}},
{"type":"Feature","properties":{"osm_id":"671173932","code":5153,"fclass":"footway","name":null,"ref":null,"oneway":"B","maxspeed":0,"layer":0,"bridge":"F","tunnel":"F"},"geometry":{"type":"MultiLineString","coordinates":[[[-51.7312004,-19.1172909],[-51.731147,-19.1171067]]]}},
{"type":"Feature","properties":{"osm_id":"671174113","code":5153,"fclass":"footway","name":null,"ref":null,"oneway":"B","maxspeed":0,"layer":0,"bridge":"F","tunnel":"F"},"geometry":{"type":"MultiLineString","coordinates":[[[-51.7311952,-19.1168659],[-51.7312006,-19.1167316],[-51.7311443,-19.1166886],[-51.7311282,-19.1166303],[-51.7310718,-19.1165694],[-51.7310046,-19.1165532],[-51.7308825,-19.1165237]]]}},
{"type":"Feature","properties":{"osm_id":"671174284","code":5153,"fclass":"footway","name":null,"ref":null,"oneway":"B","maxspeed":0,"layer":0,"bridge":"F","tunnel":"F"},"geometry":{"type":"MultiLineString","coordinates":[[[-51.7304737,-19.1169621],[-51.730485,-19.117095],[-51.7306267,-19.1170891],[-51.7307568,-19.1170851],[-51.7308519,-19.1170822]]]}},
{"type":"Feature","properties":{"osm_id":"671302540","code":5153,"fclass":"footway","name":null,"ref":null,"oneway":"B","maxspeed":0,"layer":0,"bridge":"F","tunnel":"F"},"geometry":{"type":"MultiLineString","coordinates":[[[-51.730008,-19.1167758],[-51.7300354,-19.117002],[-51.7299915,-19.117129],[-51.7299781,-19.117298],[-51.729951,-19.117428],[-51.7299364,-19.1174859]]]}},
{"type":"Feature","properties":{"osm_id":"671302543","code":5153,"fclass":"footway","name":null,"ref":null,"oneway":"B","maxspeed":0,"layer":0,"bridge":"F","tunnel":"F"},"geometry":{"type":"MultiLineString","coordinates":[[[-51.7299915,-19.117129],[-51.7301781,-19.1171931],[-51.730228,-19.1171997]]]}},
{"type":"Feature","properties":{"osm_id":"671302546","code":5153,"fclass":"footway","name":null,"ref":null,"oneway":"B","maxspeed":0,"layer":0,"bridge":"F","tunnel":"F"},"geometry":{"type":"MultiLineString","coordinates":[[[-51.7299781,-19.117298],[-51.730178,-19.1173544],[-51.7302114,-19.117363]]]}},
{"type":"Feature","properties":{"osm_id":"671302549","code":5153,"fclass":"footway","name":null,"ref":null,"oneway":"B","maxspeed":0,"layer":0,"bridge":"F","tunnel":"F"},"geometry":{"type":"MultiLineString","coordinates":[[[-51.7300354,-19.117002],[-51.7297851,-19.1172391],[-51.7297612,-19.1172778],[-51.729754,-19.1172895]]]}},
{"type":"Feature","properties":{"osm_id":"671306852","code":5124,"fclass":"pedestrian","name":"calçadão Praça Central","ref":null,"oneway":"B","maxspeed":0,"layer":0,"bridge":"F","tunnel":"F"},"geometry":{"type":"MultiLineString","coordinates":[[[-51.7351825,-19.1125404],[-51.7349052,-19.1125259],[-51.7346186,-19.1125142],[-51.7344832,-19.1125084],[-51.7342797,-19.1124997],[-51.7340455,-19.1124909],[-51.7338796,-19.1124816],[-51.7338457,-19.1124865],[-51.7338453,-19.1125798],[-51.7338447,-19.1126636],[-51.7338455,-19.1127628],[-51.7338498,-19.1128688],[-51.7338459,-19.1129072],[-51.7338447,-19.1130413],[-51.7338396,-19.1131179],[-51.7338348,-19.1132567],[-51.7338358,-19.113361],[-51.7338358,-19.1133733],[-51.7338358,-19.1133834],[-51.7343321,-19.1134109],[-51.7343684,-19.113413],[-51.7346402,-19.1134284],[-51.7351362,-19.1134458],[-51.7351608,-19.1129653],[-51.7351825,-19.1125404]]]}},
{"type":"Feature","properties":{"osm_id":"671307787","code":5124,"fclass":"pedestrian","name":null,"ref":null,"oneway":"B","maxspeed":0,"layer":0,"bridge":"F","tunnel":"F"},"geometry":{"type":"MultiLineString","coordinates":[[[-51.7338358,-19.113361],[-51.7343783,-19.1129684]]]}},
{"type":"Feature","properties":{"osm_id":"671307788","code":5124,"fclass":"pedestrian","name":null,"ref":null,"oneway":"B","maxspeed":0,"layer":0,"bridge":"F","tunnel":"F"},"geometry":{"type":"MultiLineString","coordinates":[[[-51.7343783,-19.1129131],[-51.7342429,-19.1128116],[-51.7341842,-19.1127675]]]}},
{"type":"Feature","properties":{"osm_id":"671307789","code":5124,"fclass":"pedestrian","name":null,"ref":null,"oneway":"B","maxspeed":0,"layer":0,"bridge":"F","tunnel":"F"},"geometry":{"type":"MultiLineString","coordinates":[[[-51.7340894,-19.1126834],[-51.7340579,-19.1126132],[-51.7338796,-19.1124816]]]}},
{"type":"Feature","properties":{"osm_id":"671307790","code":5124,"fclass":"pedestrian","name":null,"ref":null,"oneway":"B","maxspeed":0,"layer":0,"bridge":"F","tunnel":"F"},"geometry":{"type":"MultiLineString","coordinates":[[[-51.7345416,-19.1129131],[-51.7347607,-19.1127695]]]}},
{"type":"Feature","properties":{"osm_id":"671307791","code":5124,"fclass":"pedestrian","name":null,"ref":null,"oneway":"B","maxspeed":0,"layer":0,"bridge":"F","tunnel":"F"},"geometry":{"type":"MultiLineString","coordinates":[[[-51.7349779,-19.112643],[-51.7351825,-19.1125404]]]}},
{"type":"Feature","properties":{"osm_id":"671307792","code":5124,"fclass":"pedestrian","name":null,"ref":null,"oneway":"B","maxspeed":0,"layer":0,"bridge":"F","tunnel":"F"},"geometry":{"type":"MultiLineString","coordinates":[[[-51.7351608,-19.1129653],[-51.7345416,-19.1129131],[-51.7351362,-19.1134458]]]}},
{"type":"Feature","properties":{"osm_id":"671307793","code":5124,"fclass":"pedestrian","name":null,"ref":null,"oneway":"B","maxspeed":0,"layer":0,"bridge":"F","tunnel":"F"},"geometry":{"type":"MultiLineString","coordinates":[[[-51.7343783,-19.1129684],[-51.7343937,-19.113047],[-51.7343783,-19.1131605],[-51.7343783,-19.1132275],[-51.7343691,-19.1133556],[-51.7343684,-19.113413]]]}},
{"type":"Feature","properties":{"osm_id":"671307794","code":5154,"fclass":"path","name":null,"ref":null,"oneway":"B","maxspeed":0,"layer":0,"bridge":"F","tunnel":"F"},"geometry":{"type":"MultiLineString","coordinates":[[[-51.7345539,-19.1129626],[-51.7345704,-19.1130476],[-51.7346001,-19.1131169],[-51.7346001,-19.1131634],[-51.7346217,-19.1132042],[-51.7346525,-19.1132537],[-51.7346556,-19.113341],[-51.7346464,-19.113376],[-51.7346402,-19.1134284]]]}},
{"type":"Feature","properties":{"osm_id":"671307795","code":5124,"fclass":"pedestrian","name":null,"ref":null,"oneway":"B","maxspeed":0,"layer":0,"bridge":"F","tunnel":"F"},"geometry":{"type":"MultiLineString","coordinates":[[[-51.7343783,-19.1129131],[-51.7341318,-19.1129247],[-51.7339839,-19.1129102],[-51.7338459,-19.1129072]]]}},
{"type":"Feature","properties":{"osm_id":"671307796","code":5124,"fclass":"pedestrian","name":null,"ref":null,"oneway":"B","maxspeed":0,"layer":0,"bridge":"F","tunnel":"F"},"geometry":{"type":"MultiLineString","coordinates":[[[-51.734464,-19.1128648],[-51.7344832,-19.1125084],[-51.7344848,-19.1124186]]]}},
{"type":"Feature","properties":{"osm_id":"671309772","code":5124,"fclass":"pedestrian","name":"calçadão","ref":null,"oneway":"B","maxspeed":0,"layer":0,"bridge":"F","tunnel":"F"},"geometry":{"type":"MultiLineString","coordinates":[[[-51.7344185,-19.1055482],[-51.7341664,-19.1055367],[-51.734078,-19.1055342],[-51.7339652,-19.1055309],[-51.7337355,-19.1055117],[-51.7336887,-19.1055079],[-51.7336908,-19.1056462],[-51.7336867,-19.1058114],[-51.7336848,-19.105854],[-51.7336806,-19.1059477],[-51.7336765,-19.1060707],[-51.7336745,-19.1061552],[-51.7336989,-19.1061859],[-51.7339347,-19.1061994],[-51.7340435,-19.1062058],[-51.7341298,-19.1062109],[-51.7343474,-19.1062282],[-51.7344124,-19.1062378],[-51.7344307,-19.1061994],[-51.7344429,-19.1058152],[-51.7344429,-19.1056347],[-51.7344409,-19.1055866],[-51.7344312,-19.1055699],[-51.7344185,-19.1055482]]]}},
{"type":"Feature","properties":{"osm_id":"671310722","code":5124,"fclass":"pedestrian","name":null,"ref":null,"oneway":"B","maxspeed":0,"layer":0,"bridge":"F","tunnel":"F"},"geometry":{"type":"MultiLineString","coordinates":[[[-51.7344307,-19.1061994],[-51.7341512,-19.1059403]]]}},
{"type":"Feature","properties":{"osm_id":"671310723","code":5124,"fclass":"pedestrian","name":null,"ref":null,"oneway":"B","maxspeed":0,"layer":0,"bridge":"F","tunnel":"F"},"geometry":{"type":"MultiLineString","coordinates":[[[-51.7340577,-19.1059557],[-51.7340435,-19.1062058]]]}},
{"type":"Feature","properties":{"osm_id":"671310724","code":5124,"fclass":"pedestrian","name":null,"ref":null,"oneway":"B","maxspeed":0,"layer":0,"bridge":"F","tunnel":"F"},"geometry":{"type":"MultiLineString","coordinates":[[[-51.733952,-19.1059365],[-51.7336745,-19.1061552]]]}},
{"type":"Feature","properties":{"osm_id":"671310725","code":5124,"fclass":"pedestrian","name":null,"ref":null,"oneway":"B","maxspeed":0,"layer":0,"bridge":"F","tunnel":"F"},"geometry":{"type":"MultiLineString","coordinates":[[[-51.7339479,-19.1058635],[-51.7336848,-19.105854]]]}},
{"type":"Feature","properties":{"osm_id":"671310726","code":5124,"fclass":"pedestrian","name":null,"ref":null,"oneway":"B","maxspeed":0,"layer":0,"bridge":"F","tunnel":"F"},"geometry":{"type":"MultiLineString","coordinates":[[[-51.7339642,-19.1057771],[-51.7336887,-19.1055079]]]}},
{"type":"Feature","properties":{"osm_id":"671310727","code":5124,"fclass":"pedestrian","name":null,"ref":null,"oneway":"B","maxspeed":0,"layer":0,"bridge":"F","tunnel":"F"},"geometry":{"type":"MultiLineString","coordinates":[[[-51.7344312,-19.1055699],[-51.7341756,-19.1057713]]]}},
{"type":"Feature","properties":{"osm_id":"671310728","code":5124,"fclass":"pedestrian","name":null,"ref":null,"oneway":"B","maxspeed":0,"layer":0,"bridge":"F","tunnel":"F"},"geometry":{"type":"MultiLineString","coordinates":[[[-51.7340853,-19.1054716],[-51.734078,-19.1055342],[-51.7340638,-19.1057578]]]}},
{"type":"Feature","properties":{"osm_id":"671326345","code":5153,"fclass":"footway","name":null,"ref":null,"oneway":"B","maxspeed":0,"layer":0,"bridge":"F","tunnel":"F"},"geometry":{"type":"MultiLineString","coordinates":[[[-51.7309567,-19.1167578],[-51.7309585,-19.116759],[-51.7310199,-19.1168013]]]}},
{"type":"Feature","properties":{"osm_id":"671326346","code":5153,"fclass":"footway","name":null,"ref":null,"oneway":"B","maxspeed":0,"layer":1,"bridge":"T","tunnel":"F"},"geometry":{"type":"MultiLineString","coordinates":[[[-51.7308378,-19.1165563],[-51.7308419,-19.1166408],[-51.7308836,-19.1167155],[-51.730911,-19.116733],[-51.7309567,-19.1167578]]]}},
{"type":"Feature","properties":{"osm_id":"671326347","code":5153,"fclass":"footway","name":null,"ref":null,"oneway":"B","maxspeed":0,"layer":0,"bridge":"F","tunnel":"F"},"geometry":{"type":"MultiLineString","coordinates":[[[-51.7303044,-19.1172057],[-51.730228,-19.1171997]]]}},
{"type":"Feature","properties":{"osm_id":"671341251","code":5124,"fclass":"pedestrian","name":null,"ref":null,"oneway":"B","maxspeed":0,"layer":0,"bridge":"F","tunnel":"F"},"geometry":{"type":"MultiLineString","coordinates":[[[-51.7308825,-19.1165237],[-51.7308411,-19.116457],[-51.7307133,-19.1163137]]]}},
{"type":"Feature","properties":{"osm_id":"671341513","code":5153,"fclass":"footway","name":null,"ref":null,"oneway":"B","maxspeed":0,"layer":0,"bridge":"F","tunnel":"F"},"geometry":{"type":"MultiLineString","coordinates":[[[-51.7308411,-19.116457],[-51.7305998,-19.1165956],[-51.7305283,-19.1166548],[-51.7303972,-19.1166213]]]}},
{"type":"Feature","properties":{"osm_id":"671343577","code":5141,"fclass":"service","name":null,"ref":null,"oneway":"F","maxspeed":0,"layer":0,"bridge":"F","tunnel":"F"},"geometry":{"type":"MultiLineString","coordinates":[[[-51.7337474,-19.1134885],[-51.7337495,-19.1133991],[-51.7337502,-19.1133721],[-51.7337513,-19.1133318],[-51.7337635,-19.1131129],[-51.7337737,-19.11294],[-51.7337717,-19.1128882],[-51.7337062,-19.1128481]]]}},
{"type":"Feature","properties":{"osm_id":"671347389","code":5153,"fclass":"footway","name":null,"ref":null,"oneway":"B","maxspeed":0,"layer":0,"bridge":"F","tunnel":"F"},"geometry":{"type":"MultiLineString","coordinates":[[[-51.730781,-19.1039833],[-51.7305912,-19.1038826]]]}},
{"type":"Feature","properties":{"osm_id":"671355828","code":5115,"fclass":"tertiary","name":null,"ref":null,"oneway":"F","maxspeed":0,"layer":0,"bridge":"F","tunnel":"F"},"geometry":{"type":"MultiLineString","coordinates":[[[-51.7478315,-19.1082621],[-51.7486419,-19.108675],[-51.7495332,-19.1091288]]]}},
{"type":"Feature","properties":{"osm_id":"671355829","code":5124,"fclass":"pedestrian","name":null,"ref":null,"oneway":"B","maxspeed":0,"layer":0,"bridge":"F","tunnel":"F"},"geometry":{"type":"MultiLineString","coordinates":[[[-51.7483294,-19.1087861],[-51.74838,-19.1087035],[-51.7455455,-19.1072338],[-51.7454763,-19.107239],[-51.7454502,-19.1072669],[-51.7453093,-19.1075549],[-51.7452326,-19.1077119],[-51.7448161,-19.1085643]]]}},
{"type":"Feature","properties":{"osm_id":"671355830","code":5124,"fclass":"pedestrian","name":null,"ref":null,"oneway":"B","maxspeed":0,"layer":0,"bridge":"F","tunnel":"F"},"geometry":{"type":"MultiLineString","coordinates":[[[-51.7448161,-19.1085643],[-51.7447205,-19.1087661],[-51.7446459,-19.1087532]]]}},
{"type":"Feature","properties":{"osm_id":"671360157","code":5122,"fclass":"residential","name":null,"ref":null,"oneway":"B","maxspeed":0,"layer":0,"bridge":"F","tunnel":"F"},"geometry":{"type":"MultiLineString","coordinates":[[[-51.7425481,-19.1198118],[-51.7424874,-19.1196704],[-51.7424162,-19.1196087],[-51.7422737,-19.1195638],[-51.7421609,-19.1195526],[-51.7421134,-19.119575]]]}},
{"type":"Feature","properties":{"osm_id":"671734807","code":5153,"fclass":"footway","name":null,"ref":null,"oneway":"B","maxspeed":0,"layer":0,"bridge":"F","tunnel":"F"},"geometry":{"type":"MultiLineString","coordinates":[[[-51.7330943,-19.1208803],[-51.7329976,-19.1206926],[-51.7328995,-19.1204543],[-51.7327781,-19.120216],[-51.732638,-19.1199645],[-51.732582,-19.1197711]]]}},
{"type":"Feature","properties":{"osm_id":"671734814","code":5154,"fclass":"path","name":null,"ref":null,"oneway":"B","maxspeed":0,"layer":0,"bridge":"F","tunnel":"F"},"geometry":{"type":"MultiLineString","coordinates":[[[-51.7333972,-19.1208742],[-51.7333505,-19.120658],[-51.7331871,-19.1203491],[-51.7330797,-19.1202079],[-51.7329582,-19.1200226],[-51.7329302,-19.1199211],[-51.7329267,-19.1197856]]]}},
{"type":"Feature","properties":{"osm_id":"671734900","code":5154,"fclass":"path","name":null,"ref":null,"oneway":"B","maxspeed":0,"layer":0,"bridge":"F","tunnel":"F"},"geometry":{"type":"MultiLineString","coordinates":[[[-51.7317848,-19.121866],[-51.7318047,-19.1220832],[-51.7318188,-19.1221891],[-51.7318561,-19.122317],[-51.7319448,-19.122445],[-51.7321176,-19.1225729],[-51.7323231,-19.1227053],[-51.7325519,-19.1228377],[-51.7328088,-19.1229921],[-51.7329899,-19.1231481],[-51.733064,-19.1232455],[-51.7332093,-19.1234991],[-51.7332306,-19.1235341]]]}},
{"type":"Feature","properties":{"osm_id":"671734934","code":5154,"fclass":"path","name":null,"ref":null,"oneway":"B","maxspeed":0,"layer":0,"bridge":"F","tunnel":"F"},"geometry":{"type":"MultiLineString","coordinates":[[[-51.7320547,-19.121879],[-51.7320663,-19.1221538],[-51.7321036,-19.1222949],[-51.7322204,-19.1223744],[-51.7324679,-19.1225332],[-51.7327854,-19.1227009],[-51.733061,-19.1228553],[-51.7333329,-19.1229804]]]}},
{"type":"Feature","properties":{"osm_id":"671735091","code":5124,"fclass":"pedestrian","name":null,"ref":null,"oneway":"B","maxspeed":0,"layer":0,"bridge":"F","tunnel":"F"},"geometry":{"type":"MultiLineString","coordinates":[[[-51.7332504,-19.1236258],[-51.7332624,-19.1237955],[-51.7332671,-19.1239036],[-51.7332787,-19.1240413],[-51.7333031,-19.1242161],[-51.7333132,-19.1243467],[-51.7333254,-19.1244735],[-51.7333417,-19.1246865],[-51.7333722,-19.1249229],[-51.7333844,-19.125113],[-51.7334189,-19.1254491],[-51.7334408,-19.1256807],[-51.7334657,-19.1259158],[-51.7334982,-19.1262173],[-51.7335739,-19.126985],[-51.7336382,-19.1277832],[-51.7337214,-19.1286879],[-51.7337616,-19.1291263],[-51.733842,-19.1299711],[-51.7339128,-19.1306406],[-51.7339252,-19.1307571],[-51.7339098,-19.1308095],[-51.7338728,-19.1307658],[-51.7338666,-19.130693]]]}},
{"type":"Feature","properties":{"osm_id":"671736395","code":5124,"fclass":"pedestrian","name":null,"ref":null,"oneway":"B","maxspeed":0,"layer":0,"bridge":"F","tunnel":"F"},"geometry":{"type":"MultiLineString","coordinates":[[[-51.7338666,-19.130693],[-51.7338298,-19.1303842],[-51.7337958,-19.1299764],[-51.733739,-19.1294348],[-51.7336712,-19.1286261],[-51.7335588,-19.1274687],[-51.7334385,-19.1262082],[-51.7331988,-19.1236606],[-51.7332043,-19.1236142],[-51.7332268,-19.1236046],[-51.733238,-19.1235998],[-51.7332504,-19.1236258]]]}},
{"type":"Feature","properties":{"osm_id":"671882137","code":5153,"fclass":"footway","name":null,"ref":null,"oneway":"B","maxspeed":0,"layer":0,"bridge":"F","tunnel":"F"},"geometry":{"type":"MultiLineString","coordinates":[[[-51.7307568,-19.1170851],[-51.7308362,-19.1172985]]]}},
{"type":"Feature","properties":{"osm_id":"671882138","code":5153,"fclass":"footway","name":null,"ref":null,"oneway":"B","maxspeed":0,"layer":0,"bridge":"F","tunnel":"F"},"geometry":{"type":"MultiLineString","coordinates":[[[-51.7308362,-19.1172985],[-51.731096,-19.11729]]]}},
{"type":"Feature","properties":{"osm_id":"672730171","code":5153,"fclass":"footway","name":null,"ref":null,"oneway":"B","maxspeed":0,"layer":0,"bridge":"F","tunnel":"F"},"geometry":{"type":"MultiLineString","coordinates":[[[-51.7303933,-19.1169732],[-51.7303461,-19.1169775]]]}},
{"type":"Feature","properties":{"osm_id":"672732366","code":5124,"fclass":"pedestrian","name":null,"ref":null,"oneway":"B","maxspeed":0,"layer":0,"bridge":"F","tunnel":"F"},"geometry":{"type":"MultiLineString","coordinates":[[[-51.7309998,-19.1160924],[-51.7311685,-19.1159677]]]}},
{"type":"Feature","properties":{"osm_id":"672732367","code":5124,"fclass":"pedestrian","name":null,"ref":null,"oneway":"B","maxspeed":0,"layer":0,"bridge":"F","tunnel":"F"},"geometry":{"type":"MultiLineString","coordinates":[[[-51.7311685,-19.1159677],[-51.7312375,-19.1159136]]]}},
{"type":"Feature","properties":{"osm_id":"673330149","code":5113,"fclass":"primary","name":null,"ref":"MS-306","oneway":"F","maxspeed":0,"layer":0,"bridge":"F","tunnel":"F"},"geometry":{"type":"MultiLineString","coordinates":[[[-51.72676,-19.1194744],[-51.7270277,-19.1195326]]]}},
{"type":"Feature","properties":{"osm_id":"675925863","code":5122,"fclass":"residential","name":null,"ref":null,"oneway":"B","maxspeed":0,"layer":0,"bridge":"F","tunnel":"F"},"geometry":{"type":"MultiLineString","coordinates":[[[-51.7221956,-19.1143048],[-51.7228684,-19.1142801],[-51.7230132,-19.114365],[-51.7230897,-19.1144855]]]}},
{"type":"Feature","properties":{"osm_id":"675925864","code":5122,"fclass":"residential","name":"Rua Jatobá","ref":null,"oneway":"B","maxspeed":0,"layer":0,"bridge":"F","tunnel":"F"},"geometry":{"type":"MultiLineString","coordinates":[[[-51.7219578,-19.1114388],[-51.7229991,-19.1113747]]]}},
{"type":"Feature","properties":{"osm_id":"675925866","code":5122,"fclass":"residential","name":"Rua Mangaba","ref":null,"oneway":"B","maxspeed":0,"layer":0,"bridge":"F","tunnel":"F"},"geometry":{"type":"MultiLineString","coordinates":[[[-51.7219207,-19.1108164],[-51.7229806,-19.1107634]]]}},
{"type":"Feature","properties":{"osm_id":"675925868","code":5122,"fclass":"residential","name":null,"ref":null,"oneway":"B","maxspeed":0,"layer":0,"bridge":"F","tunnel":"F"},"geometry":{"type":"MultiLineString","coordinates":[[[-51.7290117,-19.1108456],[-51.7284048,-19.1108553]]]}},
{"type":"Feature","properties":{"osm_id":"681699054","code":5153,"fclass":"footway","name":null,"ref":null,"oneway":"B","maxspeed":0,"layer":0,"bridge":"F","tunnel":"F"},"geometry":{"type":"MultiLineString","coordinates":[[[-51.7279183,-19.113067],[-51.7276471,-19.1129347],[-51.7271965,-19.1130538],[-51.7270007,-19.1130716],[-51.7268666,-19.1131527],[-51.7267754,-19.1132262],[-51.7266869,-19.1132616],[-51.7265716,-19.1132921],[-51.7264053,-19.1132946],[-51.7263221,-19.1133098]]]}},
{"type":"Feature","properties":{"osm_id":"681735948","code":5122,"fclass":"residential","name":"Rua Job Gomes de Moura Filho","ref":null,"oneway":"F","maxspeed":0,"layer":0,"bridge":"F","tunnel":"F"},"geometry":{"type":"MultiLineString","coordinates":[[[-51.7345852,-19.1023072],[-51.7350826,-19.1023667],[-51.7354721,-19.1024159]]]}},
{"type":"Feature","properties":{"osm_id":"681871818","code":5124,"fclass":"pedestrian","name":null,"ref":null,"oneway":"B","maxspeed":0,"layer":0,"bridge":"F","tunnel":"F"},"geometry":{"type":"MultiLineString","coordinates":[[[-51.7467604,-19.1079847],[-51.7467596,-19.1080552],[-51.7467488,-19.108074],[-51.7466392,-19.1082638],[-51.7464908,-19.1085209],[-51.7461803,-19.1090588],[-51.746132,-19.1090436],[-51.7464357,-19.1084915],[-51.7465796,-19.1082299],[-51.7466836,-19.1080409],[-51.7466953,-19.1080197],[-51.7467604,-19.1079847]]]}},
{"type":"Feature","properties":{"osm_id":"681871819","code":5124,"fclass":"pedestrian","name":null,"ref":null,"oneway":"B","maxspeed":0,"layer":0,"bridge":"F","tunnel":"F"},"geometry":{"type":"MultiLineString","coordinates":[[[-51.7456251,-19.1075027],[-51.7457911,-19.1075871],[-51.7461123,-19.1077504],[-51.7466836,-19.1080409]]]}},
{"type":"Feature","properties":{"osm_id":"681871820","code":5124,"fclass":"pedestrian","name":null,"ref":null,"oneway":"B","maxspeed":0,"layer":0,"bridge":"F","tunnel":"F"},"geometry":{"type":"MultiLineString","coordinates":[[[-51.7455258,-19.1076851],[-51.7456856,-19.1077677],[-51.7460101,-19.1079355],[-51.7465796,-19.1082299]]]}},
{"type":"Feature","properties":{"osm_id":"681871821","code":5124,"fclass":"pedestrian","name":null,"ref":null,"oneway":"B","maxspeed":0,"layer":0,"bridge":"F","tunnel":"F"},"geometry":{"type":"MultiLineString","coordinates":[[[-51.7467488,-19.108074],[-51.7472673,-19.108353],[-51.7473685,-19.1084075],[-51.7473953,-19.1084531],[-51.7474007,-19.1085139],[-51.7473765,-19.1085621],[-51.7473283,-19.1085899],[-51.7472719,-19.1085975],[-51.7471632,-19.1085402],[-51.7466392,-19.1082638]]]}},
{"type":"Feature","properties":{"osm_id":"681871822","code":5124,"fclass":"pedestrian","name":null,"ref":null,"oneway":"B","maxspeed":0,"layer":0,"bridge":"F","tunnel":"F"},"geometry":{"type":"MultiLineString","coordinates":[[[-51.7464357,-19.1084915],[-51.7458722,-19.1081989],[-51.7455366,-19.1080246],[-51.7454051,-19.1079563]]]}},
{"type":"Feature","properties":{"osm_id":"681871823","code":5124,"fclass":"pedestrian","name":null,"ref":null,"oneway":"B","maxspeed":0,"layer":0,"bridge":"F","tunnel":"F"},"geometry":{"type":"MultiLineString","coordinates":[[[-51.7461123,-19.1077504],[-51.7460101,-19.1079355]]]}},
{"type":"Feature","properties":{"osm_id":"681871824","code":5124,"fclass":"pedestrian","name":null,"ref":null,"oneway":"B","maxspeed":0,"layer":0,"bridge":"F","tunnel":"F"},"geometry":{"type":"MultiLineString","coordinates":[[[-51.7457911,-19.1075871],[-51.7456856,-19.1077677]]]}},
{"type":"Feature","properties":{"osm_id":"681871825","code":5124,"fclass":"pedestrian","name":null,"ref":null,"oneway":"B","maxspeed":0,"layer":0,"bridge":"F","tunnel":"F"},"geometry":{"type":"MultiLineString","coordinates":[[[-51.7460101,-19.1079355],[-51.7458722,-19.1081989]]]}},
{"type":"Feature","properties":{"osm_id":"681871826","code":5124,"fclass":"pedestrian","name":null,"ref":null,"oneway":"B","maxspeed":0,"layer":0,"bridge":"F","tunnel":"F"},"geometry":{"type":"MultiLineString","coordinates":[[[-51.7456856,-19.1077677],[-51.7456054,-19.1079048]]]}},
{"type":"Feature","properties":{"osm_id":"681871827","code":5124,"fclass":"pedestrian","name":null,"ref":null,"oneway":"B","maxspeed":0,"layer":0,"bridge":"F","tunnel":"F"},"geometry":{"type":"MultiLineString","coordinates":[[[-51.7472673,-19.108353],[-51.7471632,-19.1085402],[-51.7471042,-19.1086475]]]}},
{"type":"Feature","properties":{"osm_id":"681871828","code":5124,"fclass":"pedestrian","name":null,"ref":null,"oneway":"B","maxspeed":0,"layer":0,"bridge":"F","tunnel":"F"},"geometry":{"type":"MultiLineString","coordinates":[[[-51.7467488,-19.108074],[-51.7466836,-19.1080409]]]}},
{"type":"Feature","properties":{"osm_id":"681871829","code":5124,"fclass":"pedestrian","name":null,"ref":null,"oneway":"B","maxspeed":0,"layer":0,"bridge":"F","tunnel":"F"},"geometry":{"type":"MultiLineString","coordinates":[[[-51.7466392,-19.1082638],[-51.7465796,-19.1082299]]]}},
{"type":"Feature","properties":{"osm_id":"681871830","code":5124,"fclass":"pedestrian","name":null,"ref":null,"oneway":"B","maxspeed":0,"layer":0,"bridge":"F","tunnel":"F"},"geometry":{"type":"MultiLineString","coordinates":[[[-51.7464357,-19.1084915],[-51.7464908,-19.1085209]]]}},
{"type":"Feature","properties":{"osm_id":"686013270","code":5124,"fclass":"pedestrian","name":null,"ref":null,"oneway":"B","maxspeed":0,"layer":0,"bridge":"F","tunnel":"F"},"geometry":{"type":"MultiLineString","coordinates":[[[-51.7342429,-19.1128116],[-51.7341991,-19.112851],[-51.7341401,-19.1128625],[-51.7340751,-19.112851],[-51.7340202,-19.1127914],[-51.7340283,-19.1127165],[-51.7340324,-19.1126704],[-51.7340446,-19.112632],[-51.7340579,-19.1126132],[-51.7341299,-19.1125994],[-51.7341869,-19.112607],[-51.7342438,-19.1126224],[-51.7342661,-19.112657],[-51.7342783,-19.112705],[-51.7342743,-19.1127396],[-51.7342621,-19.1127741],[-51.7342429,-19.1128116]]]}},
{"type":"Feature","properties":{"osm_id":"686014835","code":5124,"fclass":"pedestrian","name":null,"ref":null,"oneway":"B","maxspeed":0,"layer":1,"bridge":"T","tunnel":"F"},"geometry":{"type":"MultiLineString","coordinates":[[[-51.7314927,-19.1157231],[-51.7312375,-19.1159136]]]}},
{"type":"Feature","properties":{"osm_id":"686014836","code":5124,"fclass":"pedestrian","name":null,"ref":null,"oneway":"B","maxspeed":0,"layer":1,"bridge":"T","tunnel":"F"},"geometry":{"type":"MultiLineString","coordinates":[[[-51.7314337,-19.1156316],[-51.7312136,-19.115825]]]}},
{"type":"Feature","properties":{"osm_id":"729738506","code":5121,"fclass":"unclassified","name":null,"ref":null,"oneway":"B","maxspeed":0,"layer":0,"bridge":"F","tunnel":"F"},"geometry":{"type":"MultiLineString","coordinates":[[[-51.603261623567839,-19.268966691416228],[-51.6038315,-19.2679014],[-51.6041405,-19.2676788],[-51.6055065,-19.2674562],[-51.6064252,-19.2674178],[-51.6070513,-19.2679167],[-51.6077343,-19.2685998],[-51.6090918,-19.2689108],[-51.6097671,-19.2692906],[-51.6111249,-19.269283],[-51.6114258,-19.2695055],[-51.6114258,-19.2705647],[-51.6116453,-19.270795],[-51.6122293,-19.2711414],[-51.6125641,-19.27134],[-51.6143529,-19.2715856],[-51.61467,-19.2715625],[-51.6154669,-19.2714474],[-51.6190282,-19.2718542],[-51.619825,-19.2719617],[-51.6212007,-19.2717392],[-51.623858,-19.2713093],[-51.6284113,-19.270465],[-51.6301125,-19.2701412],[-51.6330474,-19.2695825],[-51.6354664,-19.2694502],[-51.6363274,-19.2693486],[-51.6365125,-19.2693268],[-51.6368301,-19.2693532],[-51.6372317,-19.2692033],[-51.6414721,-19.2657824],[-51.6456348,-19.2623039],[-51.6457031,-19.2622468],[-51.6470177,-19.2610163],[-51.6479167,-19.2601747],[-51.6487106,-19.259293],[-51.6495512,-19.258667],[-51.6500462,-19.2580762],[-51.6505786,-19.2572562],[-51.6523999,-19.2553693],[-51.6537448,-19.2549725],[-51.6545574,-19.2551488],[-51.6555727,-19.2556195],[-51.6560654,-19.2558261],[-51.6564534,-19.2558454],[-51.6585829,-19.2563657],[-51.6599839,-19.2564186],[-51.6611421,-19.2561276],[-51.6628139,-19.2551929],[-51.6649808,-19.2534911],[-51.6665126,-19.2520891],[-51.668558,-19.2505549],[-51.6692154,-19.2505982],[-51.6693613,-19.2506078],[-51.6705194,-19.2508723],[-51.6731717,-19.250113],[-51.6737231,-19.2499552],[-51.6801303,-19.2479183],[-51.6806209,-19.2477777],[-51.6811224,-19.2476024],[-51.6860162,-19.2460545],[-51.6890605,-19.2450923],[-51.6924468,-19.2440616],[-51.6964674,-19.2429068],[-51.7002533,-19.2418876],[-51.704522,-19.2407923],[-51.7048117,-19.2407657],[-51.7053415,-19.2408619],[-51.7079701,-19.241371],[-51.7090483,-19.2416545],[-51.7103948,-19.2421029],[-51.7113376,-19.2425954],[-51.7132218,-19.2425194],[-51.7142209,-19.2424599],[-51.7146407,-19.2423561],[-51.7157954,-19.2420066],[-51.7210016,-19.2404726],[-51.7213395,-19.2403757],[-51.7217472,-19.2403403],[-51.7251826,-19.240131]]]}},
{"type":"Feature","properties":{"osm_id":"729738507","code":5142,"fclass":"track","name":null,"ref":null,"oneway":"B","maxspeed":0,"layer":0,"bridge":"F","tunnel":"F"},"geometry":{"type":"MultiLineString","coordinates":[[[-51.7146407,-19.2423561],[-51.7141101,-19.2421222],[-51.7136165,-19.2418234],[-51.7116907,-19.2404711],[-51.7114386,-19.2401925],[-51.7108539,-19.2381362],[-51.7102691,-19.2359836],[-51.709545,-19.2333448],[-51.7092714,-19.2324331],[-51.7091855,-19.2321494],[-51.7097542,-19.2314049],[-51.7099473,-19.2310098]]]}},
{"type":"Feature","properties":{"osm_id":"729740022","code":5142,"fclass":"track","name":null,"ref":null,"oneway":"B","maxspeed":0,"layer":0,"bridge":"F","tunnel":"F"},"geometry":{"type":"MultiLineString","coordinates":[[[-51.6964674,-19.2429068],[-51.6948099,-19.2378459],[-51.6935396,-19.233807],[-51.6930913,-19.2324842],[-51.6916623,-19.2307821],[-51.6914367,-19.2304858],[-51.6910179,-19.2299355],[-51.6908311,-19.2296181],[-51.6906629,-19.2290536],[-51.6903547,-19.2287273],[-51.6900839,-19.2281718]]]}},
{"type":"Feature","properties":{"osm_id":"729740023","code":5142,"fclass":"track","name":null,"ref":null,"oneway":"B","maxspeed":0,"layer":0,"bridge":"F","tunnel":"F"},"geometry":{"type":"MultiLineString","coordinates":[[[-51.6914367,-19.2304858],[-51.6914288,-19.2299532],[-51.6917651,-19.2291507],[-51.6922694,-19.2288332],[-51.6931754,-19.2286568],[-51.6937171,-19.2284892],[-51.6949687,-19.2280747]]]}},
{"type":"Feature","properties":{"osm_id":"729740024","code":5142,"fclass":"track","name":null,"ref":null,"oneway":"B","maxspeed":0,"layer":0,"bridge":"F","tunnel":"F"},"geometry":{"type":"MultiLineString","coordinates":[[[-51.6890605,-19.2450923],[-51.6897126,-19.2463799],[-51.6910295,-19.2487519],[-51.6933085,-19.2527728],[-51.6939716,-19.2539808],[-51.6942798,-19.2541925],[-51.6949149,-19.2543512],[-51.6961385,-19.2549596],[-51.6975488,-19.2555151],[-51.6997624,-19.2556738]]]}},
{"type":"Feature","properties":{"osm_id":"729740025","code":5142,"fclass":"track","name":null,"ref":null,"oneway":"B","maxspeed":0,"layer":0,"bridge":"F","tunnel":"F"},"geometry":{"type":"MultiLineString","coordinates":[[[-51.6811224,-19.2476024],[-51.67966,-19.2452951],[-51.6787168,-19.244942],[-51.6777736,-19.244397],[-51.6771312,-19.2440208],[-51.6753749,-19.2435833],[-51.6748871,-19.2435142],[-51.6741878,-19.2435909],[-51.6735211,-19.2434988],[-51.6730332,-19.2434604],[-51.6721226,-19.2429461],[-51.6718705,-19.242378],[-51.6717404,-19.2420019],[-51.6714477,-19.2416411],[-51.6708541,-19.2413033],[-51.6702037,-19.2412035],[-51.6695776,-19.2411037],[-51.6692767,-19.2407889]]]}},
{"type":"Feature","properties":{"osm_id":"729740026","code":5142,"fclass":"track","name":null,"ref":null,"oneway":"B","maxspeed":0,"layer":0,"bridge":"F","tunnel":"F"},"geometry":{"type":"MultiLineString","coordinates":[[[-51.6731717,-19.250113],[-51.6750573,-19.2479995]]]}},
{"type":"Feature","properties":{"osm_id":"729740027","code":5142,"fclass":"track","name":null,"ref":null,"oneway":"B","maxspeed":0,"layer":0,"bridge":"F","tunnel":"F"},"geometry":{"type":"MultiLineString","coordinates":[[[-51.6731717,-19.250113],[-51.6732703,-19.250493],[-51.673498,-19.2508614],[-51.6740672,-19.2520436],[-51.6748721,-19.2538475],[-51.6751811,-19.2544846],[-51.6752705,-19.2550757],[-51.6754576,-19.2561887],[-51.6756039,-19.2567567],[-51.6758885,-19.2571252],[-51.677287,-19.2587371],[-51.6787425,-19.2604796],[-51.6792059,-19.2610936],[-51.6804743,-19.2624983],[-51.6807427,-19.262813],[-51.6810354,-19.262813],[-51.6826372,-19.2623755],[-51.6828974,-19.2621682],[-51.6831413,-19.2619149],[-51.6839463,-19.2613469]]]}},
{"type":"Feature","properties":{"osm_id":"729740028","code":5142,"fclass":"track","name":null,"ref":null,"oneway":"B","maxspeed":0,"layer":0,"bridge":"F","tunnel":"F"},"geometry":{"type":"MultiLineString","coordinates":[[[-51.6692154,-19.2505982],[-51.6676451,-19.2502073],[-51.6672141,-19.2499041],[-51.6650269,-19.2477816],[-51.6626458,-19.2455967],[-51.6615297,-19.24449],[-51.6597271,-19.2427969],[-51.659218,-19.2423516]]]}},
{"type":"Feature","properties":{"osm_id":"729740029","code":5142,"fclass":"track","name":null,"ref":null,"oneway":"B","maxspeed":0,"layer":0,"bridge":"F","tunnel":"F"},"geometry":{"type":"MultiLineString","coordinates":[[[-51.6503991,-19.2492068],[-51.6508025,-19.2499085],[-51.6513051,-19.250677],[-51.6517298,-19.2510245],[-51.6519068,-19.2512918],[-51.652289,-19.2514655],[-51.6530039,-19.251813],[-51.653372,-19.2521605],[-51.654009,-19.2529958],[-51.6544904,-19.2534102],[-51.6547947,-19.2536975],[-51.6550142,-19.2539982],[-51.6554955,-19.2545194],[-51.6556654,-19.2549137],[-51.6556937,-19.2551543],[-51.6555727,-19.2556195]]]}},
{"type":"Feature","properties":{"osm_id":"729740030","code":5142,"fclass":"track","name":null,"ref":null,"oneway":"B","maxspeed":0,"layer":0,"bridge":"F","tunnel":"F"},"geometry":{"type":"MultiLineString","coordinates":[[[-51.6470177,-19.2610163],[-51.6464664,-19.2602746],[-51.643447,-19.2552601]]]}},
{"type":"Feature","properties":{"osm_id":"729740031","code":5142,"fclass":"track","name":null,"ref":null,"oneway":"B","maxspeed":0,"layer":0,"bridge":"F","tunnel":"F"},"geometry":{"type":"MultiLineString","coordinates":[[[-51.6456348,-19.2623039],[-51.6457556,-19.2625937],[-51.645164,-19.2635361],[-51.6449176,-19.2647344],[-51.6449052,-19.2651532],[-51.6454228,-19.2661188],[-51.6459281,-19.2666656],[-51.6463718,-19.2672822],[-51.646569,-19.2676312],[-51.6470989,-19.2680617],[-51.6480725,-19.2689342],[-51.6497856,-19.2698417]]]}},
{"type":"Feature","properties":{"osm_id":"729740032","code":5121,"fclass":"unclassified","name":null,"ref":null,"oneway":"B","maxspeed":0,"layer":0,"bridge":"F","tunnel":"F"},"geometry":{"type":"MultiLineString","coordinates":[[[-51.6363274,-19.2693486],[-51.6367789,-19.2709596],[-51.6402534,-19.2823856]]]}},
{"type":"Feature","properties":{"osm_id":"729740033","code":5142,"fclass":"track","name":null,"ref":null,"oneway":"B","maxspeed":0,"layer":0,"bridge":"F","tunnel":"F"},"geometry":{"type":"MultiLineString","coordinates":[[[-51.6301125,-19.2701412],[-51.6303,-19.2746442],[-51.6304356,-19.2769593],[-51.6305588,-19.2790067],[-51.630793,-19.2795883],[-51.6310641,-19.2801118],[-51.632124,-19.2817521]]]}},
{"type":"Feature","properties":{"osm_id":"729740034","code":5142,"fclass":"track","name":null,"ref":null,"oneway":"B","maxspeed":0,"layer":0,"bridge":"F","tunnel":"F"},"geometry":{"type":"MultiLineString","coordinates":[[[-51.6170885,-19.2820429],[-51.6183949,-19.2817521],[-51.6188262,-19.2811821],[-51.619048,-19.2809843],[-51.6193438,-19.2802631],[-51.6199847,-19.2796],[-51.6202435,-19.2789485],[-51.6201695,-19.2779713],[-51.6203051,-19.2771338],[-51.6205886,-19.274272],[-51.6208104,-19.2731668],[-51.6212007,-19.2717392]]]}},
{"type":"Feature","properties":{"osm_id":"729740035","code":5142,"fclass":"track","name":null,"ref":null,"oneway":"B","maxspeed":0,"layer":0,"bridge":"F","tunnel":"F"},"geometry":{"type":"MultiLineString","coordinates":[[[-51.6122293,-19.2711414],[-51.609805,-19.272255]]]}},
{"type":"Feature","properties":{"osm_id":"729740036","code":5121,"fclass":"unclassified","name":null,"ref":null,"oneway":"B","maxspeed":0,"layer":0,"bridge":"F","tunnel":"F"},"geometry":{"type":"MultiLineString","coordinates":[[[-51.6090918,-19.2689108],[-51.6090656,-19.2686602],[-51.6083138,-19.2640764],[-51.6083823,-19.2638924],[-51.608495,-19.2636721],[-51.6085842,-19.2636341],[-51.6086559,-19.2635708],[-51.6087806,-19.2634366],[-51.6089617,-19.2632416],[-51.6090716,-19.2631897],[-51.6096483,-19.2631416],[-51.6101727,-19.2629656],[-51.610858,-19.2627302],[-51.6113435,-19.2626036],[-51.6114752,-19.2624497],[-51.6115004,-19.2621225],[-51.6115218,-19.2617895],[-51.6116908,-19.261392],[-51.6116908,-19.2613021],[-51.6116586,-19.2612312],[-51.6113716,-19.2609767],[-51.6112308,-19.2608197],[-51.6111329,-19.2604159]]]}},
{"type":"Feature","properties":{"osm_id":"730034098","code":5142,"fclass":"track","name":null,"ref":null,"oneway":"B","maxspeed":0,"layer":0,"bridge":"F","tunnel":"F"},"geometry":{"type":"MultiLineString","coordinates":[[[-51.5571396,-19.1997075],[-51.556903,-19.1992095],[-51.5566776,-19.1986928]]]}},
{"type":"Feature","properties":{"osm_id":"730034099","code":5121,"fclass":"unclassified","name":null,"ref":null,"oneway":"B","maxspeed":0,"layer":0,"bridge":"F","tunnel":"F"},"geometry":{"type":"MultiLineString","coordinates":[[[-51.5976146,-19.2231242],[-51.5975422,-19.2227519],[-51.5975301,-19.2224619],[-51.5974778,-19.2222555],[-51.5973665,-19.222125],[-51.5973128,-19.2220934],[-51.5972431,-19.2220706],[-51.5969789,-19.2220541],[-51.5948747,-19.2219287],[-51.5937227,-19.2218705],[-51.5930562,-19.2217363],[-51.5905201,-19.2210689],[-51.589057,-19.2207131],[-51.5887566,-19.220632],[-51.5873793,-19.2201432],[-51.5867235,-19.2198817],[-51.5865511,-19.2198405],[-51.5863279,-19.2198203],[-51.5857197,-19.2198792],[-51.5853381,-19.2198811],[-51.5845656,-19.2197582],[-51.5841901,-19.2195429],[-51.5834525,-19.2190909],[-51.5829831,-19.2188654],[-51.5824534,-19.2186692],[-51.5820484,-19.2185096],[-51.5815093,-19.2184469],[-51.5800528,-19.2181803],[-51.5792415,-19.218055],[-51.5784945,-19.2179258],[-51.5781377,-19.2177751],[-51.5779325,-19.2176675],[-51.57669,-19.2171068],[-51.576458,-19.2170039],[-51.5761462,-19.2168956],[-51.5759839,-19.2167379],[-51.5756379,-19.2162998],[-51.575017,-19.2156223],[-51.5743384,-19.2148232],[-51.5737885,-19.2140874],[-51.5733822,-19.2137151],[-51.573119,-19.2136286],[-51.5728544,-19.213558],[-51.5726338,-19.2134738],[-51.572261,-19.2132997],[-51.5719492,-19.2131401],[-51.5715415,-19.212985],[-51.5713001,-19.212897],[-51.5708032,-19.2127494],[-51.5701662,-19.2125816],[-51.5699486,-19.2125367],[-51.5696318,-19.2124968],[-51.5693931,-19.2124556],[-51.5691027,-19.2123771],[-51.5688828,-19.2122739],[-51.5686883,-19.2121612],[-51.5684415,-19.2120206],[-51.5680982,-19.2118585],[-51.5675128,-19.2116312],[-51.5671501,-19.2114685],[-51.5669429,-19.2113614],[-51.5666673,-19.2112373],[-51.5663783,-19.2111284],[-51.5661194,-19.2110379],[-51.5658794,-19.210934],[-51.5656427,-19.2108086],[-51.5654475,-19.2106997],[-51.5653094,-19.2106282],[-51.5650107,-19.2105003],[-51.5648651,-19.2104297],[-51.5647505,-19.2103648],[-51.5645248,-19.2102046],[-51.5643887,-19.2101051],[-51.5642754,-19.2100247],[-51.5640997,-19.2099145],[-51.5639167,-19.2098227],[-51.5637068,-19.2097233],[-51.5632159,-19.2095045],[-51.5627016,-19.2092997],[-51.5624904,-19.209206],[-51.5623288,-19.2091243],[-51.5621343,-19.209023],[-51.5619224,-19.208916],[-51.5617132,-19.2088102],[-51.56138,-19.2086465],[-51.560974,-19.2083867],[-51.5608247,-19.2080219],[-51.5606938,-19.2077428],[-51.5605163,-19.2062434],[-51.5602268,-19.2055554],[-51.5597972,-19.2016833],[-51.5597411,-19.2009865],[-51.560068,-19.2002103],[-51.560974,-19.1989578],[-51.5616558,-19.1981904],[-51.5617399,-19.1978817],[-51.5617148,-19.1975792]]]}},
{"type":"Feature","properties":{"osm_id":"730034100","code":5142,"fclass":"track","name":null,"ref":null,"oneway":"B","maxspeed":0,"layer":0,"bridge":"F","tunnel":"F"},"geometry":{"type":"MultiLineString","coordinates":[[[-51.5617399,-19.1978817],[-51.5619827,-19.1982169],[-51.5628607,-19.2000162]]]}},
{"type":"Feature","properties":{"osm_id":"730034101","code":5141,"fclass":"service","name":null,"ref":null,"oneway":"B","maxspeed":0,"layer":0,"bridge":"F","tunnel":"F"},"geometry":{"type":"MultiLineString","coordinates":[[[-51.5608247,-19.2080219],[-51.5606853,-19.2084778],[-51.5604948,-19.2091623],[-51.5602031,-19.2101748],[-51.5600214,-19.2106985],[-51.5599255,-19.210984],[-51.5598866,-19.2111325],[-51.5598538,-19.2112715],[-51.5598424,-19.2113868],[-51.5598518,-19.2115267],[-51.559888,-19.2116863]]]}},
{"type":"Feature","properties":{"osm_id":"730034102","code":5142,"fclass":"track","name":null,"ref":null,"oneway":"B","maxspeed":0,"layer":0,"bridge":"F","tunnel":"F"},"geometry":{"type":"MultiLineString","coordinates":[[[-51.5761462,-19.2168956],[-51.5760879,-19.219554],[-51.575844,-19.2206289],[-51.5753399,-19.2222105],[-51.5746894,-19.223961],[-51.5747382,-19.2247441],[-51.5753236,-19.2274926]]]}},
{"type":"Feature","properties":{"osm_id":"730034103","code":5142,"fclass":"track","name":null,"ref":null,"oneway":"B","maxspeed":0,"layer":0,"bridge":"F","tunnel":"F"},"geometry":{"type":"MultiLineString","coordinates":[[[-51.5558438,-19.1737979],[-51.5557514,-19.1741937],[-51.5564415,-19.1756836],[-51.5567558,-19.1759572],[-51.5568359,-19.1761667],[-51.5568544,-19.1768244],[-51.5567496,-19.1776392],[-51.5564477,-19.1790826],[-51.5562936,-19.1794318],[-51.5564354,-19.1799556],[-51.5565339,-19.1804387],[-51.5566017,-19.1809159],[-51.5569776,-19.1814164],[-51.5575753,-19.1820275],[-51.5577232,-19.1822836],[-51.5586414,-19.1829471],[-51.5590049,-19.1832963],[-51.5597013,-19.1836571],[-51.5599477,-19.1839016],[-51.5606934,-19.1854089],[-51.5614205,-19.1868871],[-51.5625297,-19.1892325],[-51.5637929,-19.1916826],[-51.5649021,-19.1940337],[-51.5657513,-19.1956311]]]}},
{"type":"Feature","properties":{"osm_id":"730034104","code":5142,"fclass":"track","name":null,"ref":null,"oneway":"B","maxspeed":0,"layer":0,"bridge":"F","tunnel":"F"},"geometry":{"type":"MultiLineString","coordinates":[[[-51.5825044,-19.1878683],[-51.5823823,-19.1874839],[-51.5823401,-19.1872774],[-51.5822871,-19.1869754],[-51.5822737,-19.1869204],[-51.5822566,-19.1868797],[-51.5822351,-19.1868468],[-51.5822046,-19.186817],[-51.5821641,-19.1867854],[-51.5820712,-19.186736],[-51.5812129,-19.1863053],[-51.5805852,-19.1859595],[-51.5804411,-19.1858886],[-51.5803197,-19.185843],[-51.5801641,-19.1858126],[-51.5799281,-19.1857904],[-51.5793762,-19.1857442],[-51.5784569,-19.1856517],[-51.5780335,-19.1856055],[-51.5778826,-19.185603],[-51.5778075,-19.1856128],[-51.5777688,-19.185627],[-51.5777344,-19.1856505],[-51.5776982,-19.1856986],[-51.5775383,-19.185919],[-51.5771601,-19.1865092]]]}},
{"type":"Feature","properties":{"osm_id":"730034105","code":5121,"fclass":"unclassified","name":null,"ref":null,"oneway":"B","maxspeed":0,"layer":0,"bridge":"F","tunnel":"F"},"geometry":{"type":"MultiLineString","coordinates":[[[-51.5869997,-19.1857537],[-51.5858042,-19.1834858],[-51.5857753,-19.1834032],[-51.5857639,-19.1833335],[-51.5857706,-19.183273],[-51.5858015,-19.1831831],[-51.5863265,-19.182128],[-51.5878936,-19.1789563],[-51.5888914,-19.1769581],[-51.5891589,-19.1764052],[-51.5892039,-19.1762753],[-51.5892287,-19.1761341],[-51.5892344,-19.1760353],[-51.5892199,-19.1758966],[-51.5891911,-19.1757516],[-51.5891187,-19.1755198],[-51.588707,-19.1743481],[-51.587956,-19.172282],[-51.587441,-19.1709076],[-51.5866631,-19.169347],[-51.5850283,-19.1660617],[-51.5834217,-19.1627218],[-51.5833412,-19.162573],[-51.5832675,-19.1624634],[-51.5831856,-19.1623899],[-51.5830482,-19.162326],[-51.5828712,-19.1622759],[-51.5825922,-19.1622145],[-51.5800864,-19.1617958],[-51.5779594,-19.161436],[-51.5752959,-19.1610078],[-51.5723891,-19.1604752],[-51.5709139,-19.1602307],[-51.5700723,-19.1601046],[-51.5673512,-19.1596207],[-51.5619608,-19.1586727]]]}},
{"type":"Feature","properties":{"osm_id":"730034106","code":5142,"fclass":"track","name":null,"ref":null,"oneway":"B","maxspeed":0,"layer":0,"bridge":"F","tunnel":"F"},"geometry":{"type":"MultiLineString","coordinates":[[[-51.5602871,-19.1449094],[-51.5622612,-19.1439161],[-51.561832,-19.1411592],[-51.5615531,-19.1403484]]]}},
{"type":"Feature","properties":{"osm_id":"730034107","code":5142,"fclass":"track","name":null,"ref":null,"oneway":"B","maxspeed":0,"layer":0,"bridge":"F","tunnel":"F"},"geometry":{"type":"MultiLineString","coordinates":[[[-51.587441,-19.1709076],[-51.589639,-19.1693046],[-51.5921583,-19.1674026],[-51.5935484,-19.1663404],[-51.5953099,-19.1650217],[-51.5954846,-19.1648963],[-51.5955523,-19.1648374],[-51.5955989,-19.1647873],[-51.5957196,-19.164648],[-51.5959563,-19.1644073],[-51.5962735,-19.1641026],[-51.5971928,-19.1631652],[-51.5975328,-19.1628282],[-51.5978137,-19.1625198],[-51.5980987,-19.1621986],[-51.5982818,-19.1620257],[-51.598495,-19.1618357],[-51.5987773,-19.1615551],[-51.5994935,-19.1608096],[-51.5997885,-19.1605284],[-51.6000621,-19.1602617],[-51.6003605,-19.1599203],[-51.6004872,-19.1597518],[-51.6006428,-19.159532],[-51.6009164,-19.1591266],[-51.6014569,-19.158364]]]}},
{"type":"Feature","properties":{"osm_id":"730034108","code":5121,"fclass":"unclassified","name":null,"ref":null,"oneway":"B","maxspeed":0,"layer":0,"bridge":"F","tunnel":"F"},"geometry":{"type":"MultiLineString","coordinates":[[[-51.5619608,-19.1586727],[-51.5597826,-19.1582465],[-51.5586199,-19.1575091],[-51.5538714,-19.1542295],[-51.550741,-19.151979],[-51.5474317,-19.1496209],[-51.5466023,-19.1492983],[-51.5457811,-19.1493214],[-51.5452851,-19.1490372],[-51.5447729,-19.1484611],[-51.5443501,-19.1483996],[-51.5440004,-19.1479618],[-51.5436345,-19.1476546],[-51.5432361,-19.1476469],[-51.5420571,-19.1479465],[-51.541785341048843,-19.148089123229909]]]}},
{"type":"Feature","properties":{"osm_id":"730034109","code":5142,"fclass":"track","name":null,"ref":null,"oneway":"B","maxspeed":0,"layer":0,"bridge":"F","tunnel":"F"},"geometry":{"type":"MultiLineString","coordinates":[[[-51.5990777,-19.1801292],[-51.599588,-19.1810019],[-51.5997295,-19.1813148],[-51.5997959,-19.1814693],[-51.5998442,-19.1815928],[-51.5998938,-19.1817714],[-51.5999213,-19.181906],[-51.5999454,-19.1820919],[-51.5999535,-19.1822977],[-51.5999655,-19.183413],[-51.5999689,-19.1840457],[-51.5999665,-19.1842809],[-51.5999572,-19.1843709],[-51.5999374,-19.1844871],[-51.5998676,-19.1847056],[-51.5997315,-19.1851166],[-51.5996973,-19.1853098],[-51.599704,-19.1854465],[-51.5997329,-19.1855985],[-51.5997644,-19.1857189],[-51.5998945,-19.1860881],[-51.5999454,-19.1862439],[-51.5999783,-19.1863952],[-51.5999924,-19.1865365],[-51.5999984,-19.1868835],[-51.6000031,-19.1871767],[-51.6000366,-19.1875637],[-51.6000494,-19.1878088],[-51.6000608,-19.1880456],[-51.6000782,-19.188513],[-51.6000862,-19.1889785],[-51.6000976,-19.1891818],[-51.6001184,-19.1894174],[-51.6001385,-19.1896466],[-51.6001794,-19.1901843],[-51.600223,-19.1908891]]]}},
{"type":"Feature","properties":{"osm_id":"730034110","code":5121,"fclass":"unclassified","name":null,"ref":null,"oneway":"B","maxspeed":0,"layer":0,"bridge":"F","tunnel":"F"},"geometry":{"type":"MultiLineString","coordinates":[[[-51.6111222,-19.1745159],[-51.6115835,-19.1776237],[-51.6118893,-19.1796099],[-51.6120864,-19.1809918],[-51.6124593,-19.1835808],[-51.6127892,-19.1857569],[-51.6132411,-19.1892236],[-51.6137092,-19.1930068],[-51.6145206,-19.1992433],[-51.6151294,-19.2039154],[-51.6152421,-19.204831],[-51.6154312,-19.2060873],[-51.6155941,-19.2073532],[-51.6156799,-19.207968],[-51.6157477,-19.2083188],[-51.6158563,-19.208714],[-51.6160642,-19.2093662],[-51.6165389,-19.2107795],[-51.6187115,-19.217494],[-51.6193029,-19.2193435],[-51.6200459,-19.2215704],[-51.6201478,-19.2218667],[-51.6202457,-19.2220351],[-51.6203919,-19.2221858],[-51.6207366,-19.2223732],[-51.6214621,-19.2227265],[-51.6227335,-19.2233116],[-51.6240343,-19.2239625],[-51.6252051,-19.2245671],[-51.6255471,-19.224764],[-51.6258878,-19.2251414],[-51.6271564,-19.2266426],[-51.6290983,-19.228777]]]}},
{"type":"Feature","properties":{"osm_id":"730034111","code":5142,"fclass":"track","name":null,"ref":null,"oneway":"B","maxspeed":0,"layer":0,"bridge":"F","tunnel":"F"},"geometry":{"type":"MultiLineString","coordinates":[[[-51.617475,-19.1714815],[-51.617581,-19.1716921],[-51.6176141,-19.1717526],[-51.6176512,-19.1718062],[-51.6176874,-19.1718512],[-51.6177246,-19.1718818],[-51.6177942,-19.1719329],[-51.617884,-19.1719961],[-51.6179417,-19.1720458],[-51.6180171,-19.1721228],[-51.6182482,-19.172379],[-51.6185385,-19.1727026]]]}},
{"type":"Feature","properties":{"osm_id":"730034112","code":5141,"fclass":"service","name":null,"ref":null,"oneway":"B","maxspeed":0,"layer":0,"bridge":"F","tunnel":"F"},"geometry":{"type":"MultiLineString","coordinates":[[[-51.6259769,-19.1676065],[-51.6268507,-19.1705441],[-51.6277385,-19.1734867],[-51.6282709,-19.1752981],[-51.6283949,-19.1757123],[-51.6285284,-19.1761138],[-51.6286075,-19.1763361],[-51.6287792,-19.1767396],[-51.6290521,-19.1773628],[-51.6292834,-19.1778467],[-51.6298722,-19.1789962],[-51.6300116,-19.1792413],[-51.6301176,-19.1793964],[-51.6302544,-19.1795427],[-51.6304287,-19.1797055],[-51.6308633,-19.1800355],[-51.6313219,-19.1803344],[-51.6315217,-19.1804585],[-51.6319241,-19.1806346],[-51.6322352,-19.1807765],[-51.6323546,-19.1808487],[-51.6324766,-19.1809601],[-51.6325946,-19.1811425],[-51.6327488,-19.1814212],[-51.6329379,-19.1817644],[-51.6329701,-19.1818632],[-51.6329701,-19.1819342],[-51.6329326,-19.182019],[-51.63284,-19.1821115],[-51.6326107,-19.18228],[-51.6320488,-19.1826473],[-51.6316907,-19.1829019],[-51.6312093,-19.1832641],[-51.6308069,-19.1835542]]]}},
{"type":"Feature","properties":{"osm_id":"730034113","code":5141,"fclass":"service","name":null,"ref":null,"oneway":"B","maxspeed":0,"layer":0,"bridge":"F","tunnel":"F"},"geometry":{"type":"MultiLineString","coordinates":[[[-51.6304328,-19.1657634],[-51.6298065,-19.1650787],[-51.6286048,-19.1638075],[-51.6272879,-19.1623823],[-51.6265127,-19.1615412],[-51.6257117,-19.1606715],[-51.6252769,-19.1601977],[-51.6248343,-19.1597056],[-51.6246553,-19.1595219],[-51.6245138,-19.1593857],[-51.6244239,-19.1593116],[-51.6243475,-19.1592612],[-51.6242315,-19.1592058],[-51.6222426,-19.158452],[-51.6212167,-19.1580752],[-51.6209884,-19.1580042],[-51.62087,-19.1579621],[-51.6205347,-19.1578148],[-51.619543,-19.1574291],[-51.6174033,-19.1566297],[-51.6156156,-19.1559399],[-51.6155049,-19.1559139],[-51.6153668,-19.1559013],[-51.6152226,-19.155912],[-51.6147492,-19.1559849],[-51.6146362,-19.155988],[-51.6145551,-19.1559766],[-51.6144874,-19.1559557],[-51.6144203,-19.1559206],[-51.6143033,-19.1558506],[-51.6142238,-19.1558142],[-51.6141373,-19.1557844],[-51.6140331,-19.155772],[-51.6133873,-19.1557277],[-51.6125062,-19.1556669],[-51.6121555,-19.1556631],[-51.6118652,-19.1556891],[-51.6115017,-19.1557454],[-51.6108218,-19.1558778],[-51.6103202,-19.1559785],[-51.6096953,-19.1561825],[-51.6089154,-19.1565338]]]}},
{"type":"Feature","properties":{"osm_id":"730034114","code":5121,"fclass":"unclassified","name":null,"ref":null,"oneway":"B","maxspeed":0,"layer":0,"bridge":"F","tunnel":"F"},"geometry":{"type":"MultiLineString","coordinates":[[[-51.6510402,-19.1572632],[-51.6547416,-19.161811],[-51.6553263,-19.1625242],[-51.6571717,-19.1648526],[-51.6577792,-19.1656481],[-51.6579227,-19.1658216],[-51.6580649,-19.1660155],[-51.65814,-19.1661409],[-51.6584632,-19.1668199],[-51.6591954,-19.1683336],[-51.6596702,-19.1692824],[-51.6598217,-19.1695624],[-51.6598968,-19.1697815],[-51.6599183,-19.1699196],[-51.6599116,-19.1700133],[-51.6598861,-19.1701109],[-51.6596393,-19.170881],[-51.6593617,-19.1717285],[-51.6591646,-19.1723732],[-51.6589379,-19.1730902],[-51.6587488,-19.1736286],[-51.6585879,-19.1741302],[-51.6584297,-19.1745735],[-51.6583331,-19.1749155],[-51.6582231,-19.1752816],[-51.6581333,-19.1755958],[-51.6580448,-19.1758884],[-51.6579334,-19.1762038],[-51.6578262,-19.1765318],[-51.6576813,-19.1770144],[-51.6574721,-19.1776567],[-51.6573004,-19.1782406],[-51.6571502,-19.178708],[-51.6570215,-19.1790829],[-51.6569155,-19.1794477],[-51.6567841,-19.1798657],[-51.6566902,-19.1801431],[-51.6565964,-19.1803825],[-51.6565146,-19.180665],[-51.6563898,-19.1811159],[-51.6561136,-19.1819886],[-51.6558534,-19.182798],[-51.65562,-19.1835263],[-51.6553572,-19.1843281],[-51.6550997,-19.185083],[-51.6547979,-19.185995],[-51.6544949,-19.1869602],[-51.6542333,-19.1878202],[-51.6540335,-19.1884256],[-51.6538243,-19.1890716],[-51.6536714,-19.1895693],[-51.6535199,-19.1900038],[-51.6532718,-19.1908334],[-51.6528842,-19.1920582],[-51.652734,-19.1925281],[-51.6525932,-19.1929536],[-51.6524524,-19.1933843],[-51.6523384,-19.1937161],[-51.6522606,-19.1939859],[-51.6520621,-19.1945862],[-51.6517355,-19.1947195],[-51.6499364,-19.195645],[-51.6470504,-19.1971446],[-51.6387503,-19.2014406]]]}},
{"type":"Feature","properties":{"osm_id":"730034115","code":5121,"fclass":"unclassified","name":null,"ref":null,"oneway":"B","maxspeed":0,"layer":0,"bridge":"F","tunnel":"F"},"geometry":{"type":"MultiLineString","coordinates":[[[-51.6520621,-19.1945862],[-51.6549575,-19.1967216],[-51.6567197,-19.1980312],[-51.6580743,-19.199014],[-51.6582379,-19.1991521],[-51.6583143,-19.1992673],[-51.6585772,-19.1997043],[-51.6588736,-19.2002337],[-51.6591337,-19.2007023],[-51.6593644,-19.2011379],[-51.6594838,-19.2013874],[-51.6595508,-19.2015027],[-51.6596916,-19.2017218],[-51.6598552,-19.2020106],[-51.6599002,-19.2020695],[-51.6599659,-19.202134],[-51.6600765,-19.202217],[-51.6603166,-19.202407],[-51.6606157,-19.2026577],[-51.6608369,-19.2028122],[-51.6609657,-19.2029186],[-51.6611454,-19.2030668],[-51.6612446,-19.2031707],[-51.661427,-19.2033771],[-51.6615263,-19.203481],[-51.6616604,-19.2036203],[-51.6617502,-19.2037418],[-51.6618401,-19.203904],[-51.6619809,-19.2042168],[-51.6620962,-19.2044675],[-51.6622934,-19.2048437]]]}},
{"type":"Feature","properties":{"osm_id":"730034116","code":5141,"fclass":"service","name":null,"ref":null,"oneway":"B","maxspeed":0,"layer":0,"bridge":"F","tunnel":"F"},"geometry":{"type":"MultiLineString","coordinates":[[[-51.65814,-19.1661409],[-51.6584887,-19.1661485],[-51.658714,-19.1661383],[-51.6588923,-19.1661143],[-51.6590868,-19.1660256],[-51.659229,-19.1659509],[-51.6593912,-19.1658292],[-51.6595763,-19.1656164],[-51.6597171,-19.1654378],[-51.6597895,-19.1653694],[-51.6598767,-19.1653061],[-51.6600309,-19.1652402],[-51.6601543,-19.1651781],[-51.6603461,-19.1650654],[-51.6604722,-19.1649577]]]}},
{"type":"Feature","properties":{"osm_id":"730034117","code":5141,"fclass":"service","name":null,"ref":null,"oneway":"B","maxspeed":0,"layer":0,"bridge":"F","tunnel":"F"},"geometry":{"type":"MultiLineString","coordinates":[[[-51.6504166,-19.1575216],[-51.6503441,-19.1574303],[-51.6503187,-19.1573619],[-51.6503066,-19.157291],[-51.6503039,-19.1571782],[-51.6502932,-19.1566778],[-51.650257,-19.1559013],[-51.6501309,-19.1527253],[-51.6501014,-19.1517992],[-51.6500692,-19.1511252],[-51.6500719,-19.1505507],[-51.6500659,-19.1504727],[-51.6500477,-19.1504233],[-51.6500323,-19.1503847],[-51.6499948,-19.1503239],[-51.6499753,-19.1502808],[-51.6499673,-19.1502428],[-51.649972,-19.1502048],[-51.6499914,-19.1501357],[-51.6500136,-19.1500692]]]}},
{"type":"Feature","properties":{"osm_id":"730034118","code":5121,"fclass":"unclassified","name":null,"ref":null,"oneway":"B","maxspeed":0,"layer":0,"bridge":"F","tunnel":"F"},"geometry":{"type":"MultiLineString","coordinates":[[[-51.6633867,-19.1517144],[-51.6636706,-19.1522421],[-51.6646886,-19.1548149],[-51.6647134,-19.1548878],[-51.6647288,-19.1549467],[-51.6647369,-19.1550335],[-51.6647382,-19.1551785],[-51.6647422,-19.1552868],[-51.6647945,-19.1555237],[-51.6648804,-19.1558341],[-51.6649166,-19.1559963],[-51.6649514,-19.1561825],[-51.6650198,-19.1564055],[-51.6650802,-19.1565461],[-51.6652143,-19.1567779],[-51.6653605,-19.1570351],[-51.6654919,-19.1572238],[-51.6656354,-19.1574202],[-51.6658661,-19.1577065],[-51.6661182,-19.158027],[-51.6662349,-19.1581676],[-51.6663516,-19.1582652],[-51.666601,-19.1584489],[-51.666778,-19.1585996],[-51.6671777,-19.1588758],[-51.6676068,-19.1591621],[-51.6682774,-19.1596638],[-51.6687521,-19.1600229],[-51.6689305,-19.1601635],[-51.6690197,-19.1602509],[-51.6690847,-19.1603162],[-51.6693147,-19.1605714],[-51.6694998,-19.1607684],[-51.6697083,-19.1610243],[-51.6697767,-19.1611269],[-51.669829,-19.1612238],[-51.6699055,-19.1614588],[-51.669935,-19.1615937],[-51.6699712,-19.161804],[-51.6700651,-19.1624735],[-51.670104,-19.1627047],[-51.670114,-19.162877],[-51.6701221,-19.1629904],[-51.6701167,-19.1630962],[-51.6700865,-19.1635402],[-51.6700657,-19.1636257],[-51.6700389,-19.1636935],[-51.6699779,-19.16381],[-51.6698961,-19.1639506],[-51.6698304,-19.1640722],[-51.6697928,-19.1641698],[-51.6697419,-19.1643522],[-51.6696855,-19.1647918],[-51.6696654,-19.1649324],[-51.6696091,-19.1651604],[-51.6695742,-19.1653137],[-51.6695655,-19.1654143],[-51.6695488,-19.165695],[-51.6695434,-19.1662232],[-51.6695273,-19.1665437],[-51.6695146,-19.1667293],[-51.6694415,-19.1673164],[-51.6693985,-19.1677041],[-51.6693757,-19.1680283],[-51.6693409,-19.1684983],[-51.6693275,-19.1688163],[-51.6693503,-19.1692989],[-51.6693717,-19.1698955],[-51.6694039,-19.170463],[-51.6694455,-19.1713143],[-51.6694455,-19.1716157],[-51.6694535,-19.171783],[-51.6694817,-19.1718868],[-51.6695474,-19.1721034],[-51.6695675,-19.1722086],[-51.6695796,-19.1723327],[-51.6695716,-19.1725949],[-51.6695702,-19.1726798],[-51.6696078,-19.1728001],[-51.6698706,-19.1734778],[-51.6700208,-19.1738163],[-51.6701294,-19.1741644],[-51.6702582,-19.1746331],[-51.6703226,-19.1748649],[-51.6703936,-19.1751993],[-51.6704392,-19.1753779],[-51.670517,-19.1756591],[-51.6706243,-19.1760062],[-51.6708027,-19.1765242],[-51.6708483,-19.1767155],[-51.670851,-19.1768738],[-51.6708322,-19.1770676],[-51.6708282,-19.1772133],[-51.670851,-19.1774337],[-51.6709152,-19.1777483],[-51.6710106,-19.178062],[-51.6711594,-19.1787397],[-51.671268,-19.1791716],[-51.6713539,-19.1795769],[-51.6714907,-19.1800722],[-51.6716382,-19.1806764],[-51.6717616,-19.1811527],[-51.6718756,-19.1816048],[-51.6720794,-19.1824294],[-51.6721129,-19.1825675],[-51.6721237,-19.182646],[-51.6721156,-19.182779],[-51.6720821,-19.1830868],[-51.6720016,-19.1836239],[-51.671944,-19.1839709],[-51.671893,-19.1843243],[-51.6718286,-19.1847854],[-51.6717267,-19.1853946],[-51.6716623,-19.1858075],[-51.6716369,-19.1862572],[-51.671598,-19.1865295],[-51.6715658,-19.1866359],[-51.6715135,-19.1869323],[-51.6714558,-19.1873072],[-51.6713713,-19.1878848],[-51.6713324,-19.18828],[-51.6712868,-19.1885827],[-51.671268,-19.1887068],[-51.6712452,-19.1888753],[-51.6712385,-19.188988],[-51.671262,-19.1890583],[-51.6712908,-19.189107],[-51.6713606,-19.1892375],[-51.6713673,-19.1893312],[-51.6713807,-19.189411],[-51.6714062,-19.1895225],[-51.6714622,-19.1896718],[-51.6716744,-19.1902394],[-51.6717951,-19.1905319],[-51.6719963,-19.1909752],[-51.6722658,-19.1915363],[-51.6724053,-19.1918049],[-51.6725595,-19.192124],[-51.6727419,-19.1925217],[-51.6730356,-19.1931335],[-51.6731738,-19.193421],[-51.6732945,-19.1936262],[-51.6733937,-19.1937655],[-51.6735104,-19.1938516],[-51.6736579,-19.1939555],[-51.6739368,-19.1941214],[-51.6741487,-19.1942518],[-51.6744223,-19.194414],[-51.6747066,-19.1946002],[-51.6752055,-19.1949561],[-51.6754697,-19.195146],[-51.6757017,-19.1952778],[-51.675856,-19.1953639],[-51.6759874,-19.1954437],[-51.6761068,-19.1955222],[-51.6762166,-19.195618],[-51.6762865,-19.195697],[-51.6764165,-19.1958946],[-51.6765024,-19.1960187],[-51.6765842,-19.1961757],[-51.676729,-19.1964772],[-51.6768752,-19.1968313],[-51.6770107,-19.1971674],[-51.6772038,-19.1975689],[-51.6772521,-19.1976854],[-51.6772749,-19.1978134],[-51.6772762,-19.1979691],[-51.6772601,-19.1981654],[-51.6772132,-19.198377],[-51.6771517,-19.198559],[-51.6771005,-19.1987442],[-51.6770603,-19.198952],[-51.676957,-19.1993066],[-51.6768269,-19.1996409],[-51.6767317,-19.1998005],[-51.6766231,-19.199969],[-51.6764487,-19.2001412],[-51.6762757,-19.2003135],[-51.6760571,-19.2005148],[-51.6758935,-19.2006807],[-51.6758077,-19.2008011],[-51.6756964,-19.2009606],[-51.6755515,-19.2011911],[-51.6753812,-19.2014862],[-51.6751988,-19.2018231],[-51.6751157,-19.2020017],[-51.6750661,-19.2021017],[-51.6750379,-19.2021841],[-51.6750325,-19.2022639],[-51.6750164,-19.2024057],[-51.6749869,-19.2026286],[-51.6749226,-19.2028426],[-51.6745242,-19.2039268],[-51.674421,-19.2041661],[-51.6743419,-19.2043903],[-51.6742426,-19.204698],[-51.6741018,-19.2050463],[-51.67402,-19.2052338],[-51.6739409,-19.2054301],[-51.6738483,-19.2056365],[-51.6737638,-19.2058505],[-51.6736552,-19.2062254],[-51.6735224,-19.2066053],[-51.6733186,-19.2071613],[-51.6732033,-19.2074121],[-51.6731536,-19.2075273],[-51.6730504,-19.2078123],[-51.6729592,-19.208044],[-51.6727969,-19.2083581],[-51.6726561,-19.2085949],[-51.6726051,-19.2086836],[-51.6725408,-19.2088317],[-51.6724871,-19.2089939],[-51.6724388,-19.2091952],[-51.6723825,-19.2094688],[-51.6723222,-19.2097537],[-51.6722336,-19.2100805],[-51.6722155,-19.2101482],[-51.6722001,-19.2102375]]]}},
{"type":"Feature","properties":{"osm_id":"730034119","code":5121,"fclass":"unclassified","name":null,"ref":null,"oneway":"B","maxspeed":0,"layer":0,"bridge":"F","tunnel":"F"},"geometry":{"type":"MultiLineString","coordinates":[[[-51.6713606,-19.1892375],[-51.6713914,-19.1890893],[-51.6714189,-19.1890253],[-51.6714571,-19.1889816],[-51.6715363,-19.1888993],[-51.6716798,-19.1888208],[-51.6723342,-19.1885079],[-51.6728224,-19.1882458],[-51.6734259,-19.1879582],[-51.6741139,-19.1876201],[-51.6746704,-19.1873541],[-51.6754201,-19.1869753],[-51.6759123,-19.1867461],[-51.6765144,-19.1864573],[-51.6770495,-19.186204],[-51.6775042,-19.1859874],[-51.6778341,-19.1858405],[-51.6782096,-19.1856581],[-51.6786079,-19.1854731],[-51.6789338,-19.185325],[-51.6792449,-19.1851704],[-51.6793817,-19.1850704],[-51.6794582,-19.1849931],[-51.6797277,-19.1846904],[-51.6799088,-19.1844687],[-51.6800644,-19.1842509],[-51.6801837,-19.1841065],[-51.6802628,-19.1840419],[-51.6803567,-19.183995],[-51.6804238,-19.1839963],[-51.6805311,-19.1840343],[-51.6805807,-19.1840989],[-51.6806223,-19.1841951],[-51.6806477,-19.1842686],[-51.6806866,-19.1843471],[-51.6807228,-19.1843877],[-51.6807718,-19.1844211],[-51.6808958,-19.1844484],[-51.6810125,-19.1844345],[-51.6811292,-19.1844193],[-51.6813827,-19.1843535],[-51.681607,-19.184274],[-51.6817863,-19.1842078],[-51.6819929,-19.1840799],[-51.6823509,-19.1838227],[-51.6826688,-19.1835921],[-51.6827003,-19.1835612],[-51.6827358,-19.1835061],[-51.6827553,-19.1834725],[-51.682768,-19.1833997],[-51.6827452,-19.1833148],[-51.6827043,-19.1832008],[-51.6827057,-19.1831559],[-51.6827419,-19.183116],[-51.6828243,-19.1830672],[-51.682935,-19.1830381],[-51.6830342,-19.1830241],[-51.6833957,-19.1830387],[-51.683589,-19.1830439],[-51.6837128,-19.1830628],[-51.6838704,-19.1831185],[-51.6842613,-19.1832679],[-51.6846576,-19.1834149],[-51.6851726,-19.1836277],[-51.6854167,-19.1837493],[-51.6855039,-19.1837961],[-51.685579,-19.1838316],[-51.6856514,-19.1838519],[-51.6857627,-19.1838633],[-51.6859438,-19.1838797],[-51.6861235,-19.1839013],[-51.686566,-19.1839481],[-51.6868953,-19.1839659],[-51.687087,-19.183976],[-51.6872849,-19.1839861],[-51.6874612,-19.1840001],[-51.6894499,-19.1841938],[-51.6902285,-19.1843141],[-51.6904833,-19.1843676],[-51.6905683,-19.186186],[-51.6907664,-19.1909057],[-51.6908372,-19.1922427],[-51.691446,-19.1936465],[-51.6930032,-19.1968953],[-51.6963725,-19.2034463],[-51.6971512,-19.204957]]]}},
{"type":"Feature","properties":{"osm_id":"730034120","code":5142,"fclass":"track","name":null,"ref":null,"oneway":"B","maxspeed":0,"layer":0,"bridge":"F","tunnel":"F"},"geometry":{"type":"MultiLineString","coordinates":[[[-51.690248,-19.1759695],[-51.6901269,-19.1759099],[-51.6899335,-19.1758187],[-51.6897981,-19.1757528],[-51.6895795,-19.175635],[-51.6890806,-19.1754247],[-51.6886313,-19.1752639],[-51.6883095,-19.1751524],[-51.6879822,-19.175027],[-51.6876268,-19.1749041],[-51.6870649,-19.1747192],[-51.6866143,-19.1745609],[-51.6861369,-19.1743835],[-51.6859773,-19.1743253],[-51.6858284,-19.1742873],[-51.6857352,-19.1742645],[-51.6856299,-19.1742252],[-51.6855884,-19.1741986],[-51.6855428,-19.1741606],[-51.6854087,-19.1740073],[-51.6852893,-19.1738819],[-51.6850653,-19.1736767],[-51.6846308,-19.1732866]]]}},
{"type":"Feature","properties":{"osm_id":"730034121","code":5121,"fclass":"unclassified","name":null,"ref":null,"oneway":"B","maxspeed":0,"layer":0,"bridge":"F","tunnel":"F"},"geometry":{"type":"MultiLineString","coordinates":[[[-51.690248,-19.1759695],[-51.6906532,-19.1756363],[-51.6911912,-19.1752619],[-51.6913327,-19.1749143]]]}},
{"type":"Feature","properties":{"osm_id":"730034122","code":5121,"fclass":"unclassified","name":null,"ref":null,"oneway":"B","maxspeed":0,"layer":0,"bridge":"F","tunnel":"F"},"geometry":{"type":"MultiLineString","coordinates":[[[-51.7044825,-19.1997308],[-51.7038157,-19.1966286],[-51.7043199,-19.1951696],[-51.7045313,-19.1948471],[-51.7054582,-19.1946782],[-51.7062062,-19.1941099],[-51.7068567,-19.1930195],[-51.7081739,-19.1919598],[-51.7082552,-19.1911612],[-51.7079788,-19.1901783],[-51.7071494,-19.1891185],[-51.7055232,-19.1879513],[-51.7024206,-19.1865545],[-51.7023847,-19.1865383],[-51.7018968,-19.1855246],[-51.7010512,-19.1845263],[-51.7002706,-19.1841424],[-51.6999454,-19.1836816],[-51.6992787,-19.1836355],[-51.698742,-19.1838198],[-51.6982542,-19.1838198],[-51.6977175,-19.183313],[-51.6964816,-19.1823607],[-51.6928715,-19.1772307],[-51.6919446,-19.1760173],[-51.6913327,-19.1749143],[-51.6903509,-19.1728993],[-51.6903997,-19.1712097],[-51.6915705,-19.1618552],[-51.6916356,-19.1604574],[-51.6913429,-19.1594743],[-51.6877815,-19.1505492],[-51.6854561,-19.1447577],[-51.6852972,-19.1444071],[-51.6851882,-19.1441667],[-51.6851753,-19.1440178],[-51.6853309,-19.1437847],[-51.6853335,-19.1435597],[-51.6852719,-19.1433691],[-51.6851096,-19.1432171],[-51.6847651,-19.1429622]]]}},
{"type":"Feature","properties":{"osm_id":"730034123","code":5141,"fclass":"service","name":null,"ref":null,"oneway":"B","maxspeed":0,"layer":0,"bridge":"F","tunnel":"F"},"geometry":{"type":"MultiLineString","coordinates":[[[-51.6867399,-19.1421766],[-51.6875556,-19.1444475]]]}},
{"type":"Feature","properties":{"osm_id":"730034124","code":5141,"fclass":"service","name":null,"ref":null,"oneway":"B","maxspeed":0,"layer":0,"bridge":"F","tunnel":"F"},"geometry":{"type":"MultiLineString","coordinates":[[[-51.6851946,-19.1431104],[-51.6860309,-19.1428117],[-51.6861141,-19.1426749],[-51.6860908,-19.1424332],[-51.6831189,-19.1342716]]]}},
{"type":"Feature","properties":{"osm_id":"730034125","code":5141,"fclass":"service","name":null,"ref":null,"oneway":"B","maxspeed":0,"layer":0,"bridge":"F","tunnel":"F"},"geometry":{"type":"MultiLineString","coordinates":[[[-51.6824555,-19.1271122],[-51.6831757,-19.1277407],[-51.6832817,-19.127875],[-51.6847706,-19.1322472],[-51.6855072,-19.1344471],[-51.6855515,-19.1347068],[-51.6855897,-19.1348449],[-51.6857359,-19.1350673],[-51.6871243,-19.1392199],[-51.687364,-19.1399078],[-51.6873801,-19.1400396],[-51.6872004,-19.1404678],[-51.6872057,-19.1407161],[-51.6874234,-19.1412191],[-51.6875343,-19.141413],[-51.687696,-19.1415495],[-51.6878119,-19.1415663],[-51.6879254,-19.1415624],[-51.6883349,-19.1414307],[-51.6884691,-19.1414079],[-51.6886748,-19.1414156]]]}},
{"type":"Feature","properties":{"osm_id":"730034126","code":5142,"fclass":"track","name":null,"ref":null,"oneway":"B","maxspeed":0,"layer":0,"bridge":"F","tunnel":"F"},"geometry":{"type":"MultiLineString","coordinates":[[[-51.6901465,-19.1408396],[-51.6892317,-19.1385679]]]}},
{"type":"Feature","properties":{"osm_id":"730034127","code":5142,"fclass":"track","name":null,"ref":null,"oneway":"B","maxspeed":0,"layer":0,"bridge":"F","tunnel":"F"},"geometry":{"type":"MultiLineString","coordinates":[[[-51.6924264,-19.139954],[-51.6936732,-19.1434092]]]}},
{"type":"Feature","properties":{"osm_id":"730034128","code":5142,"fclass":"track","name":null,"ref":null,"oneway":"B","maxspeed":0,"layer":0,"bridge":"F","tunnel":"F"},"geometry":{"type":"MultiLineString","coordinates":[[[-51.6984285,-19.1371946],[-51.6983712,-19.1398542],[-51.6984698,-19.1417753],[-51.6984329,-19.1431142],[-51.6988765,-19.1446277],[-51.6989874,-19.1448722],[-51.7005896,-19.1458502],[-51.7006869,-19.1459087],[-51.7025245,-19.1470144],[-51.7038555,-19.1476082],[-51.7045087,-19.1481088]]]}},
{"type":"Feature","properties":{"osm_id":"730034129","code":5142,"fclass":"track","name":null,"ref":null,"oneway":"B","maxspeed":0,"layer":0,"bridge":"F","tunnel":"F"},"geometry":{"type":"MultiLineString","coordinates":[[[-51.7006869,-19.1459087],[-51.7016248,-19.1449537]]]}},
{"type":"Feature","properties":{"osm_id":"730035282","code":5121,"fclass":"unclassified","name":null,"ref":null,"oneway":"B","maxspeed":0,"layer":0,"bridge":"F","tunnel":"F"},"geometry":{"type":"MultiLineString","coordinates":[[[-51.7079986,-19.1313885],[-51.7074663,-19.1302923],[-51.706405,-19.1278408],[-51.7061985,-19.1275088],[-51.7058685,-19.1267359],[-51.7057613,-19.1266244],[-51.7055655,-19.1265914],[-51.7011095,-19.126597],[-51.7004915,-19.1267045]]]}},
{"type":"Feature","properties":{"osm_id":"730035283","code":5141,"fclass":"service","name":null,"ref":null,"oneway":"B","maxspeed":0,"layer":0,"bridge":"F","tunnel":"F"},"geometry":{"type":"MultiLineString","coordinates":[[[-51.7130469,-19.1283393],[-51.713841,-19.1296725],[-51.7140524,-19.1301719],[-51.7141663,-19.1303524],[-51.7144021,-19.1307173],[-51.7146054,-19.1309823],[-51.7149875,-19.1316775],[-51.7152152,-19.1321077],[-51.7152518,-19.1323919],[-51.7149428,-19.1334328],[-51.7147476,-19.1341088],[-51.7146013,-19.1345697],[-51.7144509,-19.1350345],[-51.714276,-19.1353494],[-51.7142232,-19.135553],[-51.7142029,-19.135841],[-51.7142598,-19.1361829],[-51.7141541,-19.1371699],[-51.7141663,-19.1373466],[-51.7141825,-19.137531],[-51.7140646,-19.1378805],[-51.7138492,-19.1383913],[-51.7134142,-19.1391057],[-51.7132597,-19.1392516],[-51.7129222,-19.1395051],[-51.7127027,-19.139774],[-51.712475,-19.140231],[-51.7123734,-19.140569],[-51.7124141,-19.1408763],[-51.7126051,-19.1414255],[-51.7127352,-19.1416867],[-51.7131174,-19.1420823],[-51.7133979,-19.1423665],[-51.7135809,-19.1425278],[-51.7137638,-19.1427467],[-51.7139874,-19.142908],[-51.714276,-19.1428926],[-51.7146907,-19.1427083]]]}},
{"type":"Feature","properties":{"osm_id":"730035284","code":5141,"fclass":"service","name":null,"ref":null,"oneway":"B","maxspeed":0,"layer":0,"bridge":"F","tunnel":"F"},"geometry":{"type":"MultiLineString","coordinates":[[[-51.7171078,-19.1258865],[-51.7172123,-19.1261803],[-51.7177727,-19.1271775],[-51.7178942,-19.1275128],[-51.7180296,-19.1284703],[-51.7181043,-19.128682]]]}},
{"type":"Feature","properties":{"osm_id":"730035285","code":5141,"fclass":"service","name":null,"ref":null,"oneway":"B","maxspeed":0,"layer":0,"bridge":"F","tunnel":"F"},"geometry":{"type":"MultiLineString","coordinates":[[[-51.7196688,-19.128007],[-51.7191861,-19.1246536]]]}},
{"type":"Feature","properties":{"osm_id":"730266789","code":5141,"fclass":"service","name":null,"ref":null,"oneway":"B","maxspeed":0,"layer":0,"bridge":"F","tunnel":"F"},"geometry":{"type":"MultiLineString","coordinates":[[[-51.7366104,-19.1371003],[-51.7358507,-19.1374615]]]}},
{"type":"Feature","properties":{"osm_id":"730266790","code":5121,"fclass":"unclassified","name":null,"ref":null,"oneway":"B","maxspeed":0,"layer":0,"bridge":"F","tunnel":"F"},"geometry":{"type":"MultiLineString","coordinates":[[[-51.7376802,-19.1397939],[-51.7380584,-19.1395882],[-51.7404234,-19.1376501],[-51.740586,-19.1376045],[-51.7407896,-19.1376171],[-51.7409407,-19.1376626],[-51.7422447,-19.1384673],[-51.7424512,-19.1385661],[-51.7428455,-19.1386561],[-51.7430507,-19.1386624],[-51.7432371,-19.1386193],[-51.743843,-19.1384136],[-51.7441634,-19.1381109],[-51.7444161,-19.1376219],[-51.7445664,-19.137155],[-51.7446441,-19.1370048],[-51.7447384,-19.1369234],[-51.7448853,-19.136843],[-51.7450456,-19.1368056],[-51.745297,-19.1367923],[-51.7455029,-19.1367796],[-51.7458371,-19.1367857],[-51.7458968,-19.1368047],[-51.7459371,-19.1368471],[-51.7459649,-19.1369165],[-51.7460118,-19.1371281],[-51.7461553,-19.1378591],[-51.7462975,-19.1386839],[-51.7464081,-19.1393111],[-51.7464852,-19.1398768],[-51.7465482,-19.1401658],[-51.7465764,-19.1402464],[-51.7466643,-19.1403601],[-51.7468493,-19.1405277],[-51.7473556,-19.1409752],[-51.7479068,-19.1414618],[-51.7480751,-19.1415948],[-51.7482951,-19.1417354],[-51.7488268,-19.1420471],[-51.7490159,-19.1421896],[-51.7492278,-19.1423645],[-51.7494363,-19.1425374],[-51.7495674,-19.1426438],[-51.7497327,-19.1427464],[-51.7500472,-19.1429384],[-51.7502055,-19.1430391],[-51.7503054,-19.1431196],[-51.7503925,-19.1432387],[-51.7504636,-19.1433495],[-51.7505199,-19.1434483],[-51.7505689,-19.1435294],[-51.7506398,-19.1436063],[-51.7510135,-19.1439044],[-51.7515258,-19.1443225],[-51.7518812,-19.1445605],[-51.7519673,-19.1446161],[-51.7520626,-19.1446678],[-51.7522413,-19.1447514],[-51.7525692,-19.1448673],[-51.7528401,-19.1449718],[-51.7530774,-19.1450751],[-51.7531693,-19.1451315],[-51.7532457,-19.1452024],[-51.7533101,-19.1452816],[-51.7533752,-19.1453538],[-51.753465,-19.14544],[-51.7536823,-19.1455673],[-51.7541919,-19.1458346],[-51.7544159,-19.1459417],[-51.7546402,-19.1460332],[-51.7547967,-19.1460854],[-51.7552584,-19.1462476],[-51.7554669,-19.1463224],[-51.7555746,-19.1463822],[-51.7557415,-19.1464858],[-51.7560191,-19.1466511],[-51.7561512,-19.1467176],[-51.756447,-19.1468241],[-51.7566776,-19.1468858],[-51.7568037,-19.1469197],[-51.7570421,-19.1469875],[-51.757151,-19.1470151],[-51.7572922,-19.1470239],[-51.7574568,-19.1470204],[-51.7575359,-19.1470141],[-51.7577834,-19.1469875],[-51.7581334,-19.1469362],[-51.7585535,-19.1468922],[-51.7587215,-19.1468833],[-51.7590997,-19.1468222],[-51.7592673,-19.1467971],[-51.7593843,-19.1467585],[-51.7596368,-19.1466606],[-51.7598815,-19.1465903],[-51.7600847,-19.146565],[-51.7604807,-19.1465402],[-51.7609578,-19.146559],[-51.7613393,-19.1465732],[-51.7615478,-19.1465951],[-51.7616504,-19.1465929],[-51.7617403,-19.1465723],[-51.761971,-19.1464411],[-51.7622868,-19.1462758],[-51.7626838,-19.1460759],[-51.7630573,-19.1459074],[-51.763353,-19.1457852],[-51.7638405,-19.1455939],[-51.7646109,-19.1453285],[-51.7650944,-19.1451644],[-51.7655329,-19.1450181],[-51.7657395,-19.1449433],[-51.7660171,-19.1448344],[-51.7663155,-19.1446633],[-51.76652,-19.1445322],[-51.7667151,-19.1444036],[-51.7670061,-19.144199],[-51.7672908,-19.143976],[-51.7674715,-19.1438252],[-51.7678745,-19.1434984],[-51.7686208,-19.1429427],[-51.7690037,-19.1426248],[-51.7693534,-19.1423755],[-51.7696226,-19.1421773],[-51.7697668,-19.1420788],[-51.7699194,-19.1420069],[-51.7700236,-19.1419774],[-51.7700947,-19.1419632],[-51.7701577,-19.1419584],[-51.7703287,-19.1419597],[-51.7706452,-19.1419616],[-51.771,-19.141967],[-51.7715397,-19.1419742],[-51.7719776,-19.1419749],[-51.7721784,-19.1419657],[-51.7723065,-19.1419498],[-51.772439,-19.1419429],[-51.772565,-19.1419419],[-51.7727132,-19.1419445],[-51.7728225,-19.1419362],[-51.7729057,-19.1419103],[-51.7730478,-19.1418399],[-51.7732885,-19.1416949],[-51.7735011,-19.1415732],[-51.7736594,-19.1415055],[-51.7737579,-19.1414801],[-51.7739443,-19.1414624],[-51.7742072,-19.1414415],[-51.7744372,-19.1414022],[-51.7747745,-19.1413509],[-51.7753425,-19.1412267],[-51.775901,-19.1411241],[-51.7764495,-19.1410519],[-51.7772435,-19.1409366],[-51.7777095,-19.1408859],[-51.7779804,-19.1408663],[-51.7782607,-19.1408593],[-51.7786228,-19.1408371],[-51.7792726,-19.1407972],[-51.7804796,-19.1407282],[-51.7810864,-19.1407009],[-51.7814901,-19.1406756],[-51.7819481,-19.1406864],[-51.7822867,-19.1407237],[-51.782453,-19.1407434],[-51.7825697,-19.1407396],[-51.7827983,-19.1406933]]]}},
{"type":"Feature","properties":{"osm_id":"730266791","code":5141,"fclass":"service","name":null,"ref":null,"oneway":"B","maxspeed":0,"layer":0,"bridge":"F","tunnel":"F"},"geometry":{"type":"MultiLineString","coordinates":[[[-51.7701577,-19.1419584],[-51.7704944,-19.1417867],[-51.7709979,-19.1412679]]]}},
{"type":"Feature","properties":{"osm_id":"730266792","code":5121,"fclass":"unclassified","name":null,"ref":null,"oneway":"B","maxspeed":0,"layer":0,"bridge":"F","tunnel":"F"},"geometry":{"type":"MultiLineString","coordinates":[[[-51.7617403,-19.1465723],[-51.7616947,-19.1466397],[-51.7616501,-19.1467151],[-51.7615891,-19.1468396],[-51.7615656,-19.1469254],[-51.7615653,-19.1470315],[-51.76158,-19.1471212],[-51.7616437,-19.1473685],[-51.7616639,-19.1474794],[-51.7616605,-19.1475354],[-51.7616384,-19.1476],[-51.7615861,-19.1476596],[-51.7614795,-19.1477552],[-51.7613883,-19.1478699],[-51.76134,-19.1479687],[-51.7612763,-19.1481271],[-51.7612334,-19.1482677],[-51.7611972,-19.1484368],[-51.7611636,-19.1488245],[-51.7611147,-19.149356]]]}},
{"type":"Feature","properties":{"osm_id":"730266793","code":5141,"fclass":"service","name":null,"ref":null,"oneway":"B","maxspeed":0,"layer":0,"bridge":"F","tunnel":"F"},"geometry":{"type":"MultiLineString","coordinates":[[[-51.7574568,-19.1470204],[-51.75752,-19.147312]]]}},
{"type":"Feature","properties":{"osm_id":"730266794","code":5141,"fclass":"service","name":null,"ref":null,"oneway":"B","maxspeed":0,"layer":0,"bridge":"F","tunnel":"F"},"geometry":{"type":"MultiLineString","coordinates":[[[-51.7566776,-19.1468858],[-51.7568496,-19.1460149]]]}},
{"type":"Feature","properties":{"osm_id":"730266795","code":5141,"fclass":"service","name":null,"ref":null,"oneway":"B","maxspeed":0,"layer":0,"bridge":"F","tunnel":"F"},"geometry":{"type":"MultiLineString","coordinates":[[[-51.7518812,-19.1445605],[-51.7517313,-19.1446605],[-51.751311,-19.1449782]]]}},
{"type":"Feature","properties":{"osm_id":"730266796","code":5141,"fclass":"service","name":null,"ref":null,"oneway":"B","maxspeed":0,"layer":0,"bridge":"F","tunnel":"F"},"geometry":{"type":"MultiLineString","coordinates":[[[-51.7488268,-19.1420471],[-51.7491423,-19.1416533],[-51.7496283,-19.1409432],[-51.7499676,-19.14063]]]}},
{"type":"Feature","properties":{"osm_id":"730266797","code":5141,"fclass":"service","name":null,"ref":null,"oneway":"B","maxspeed":0,"layer":0,"bridge":"F","tunnel":"F"},"geometry":{"type":"MultiLineString","coordinates":[[[-51.7458968,-19.1368047],[-51.7459557,-19.1366533],[-51.7455664,-19.1345134]]]}},
{"type":"Feature","properties":{"osm_id":"730266798","code":5141,"fclass":"service","name":null,"ref":null,"oneway":"B","maxspeed":0,"layer":0,"bridge":"F","tunnel":"F"},"geometry":{"type":"MultiLineString","coordinates":[[[-51.7424512,-19.1385661],[-51.7427421,-19.1389805]]]}},
{"type":"Feature","properties":{"osm_id":"730266799","code":5142,"fclass":"track","name":null,"ref":null,"oneway":"B","maxspeed":0,"layer":0,"bridge":"F","tunnel":"F"},"geometry":{"type":"MultiLineString","coordinates":[[[-51.740586,-19.1376045],[-51.7393941,-19.1362588],[-51.7393445,-19.1359846],[-51.7394153,-19.1357639]]]}},
{"type":"Feature","properties":{"osm_id":"730266800","code":5142,"fclass":"track","name":null,"ref":null,"oneway":"B","maxspeed":0,"layer":0,"bridge":"F","tunnel":"F"},"geometry":{"type":"MultiLineString","coordinates":[[[-51.7392404,-19.1436899],[-51.7401097,-19.1424512],[-51.7405965,-19.142131],[-51.7404609,-19.1414732]]]}},
{"type":"Feature","properties":{"osm_id":"730266801","code":5142,"fclass":"track","name":null,"ref":null,"oneway":"B","maxspeed":0,"layer":0,"bridge":"F","tunnel":"F"},"geometry":{"type":"MultiLineString","coordinates":[[[-51.7396896,-19.1448114],[-51.7416009,-19.1433069],[-51.7419891,-19.1429634],[-51.7421555,-19.1426142],[-51.7428703,-19.1423697],[-51.7433818,-19.1422067]]]}},
{"type":"Feature","properties":{"osm_id":"730266802","code":5141,"fclass":"service","name":null,"ref":null,"oneway":"B","maxspeed":0,"layer":0,"bridge":"F","tunnel":"F"},"geometry":{"type":"MultiLineString","coordinates":[[[-51.7459298,-19.1432686],[-51.7457104,-19.1430461],[-51.745644,-19.1429786],[-51.7455878,-19.1429227],[-51.7454399,-19.1428878],[-51.7452481,-19.1429764],[-51.7450271,-19.1431788],[-51.7433633,-19.1443897],[-51.7430675,-19.144704]]]}},
{"type":"Feature","properties":{"osm_id":"730266803","code":5121,"fclass":"unclassified","name":null,"ref":null,"oneway":"B","maxspeed":0,"layer":0,"bridge":"F","tunnel":"F"},"geometry":{"type":"MultiLineString","coordinates":[[[-51.7430675,-19.144704],[-51.7435563,-19.145452],[-51.7437387,-19.1461006],[-51.7441034,-19.1464351],[-51.7442979,-19.1466568],[-51.7445889,-19.1470534],[-51.7448866,-19.1475095],[-51.7452419,-19.1481001],[-51.7453748,-19.1483482],[-51.7455988,-19.1486978],[-51.7459019,-19.1490918],[-51.7462921,-19.1495872],[-51.7464651,-19.1498045],[-51.7467307,-19.1500686],[-51.746954,-19.1502219],[-51.7470907,-19.150303],[-51.7472235,-19.1503986],[-51.7473744,-19.1505678],[-51.7476644,-19.1509269],[-51.7477351,-19.1510327],[-51.747827,-19.1511866],[-51.7478954,-19.1513589],[-51.7479464,-19.1515338],[-51.7480087,-19.1517485],[-51.7481328,-19.1520096],[-51.7482461,-19.1522103],[-51.748519,-19.152667],[-51.7488992,-19.1531433],[-51.749144,-19.1534841],[-51.7493398,-19.1537793],[-51.7494206,-19.153849],[-51.7495396,-19.1539459],[-51.749667,-19.1540187],[-51.7498031,-19.1540555],[-51.7500257,-19.1540745],[-51.7501511,-19.1540947],[-51.7502557,-19.1541448],[-51.7503819,-19.154239],[-51.7504864,-19.1543424],[-51.7506531,-19.1545359],[-51.750937,-19.1549429],[-51.7512086,-19.1553458],[-51.7513457,-19.1555675],[-51.7514835,-19.155805],[-51.7516445,-19.1561122],[-51.7516874,-19.1562497],[-51.7517457,-19.1564986],[-51.7518507,-19.1570158],[-51.7524174,-19.1594331],[-51.7528084,-19.1611751],[-51.7529762,-19.1619225],[-51.7533459,-19.1625977],[-51.7537033,-19.1629702],[-51.7538758,-19.1633428],[-51.7545167,-19.1644137],[-51.7547938,-19.164753],[-51.7549542,-19.1649492],[-51.7552007,-19.1653509],[-51.7556875,-19.1659387],[-51.7563037,-19.1668642],[-51.7566426,-19.1672192],[-51.7575977,-19.1682204],[-51.7579798,-19.1685754],[-51.7593663,-19.1707232],[-51.7597175,-19.1713692],[-51.7600379,-19.1715962],[-51.7608205,-19.1720909],[-51.7610978,-19.1722539],[-51.7614367,-19.1726846],[-51.7618558,-19.1731095],[-51.7622625,-19.1734994],[-51.7627061,-19.1742444],[-51.7631005,-19.1750709],[-51.7634764,-19.1755365],[-51.7637722,-19.1758101],[-51.7644562,-19.1758566],[-51.7647704,-19.1756238],[-51.7652141,-19.1752222],[-51.7653743,-19.1751873],[-51.7656454,-19.1752979],[-51.7657933,-19.1752979],[-51.7660152,-19.1750418],[-51.7663171,-19.1749021],[-51.7668594,-19.1748556],[-51.7678946,-19.1749603],[-51.7690901,-19.1751291],[-51.7695522,-19.1753037],[-51.7704519,-19.1757926],[-51.7707723,-19.1759381],[-51.7709633,-19.176072],[-51.771142,-19.176072],[-51.7715179,-19.1760138],[-51.7719,-19.1762233],[-51.7724361,-19.1767297],[-51.772738,-19.177009],[-51.7731077,-19.1771895],[-51.7733974,-19.1774164],[-51.7742108,-19.1780858],[-51.7746175,-19.1782662],[-51.7753384,-19.1784],[-51.7756096,-19.1786852],[-51.7760471,-19.1790403],[-51.7765031,-19.1794244],[-51.7770577,-19.1795582],[-51.7771686,-19.1797387],[-51.7773411,-19.1802799],[-51.7778218,-19.1813275],[-51.7781853,-19.1822238],[-51.7786043,-19.1826312],[-51.7793808,-19.1833762],[-51.779923,-19.1835391],[-51.7801818,-19.1837428],[-51.7804227,-19.1840295]]]}},
{"type":"Feature","properties":{"osm_id":"730266804","code":5142,"fclass":"track","name":null,"ref":null,"oneway":"B","maxspeed":0,"layer":0,"bridge":"F","tunnel":"F"},"geometry":{"type":"MultiLineString","coordinates":[[[-51.7547938,-19.164753],[-51.7545798,-19.1650138],[-51.7542365,-19.1654293],[-51.7535713,-19.1661184],[-51.7530992,-19.1662299],[-51.75267,-19.1665846],[-51.7521658,-19.1672534],[-51.7513933,-19.1671014],[-51.7503741,-19.1668176],[-51.7499235,-19.1664832],[-51.749269,-19.1664021]]]}},
{"type":"Feature","properties":{"osm_id":"730266805","code":5142,"fclass":"track","name":null,"ref":null,"oneway":"B","maxspeed":0,"layer":0,"bridge":"F","tunnel":"F"},"geometry":{"type":"MultiLineString","coordinates":[[[-51.7547938,-19.164753],[-51.7550518,-19.1646895],[-51.755245,-19.1643044],[-51.7553737,-19.1638179]]]}},
{"type":"Feature","properties":{"osm_id":"730266806","code":5142,"fclass":"track","name":null,"ref":null,"oneway":"B","maxspeed":0,"layer":0,"bridge":"F","tunnel":"F"},"geometry":{"type":"MultiLineString","coordinates":[[[-51.7528084,-19.1611751],[-51.7524624,-19.1613869],[-51.7517328,-19.1618227]]]}},
{"type":"Feature","properties":{"osm_id":"730266807","code":5142,"fclass":"track","name":null,"ref":null,"oneway":"B","maxspeed":0,"layer":0,"bridge":"F","tunnel":"F"},"geometry":{"type":"MultiLineString","coordinates":[[[-51.7524174,-19.1594331],[-51.7520643,-19.1597794],[-51.7517635,-19.1597794]]]}},
{"type":"Feature","properties":{"osm_id":"730266808","code":5141,"fclass":"service","name":null,"ref":null,"oneway":"B","maxspeed":0,"layer":0,"bridge":"F","tunnel":"F"},"geometry":{"type":"MultiLineString","coordinates":[[[-51.7518507,-19.1570158],[-51.7517683,-19.1570389],[-51.751334,-19.1570874]]]}},
{"type":"Feature","properties":{"osm_id":"730266809","code":5121,"fclass":"unclassified","name":null,"ref":null,"oneway":"B","maxspeed":0,"layer":0,"bridge":"F","tunnel":"F"},"geometry":{"type":"MultiLineString","coordinates":[[[-51.7512086,-19.1553458],[-51.7515036,-19.1552121],[-51.7517055,-19.1551247],[-51.7517826,-19.1550968],[-51.7518644,-19.155048],[-51.7520783,-19.1548834],[-51.7522764,-19.1547085],[-51.752364,-19.1546249],[-51.7525128,-19.1544688],[-51.75272,-19.1542088],[-51.7530439,-19.1538262],[-51.753294,-19.1535094],[-51.7535415,-19.1531655],[-51.7536119,-19.153073],[-51.7536829,-19.1530116],[-51.7537513,-19.1529824],[-51.7538901,-19.1529603],[-51.7540118,-19.1529533],[-51.7541285,-19.1529419],[-51.7542325,-19.1529077],[-51.7543897,-19.1528209],[-51.7545927,-19.1526616],[-51.7548772,-19.1524168],[-51.7550924,-19.1522711],[-51.7552661,-19.1521767],[-51.7555377,-19.1520639],[-51.7557543,-19.1519905],[-51.7558777,-19.1519556],[-51.7560621,-19.1519151],[-51.7561405,-19.1518834],[-51.7562223,-19.1518296],[-51.7565301,-19.151599],[-51.7568647,-19.1513634],[-51.7572664,-19.1510846],[-51.7575413,-19.150887],[-51.7580134,-19.1505469],[-51.7583279,-19.1503556],[-51.75859,-19.1501959],[-51.7590299,-19.1499463],[-51.7594604,-19.149755],[-51.75968,-19.1496648],[-51.7601075,-19.1495593],[-51.7608203,-19.149406],[-51.7611147,-19.149356],[-51.7615137,-19.1493234],[-51.7616394,-19.1493401],[-51.7617285,-19.1493705],[-51.7617849,-19.1494063],[-51.761861,-19.1494681],[-51.761926,-19.1495504],[-51.7619629,-19.149667],[-51.7620716,-19.1502561],[-51.7622224,-19.1510606],[-51.7623471,-19.1519005],[-51.7623827,-19.152044],[-51.7624333,-19.1521377],[-51.7624739,-19.152189],[-51.7625205,-19.1522201],[-51.7625708,-19.1522467],[-51.7627066,-19.1522831],[-51.7629111,-19.1523091],[-51.7631491,-19.1523408],[-51.7634173,-19.152361],[-51.7640537,-19.1524301],[-51.7644004,-19.1524605],[-51.7646438,-19.1525055],[-51.7648294,-19.152538],[-51.7649234,-19.1525469],[-51.765028,-19.1525403],[-51.7651558,-19.1525238],[-51.765256,-19.1525184],[-51.7653569,-19.1525311],[-51.7654324,-19.1525593],[-51.7654746,-19.1525834],[-51.7655392,-19.1526704],[-51.7656912,-19.1528633],[-51.7659098,-19.1530793],[-51.7662115,-19.1533891],[-51.7663051,-19.1535086],[-51.7664932,-19.15388],[-51.7667051,-19.1541897],[-51.7669854,-19.1545609],[-51.7671543,-19.154725],[-51.7674715,-19.1549686],[-51.7677082,-19.1551304],[-51.7679805,-19.1552552],[-51.7681347,-19.1553052],[-51.7682232,-19.1553179],[-51.7682903,-19.1553154],[-51.7683989,-19.1552913],[-51.7685203,-19.1552862],[-51.7686202,-19.1553008],[-51.768714,-19.1553331],[-51.7689246,-19.1554281],[-51.7693021,-19.1555776],[-51.7694382,-19.1556625],[-51.769573,-19.1557644],[-51.7699331,-19.1561667],[-51.7700471,-19.1562617],[-51.7701383,-19.15632],[-51.7702925,-19.1563554],[-51.7705802,-19.1564131],[-51.7707505,-19.1564637],[-51.7708799,-19.1565144],[-51.7710429,-19.1565455],[-51.7712092,-19.1565518],[-51.771419,-19.1565619],[-51.7718174,-19.1565524],[-51.7725972,-19.1564967],[-51.7730391,-19.1564688],[-51.7732788,-19.1565046],[-51.7733509,-19.1565407],[-51.7733972,-19.1565765],[-51.7734555,-19.1566474],[-51.7736413,-19.1569211],[-51.7738149,-19.1571491],[-51.7740624,-19.1574443],[-51.7748605,-19.1583082],[-51.7752435,-19.1585023],[-51.7757758,-19.1585199],[-51.7782267,-19.1584692],[-51.778335,-19.158467],[-51.7789328,-19.1585729],[-51.7809969,-19.1593404],[-51.7814826,-19.1594728],[-51.7818468,-19.1593316],[-51.7828828,-19.1588302],[-51.7853451,-19.1583083],[-51.7862302,-19.1580549],[-51.7873295,-19.157842],[-51.7904116,-19.1582464],[-51.7938861,-19.1588022],[-51.7996302,-19.1593757],[-51.8007407,-19.1595088]]]}},
{"type":"Feature","properties":{"osm_id":"730266810","code":5141,"fclass":"service","name":null,"ref":null,"oneway":"B","maxspeed":0,"layer":0,"bridge":"F","tunnel":"F"},"geometry":{"type":"MultiLineString","coordinates":[[[-51.7873295,-19.157842],[-51.7874639,-19.1576138],[-51.787336,-19.1553761]]]}},
{"type":"Feature","properties":{"osm_id":"730266811","code":5141,"fclass":"service","name":null,"ref":null,"oneway":"B","maxspeed":0,"layer":0,"bridge":"F","tunnel":"F"},"geometry":{"type":"MultiLineString","coordinates":[[[-51.7782267,-19.1584692],[-51.7782547,-19.1581696],[-51.7781863,-19.1570706]]]}},
{"type":"Feature","properties":{"osm_id":"730266812","code":5141,"fclass":"service","name":null,"ref":null,"oneway":"B","maxspeed":0,"layer":0,"bridge":"F","tunnel":"F"},"geometry":{"type":"MultiLineString","coordinates":[[[-51.7771833,-19.1529427],[-51.7767595,-19.1525829],[-51.7765181,-19.1522991],[-51.7760633,-19.1519588],[-51.7757307,-19.1517865],[-51.7753518,-19.151376],[-51.7748925,-19.1510384],[-51.7744367,-19.1508346],[-51.7742382,-19.1508498],[-51.7738895,-19.1510981],[-51.7724825,-19.1519917],[-51.7715605,-19.1525175],[-51.7711215,-19.1525069],[-51.7683803,-19.1518836],[-51.7676078,-19.1518887],[-51.7673396,-19.1519444],[-51.767066,-19.1520812],[-51.7665456,-19.1522941],[-51.7661272,-19.1524106],[-51.7657839,-19.1524816],[-51.7654746,-19.1525834]]]}},
{"type":"Feature","properties":{"osm_id":"730266813","code":5121,"fclass":"unclassified","name":null,"ref":null,"oneway":"B","maxspeed":0,"layer":0,"bridge":"F","tunnel":"F"},"geometry":{"type":"MultiLineString","coordinates":[[[-51.7568647,-19.1513634],[-51.756937,-19.1514489],[-51.7570625,-19.1516155],[-51.7573898,-19.1520829],[-51.7578125,-19.1526638],[-51.7583312,-19.1533815],[-51.759728,-19.1553274],[-51.7605139,-19.1564498],[-51.7608739,-19.1569489],[-51.7611321,-19.1572771],[-51.7622712,-19.1588415],[-51.7626777,-19.1594637],[-51.7628322,-19.159863],[-51.7629379,-19.1602701],[-51.7631249,-19.1611841],[-51.7631359,-19.1612324],[-51.7635152,-19.1628968],[-51.7637591,-19.1632501],[-51.7663773,-19.1654006],[-51.7667757,-19.165777],[-51.7668473,-19.1658214],[-51.7681742,-19.1666448],[-51.7697028,-19.1677277],[-51.7709966,-19.168598],[-51.7713128,-19.1688106],[-51.7718738,-19.1690718],[-51.7723291,-19.1693636],[-51.7728495,-19.1695249],[-51.7739391,-19.1696324],[-51.7745164,-19.1695095],[-51.7748985,-19.1693252],[-51.7751668,-19.1693022],[-51.7752756,-19.1693513],[-51.7753538,-19.1693866],[-51.7753782,-19.169594],[-51.7753864,-19.1701777],[-51.7754433,-19.170531],[-51.7752969,-19.1710686],[-51.7753132,-19.1713604],[-51.7756059,-19.1714756],[-51.7761995,-19.171706],[-51.7765897,-19.1716062],[-51.7772727,-19.1712222],[-51.7775817,-19.1709764],[-51.7778419,-19.1705847],[-51.7783135,-19.1698398],[-51.7787526,-19.1694942],[-51.7795901,-19.1690871],[-51.78033,-19.1688413],[-51.7824115,-19.1682346]]]}},
{"type":"Feature","properties":{"osm_id":"730266814","code":5142,"fclass":"track","name":null,"ref":null,"oneway":"B","maxspeed":0,"layer":0,"bridge":"F","tunnel":"F"},"geometry":{"type":"MultiLineString","coordinates":[[[-51.7752756,-19.1693513],[-51.7755652,-19.1691486],[-51.7758092,-19.1687261]]]}},
{"type":"Feature","properties":{"osm_id":"730266815","code":5142,"fclass":"track","name":null,"ref":null,"oneway":"B","maxspeed":0,"layer":0,"bridge":"F","tunnel":"F"},"geometry":{"type":"MultiLineString","coordinates":[[[-51.7709966,-19.168598],[-51.7706975,-19.1693242]]]}},
{"type":"Feature","properties":{"osm_id":"730266816","code":5142,"fclass":"track","name":null,"ref":null,"oneway":"B","maxspeed":0,"layer":0,"bridge":"F","tunnel":"F"},"geometry":{"type":"MultiLineString","coordinates":[[[-51.7668473,-19.1658214],[-51.7669078,-19.1660298],[-51.7672036,-19.1663324],[-51.767333,-19.1664197]]]}},
{"type":"Feature","properties":{"osm_id":"730266817","code":5142,"fclass":"track","name":null,"ref":null,"oneway":"B","maxspeed":0,"layer":0,"bridge":"F","tunnel":"F"},"geometry":{"type":"MultiLineString","coordinates":[[[-51.7631359,-19.1612324],[-51.760949,-19.1635677],[-51.7606964,-19.163719],[-51.7606533,-19.1638529],[-51.7606717,-19.1640158],[-51.7606348,-19.1641323],[-51.7605547,-19.1642137]]]}},
{"type":"Feature","properties":{"osm_id":"730266818","code":5141,"fclass":"service","name":null,"ref":null,"oneway":"B","maxspeed":0,"layer":0,"bridge":"F","tunnel":"F"},"geometry":{"type":"MultiLineString","coordinates":[[[-51.7493398,-19.1537793],[-51.7493596,-19.1543729],[-51.7491756,-19.1547874],[-51.7490199,-19.1551752],[-51.7483757,-19.1560512],[-51.7481846,-19.156332],[-51.7479086,-19.1566061],[-51.7478024,-19.1568],[-51.7475759,-19.1572882],[-51.7473635,-19.1575356],[-51.7468468,-19.1579367],[-51.7462451,-19.158251],[-51.7456222,-19.1584048],[-51.745148,-19.1586187],[-51.7446029,-19.1587792],[-51.7428617,-19.1595348],[-51.7424299,-19.159829]]]}},
{"type":"Feature","properties":{"osm_id":"730266819","code":5142,"fclass":"track","name":null,"ref":null,"oneway":"B","maxspeed":0,"layer":0,"bridge":"F","tunnel":"F"},"geometry":{"type":"MultiLineString","coordinates":[[[-51.7406828,-19.1463631],[-51.7421798,-19.146734],[-51.742634,-19.1471426],[-51.7429011,-19.1472654],[-51.743136,-19.1487258],[-51.7431147,-19.1488595],[-51.7425485,-19.1496419],[-51.7424777,-19.149809],[-51.7425697,-19.150003]]]}},
{"type":"Feature","properties":{"osm_id":"730266820","code":5142,"fclass":"track","name":null,"ref":null,"oneway":"B","maxspeed":0,"layer":0,"bridge":"F","tunnel":"F"},"geometry":{"type":"MultiLineString","coordinates":[[[-51.7403941,-19.1465707],[-51.7378261,-19.1485414],[-51.7373404,-19.1487973],[-51.7360795,-19.1496884]]]}},
{"type":"Feature","properties":{"osm_id":"730266821","code":5142,"fclass":"track","name":null,"ref":null,"oneway":"B","maxspeed":0,"layer":0,"bridge":"F","tunnel":"F"},"geometry":{"type":"MultiLineString","coordinates":[[[-51.732283,-19.1586157],[-51.7319069,-19.1583928],[-51.7315817,-19.1582008]]]}},
{"type":"Feature","properties":{"osm_id":"730266822","code":5142,"fclass":"track","name":null,"ref":null,"oneway":"B","maxspeed":0,"layer":0,"bridge":"F","tunnel":"F"},"geometry":{"type":"MultiLineString","coordinates":[[[-51.7290574,-19.160892],[-51.7285001,-19.1609044],[-51.7248249,-19.1612039],[-51.7244628,-19.1611713],[-51.7241419,-19.1611425],[-51.7236297,-19.1607969],[-51.7228735,-19.1603821],[-51.7227027,-19.1600595],[-51.7220279,-19.157571],[-51.7219791,-19.1572177],[-51.7217839,-19.1564727],[-51.7217514,-19.1534849],[-51.7216701,-19.1506506],[-51.721914,-19.1493064],[-51.7223206,-19.1484846],[-51.7245566,-19.1456809],[-51.7287719,-19.1407491],[-51.7287612,-19.1405768],[-51.728493,-19.1403335],[-51.7284286,-19.1400801],[-51.7278171,-19.1395429],[-51.7275274,-19.1389753],[-51.7271733,-19.1386206],[-51.7271304,-19.1385091],[-51.7268622,-19.1383874],[-51.7268086,-19.1381645],[-51.7265403,-19.1379719],[-51.7264009,-19.1374144],[-51.7252207,-19.1358737],[-51.7251456,-19.133512],[-51.72521,-19.1318294],[-51.7248774,-19.1312618],[-51.7241585,-19.130309],[-51.7240298,-19.1298528],[-51.7241413,-19.1288686]]]}},
{"type":"Feature","properties":{"osm_id":"730266823","code":5142,"fclass":"track","name":null,"ref":null,"oneway":"B","maxspeed":0,"layer":0,"bridge":"F","tunnel":"F"},"geometry":{"type":"MultiLineString","coordinates":[[[-51.7244628,-19.1611713],[-51.7238677,-19.1612256],[-51.7231522,-19.1611565],[-51.7225505,-19.161026],[-51.7219488,-19.1609107],[-51.7216723,-19.1608032],[-51.7210137,-19.1604269],[-51.7191761,-19.1599891],[-51.718298,-19.1597663],[-51.7176313,-19.1597817]]]}},
{"type":"Feature","properties":{"osm_id":"730266824","code":5142,"fclass":"track","name":null,"ref":null,"oneway":"B","maxspeed":0,"layer":0,"bridge":"F","tunnel":"F"},"geometry":{"type":"MultiLineString","coordinates":[[[-51.7251618,-19.1697774],[-51.7265858,-19.1693788],[-51.7272302,-19.1692906],[-51.7288461,-19.16922]]]}},
{"type":"Feature","properties":{"osm_id":"730273365","code":5142,"fclass":"track","name":null,"ref":null,"oneway":"B","maxspeed":0,"layer":0,"bridge":"F","tunnel":"F"},"geometry":{"type":"MultiLineString","coordinates":[[[-51.7287411,-19.1798673],[-51.729048,-19.1798268],[-51.7338791,-19.1797919]]]}},
{"type":"Feature","properties":{"osm_id":"730273366","code":5142,"fclass":"track","name":null,"ref":null,"oneway":"B","maxspeed":0,"layer":0,"bridge":"F","tunnel":"F"},"geometry":{"type":"MultiLineString","coordinates":[[[-51.7311183,-19.1867018],[-51.7280251,-19.1872526]]]}},
{"type":"Feature","properties":{"osm_id":"730273367","code":5142,"fclass":"track","name":null,"ref":null,"oneway":"B","maxspeed":0,"layer":0,"bridge":"F","tunnel":"F"},"geometry":{"type":"MultiLineString","coordinates":[[[-51.7344181,-19.195568],[-51.7359632,-19.1950735],[-51.7368268,-19.1949933],[-51.7375771,-19.1947794],[-51.7386247,-19.1945521],[-51.7390777,-19.194258]]]}},
{"type":"Feature","properties":{"osm_id":"730273368","code":5142,"fclass":"track","name":null,"ref":null,"oneway":"B","maxspeed":0,"layer":0,"bridge":"F","tunnel":"F"},"geometry":{"type":"MultiLineString","coordinates":[[[-51.7412539,-19.2024097],[-51.7418456,-19.2023621],[-51.7423497,-19.2025003],[-51.7435531,-19.2023928],[-51.7441873,-19.2021317],[-51.744545,-19.2016249],[-51.7453093,-19.2009646],[-51.7455695,-19.200642]]]}},
{"type":"Feature","properties":{"osm_id":"730273369","code":5142,"fclass":"track","name":null,"ref":null,"oneway":"B","maxspeed":0,"layer":0,"bridge":"F","tunnel":"F"},"geometry":{"type":"MultiLineString","coordinates":[[[-51.7451831,-19.2057502],[-51.7441547,-19.2057559],[-51.7435693,-19.2058942],[-51.7415528,-19.2061859]]]}},
{"type":"Feature","properties":{"osm_id":"730273370","code":5142,"fclass":"track","name":null,"ref":null,"oneway":"B","maxspeed":0,"layer":0,"bridge":"F","tunnel":"F"},"geometry":{"type":"MultiLineString","coordinates":[[[-51.7686625,-19.2138742],[-51.7708523,-19.2110592],[-51.7710765,-19.2106711]]]}},
{"type":"Feature","properties":{"osm_id":"730273371","code":5121,"fclass":"unclassified","name":null,"ref":null,"oneway":"B","maxspeed":0,"layer":0,"bridge":"F","tunnel":"F"},"geometry":{"type":"MultiLineString","coordinates":[[[-51.7739408,-19.2157591],[-51.7728963,-19.2211588],[-51.7725938,-19.2227438],[-51.772067,-19.2255043],[-51.7717499,-19.2271933],[-51.7716198,-19.227938],[-51.7716604,-19.2285138],[-51.771918,-19.2294868],[-51.7719613,-19.2296501],[-51.7721401,-19.2301798],[-51.7723552,-19.2304078],[-51.7726036,-19.2306711],[-51.7735468,-19.2312162],[-51.7748315,-19.2318688],[-51.7753356,-19.2321298],[-51.7788075,-19.2343792],[-51.7806126,-19.2355001],[-51.7812468,-19.2355691],[-51.7849138,-19.2357841]]]}},
{"type":"Feature","properties":{"osm_id":"730273372","code":5142,"fclass":"track","name":null,"ref":null,"oneway":"B","maxspeed":0,"layer":0,"bridge":"F","tunnel":"F"},"geometry":{"type":"MultiLineString","coordinates":[[[-51.7723552,-19.2304078],[-51.7726199,-19.2312623],[-51.7726849,-19.2315463],[-51.7724654,-19.2318458]]]}},
{"type":"Feature","properties":{"osm_id":"730273373","code":5142,"fclass":"track","name":null,"ref":null,"oneway":"B","maxspeed":0,"layer":0,"bridge":"F","tunnel":"F"},"geometry":{"type":"MultiLineString","coordinates":[[[-51.771918,-19.2294868],[-51.7716355,-19.2298182],[-51.7714629,-19.2300859],[-51.7711918,-19.2303128],[-51.7709823,-19.2305397],[-51.7703353,-19.2312495],[-51.7699963,-19.2317964],[-51.7698423,-19.2323899],[-51.7695034,-19.2340073],[-51.7691152,-19.2353688]]]}},
{"type":"Feature","properties":{"osm_id":"730273374","code":5142,"fclass":"track","name":null,"ref":null,"oneway":"B","maxspeed":0,"layer":0,"bridge":"F","tunnel":"F"},"geometry":{"type":"MultiLineString","coordinates":[[[-51.7725938,-19.2227438],[-51.7728233,-19.2227431],[-51.7733464,-19.2223021],[-51.7757561,-19.2219846],[-51.7759616,-19.2220464],[-51.7760923,-19.2224344]]]}},
{"type":"Feature","properties":{"osm_id":"730273375","code":5142,"fclass":"track","name":null,"ref":null,"oneway":"B","maxspeed":0,"layer":0,"bridge":"F","tunnel":"F"},"geometry":{"type":"MultiLineString","coordinates":[[[-51.7892656,-19.2212546],[-51.7872814,-19.2253199],[-51.78738,-19.2285433]]]}},
{"type":"Feature","properties":{"osm_id":"730273376","code":5142,"fclass":"track","name":null,"ref":null,"oneway":"B","maxspeed":0,"layer":0,"bridge":"F","tunnel":"F"},"geometry":{"type":"MultiLineString","coordinates":[[[-51.8025543,-19.2211713],[-51.8010583,-19.2138292]]]}},
{"type":"Feature","properties":{"osm_id":"730273377","code":5121,"fclass":"unclassified","name":null,"ref":null,"oneway":"B","maxspeed":0,"layer":0,"bridge":"F","tunnel":"F"},"geometry":{"type":"MultiLineString","coordinates":[[[-51.8056665,-19.2214836],[-51.8070752,-19.2211999],[-51.8088802,-19.22034],[-51.8097909,-19.219434],[-51.8105877,-19.2180828],[-51.8117749,-19.2171],[-51.8119537,-19.2160097],[-51.8121489,-19.215073],[-51.8128156,-19.2142131],[-51.8145394,-19.2132764],[-51.8149947,-19.2127543],[-51.816068,-19.2104815],[-51.8169299,-19.2088845],[-51.8183121,-19.2072567],[-51.8192716,-19.2053524],[-51.822898,-19.1982728],[-51.8286222,-19.1970288],[-51.8285896,-19.1948327],[-51.8283782,-19.1930512],[-51.8280042,-19.1924675],[-51.8282319,-19.1918379],[-51.8286222,-19.1913464],[-51.8292401,-19.1840051],[-51.82931,-19.1839063],[-51.8293422,-19.1838607],[-51.8296626,-19.1838607],[-51.8330025,-19.1845126],[-51.8333352,-19.1842798],[-51.8351956,-19.1819656],[-51.8353564,-19.1817655],[-51.8369955,-19.1797635],[-51.8371804,-19.179228],[-51.8390413,-19.1735359],[-51.8404216,-19.1695315],[-51.8407421,-19.1691473],[-51.8451664,-19.1666562],[-51.8455238,-19.1662255],[-51.8465417,-19.1639692],[-51.8482968,-19.1600789],[-51.8487528,-19.1592989],[-51.8494676,-19.1587517],[-51.8498003,-19.1582046],[-51.8499236,-19.1570404],[-51.8500468,-19.1565049],[-51.8487898,-19.1551777],[-51.8484447,-19.1545025],[-51.8485433,-19.1538971],[-51.8503796,-19.1510332],[-51.8516859,-19.1501367],[-51.8517845,-19.1499039],[-51.8517106,-19.1494615],[-51.8519941,-19.1489609],[-51.8523515,-19.1485999],[-51.8525486,-19.1474473],[-51.8527372,-19.1462545],[-51.8529553,-19.1448744],[-51.8528937,-19.143582],[-51.8524254,-19.1423945],[-51.8519941,-19.1415213],[-51.8510574,-19.1387852],[-51.8498989,-19.1345936],[-51.8484601,-19.1294188],[-51.8484324,-19.1293191],[-51.8483338,-19.1283527],[-51.8480503,-19.1245219],[-51.8479147,-19.1215876],[-51.8482105,-19.1202485],[-51.8492088,-19.116499],[-51.8489253,-19.1162195],[-51.8447844,-19.1128658],[-51.8421593,-19.111876],[-51.8420115,-19.1115383],[-51.8425537,-19.11063],[-51.8440203,-19.1082311],[-51.8440203,-19.1045163],[-51.8438847,-19.1032702],[-51.8443038,-19.1016864],[-51.8441682,-19.1006849],[-51.8444147,-19.0996135],[-51.8443531,-19.0988914],[-51.8441066,-19.0973192],[-51.8444147,-19.0963293],[-51.8452404,-19.0939768],[-51.8466207,-19.092358],[-51.8473848,-19.0921251],[-51.852105,-19.0914729],[-51.8524131,-19.0912167],[-51.8555927,-19.0869773],[-51.8560241,-19.0867095],[-51.858341,-19.0857544],[-51.8588463,-19.085207],[-51.8598569,-19.0840191],[-51.8615453,-19.0830291],[-51.8637513,-19.0817828],[-51.8639116,-19.0814567],[-51.8642292,-19.0769239],[-51.8642665,-19.0763916],[-51.8644045,-19.0744218],[-51.8645647,-19.0709741],[-51.8628886,-19.0687959],[-51.8582521,-19.0630796],[-51.8564924,-19.0609101],[-51.8537934,-19.0575669],[-51.8528751,-19.0569373]]]}},
{"type":"Feature","properties":{"osm_id":"730273378","code":5142,"fclass":"track","name":null,"ref":null,"oneway":"B","maxspeed":0,"layer":0,"bridge":"F","tunnel":"F"},"geometry":{"type":"MultiLineString","coordinates":[[[-51.8582521,-19.0630796],[-51.8582351,-19.0633938],[-51.8579883,-19.0634445],[-51.8576557,-19.0633025],[-51.8569047,-19.063485],[-51.8549735,-19.0638906],[-51.8515081,-19.0659593],[-51.8512291,-19.0660809],[-51.851315,-19.0667096],[-51.8514115,-19.0678251],[-51.8527312,-19.0692852]]]}},
{"type":"Feature","properties":{"osm_id":"730273379","code":5142,"fclass":"track","name":null,"ref":null,"oneway":"B","maxspeed":0,"layer":0,"bridge":"F","tunnel":"F"},"geometry":{"type":"MultiLineString","coordinates":[[[-51.8582521,-19.0630796],[-51.8585999,-19.0630591],[-51.8618721,-19.0619437],[-51.8630094,-19.0616394],[-51.8638999,-19.0608688]]]}},
{"type":"Feature","properties":{"osm_id":"730273380","code":5142,"fclass":"track","name":null,"ref":null,"oneway":"B","maxspeed":0,"layer":0,"bridge":"F","tunnel":"F"},"geometry":{"type":"MultiLineString","coordinates":[[[-51.8645647,-19.0709741],[-51.8641531,-19.0711052],[-51.8637234,-19.0711052]]]}},
{"type":"Feature","properties":{"osm_id":"730273381","code":5142,"fclass":"track","name":null,"ref":null,"oneway":"B","maxspeed":0,"layer":0,"bridge":"F","tunnel":"F"},"geometry":{"type":"MultiLineString","coordinates":[[[-51.8645647,-19.0709741],[-51.8647508,-19.0711405],[-51.8658249,-19.0725441]]]}},
{"type":"Feature","properties":{"osm_id":"730273382","code":5121,"fclass":"unclassified","name":null,"ref":null,"oneway":"B","maxspeed":0,"layer":0,"bridge":"F","tunnel":"F"},"geometry":{"type":"MultiLineString","coordinates":[[[-51.8642665,-19.0763916],[-51.8681319,-19.078114],[-51.8737826,-19.0806738],[-51.8742805,-19.0809],[-51.8788916,-19.0829952],[-51.8815068,-19.0841692],[-51.883188,-19.0846282],[-51.8837297,-19.0847782],[-51.8842154,-19.0851136],[-51.8849439,-19.0858462],[-51.8851774,-19.0863405],[-51.8854856,-19.0875409],[-51.8858434,-19.088163],[-51.8859526,-19.088353],[-51.886429,-19.0885118],[-51.8877739,-19.0884147],[-51.888269,-19.0883883],[-51.8890722,-19.0888649],[-51.8892403,-19.0892886],[-51.8891189,-19.090586],[-51.8891189,-19.0939312],[-51.8891103,-19.0943664],[-51.8890255,-19.0986884],[-51.8890255,-19.0997916],[-51.8897073,-19.1027659],[-51.8908935,-19.1074081],[-51.8917341,-19.1104352],[-51.8918648,-19.1116002],[-51.8917528,-19.1127386],[-51.8913717,-19.1154596],[-51.8912671,-19.1162069],[-51.8911363,-19.1177865],[-51.8912484,-19.1181483],[-51.8923132,-19.1191544],[-51.8946996,-19.1212339],[-51.8950778,-19.1215635],[-51.8965815,-19.1228166],[-51.8971139,-19.1233549],[-51.8973007,-19.1242815],[-51.897693,-19.1256581],[-51.8978051,-19.1268318],[-51.8979825,-19.1274318],[-51.8984028,-19.1282348],[-51.8984122,-19.1286937],[-51.8982534,-19.1298408],[-51.8978331,-19.1313321],[-51.8975342,-19.1322322],[-51.8964788,-19.1334764],[-51.8961519,-19.1340058],[-51.8959931,-19.1348529],[-51.8951338,-19.1393531],[-51.8941998,-19.1442149],[-51.8935911,-19.1473674],[-51.8936144,-19.1474274],[-51.8934685,-19.1482375],[-51.8928141,-19.1516127],[-51.8927702,-19.1518569],[-51.8927229,-19.1522911],[-51.8926347,-19.1527325],[-51.8925793,-19.1531993],[-51.8925691,-19.1536717],[-51.8923985,-19.1544586],[-51.892238,-19.1550843],[-51.8920166,-19.1556988],[-51.8914632,-19.1587024],[-51.8905292,-19.1634136],[-51.8901246,-19.1655117],[-51.8900265,-19.1658779],[-51.8899004,-19.166072],[-51.8899051,-19.1665087],[-51.8896669,-19.1672938],[-51.8894101,-19.1675761],[-51.8890084,-19.1688289],[-51.888392,-19.169367],[-51.887869,-19.1698964],[-51.8871591,-19.1703198],[-51.886991,-19.1706374],[-51.886977,-19.1712903],[-51.8865894,-19.1720269],[-51.886566,-19.1728606],[-51.8863886,-19.1734384],[-51.8861691,-19.1739854],[-51.8857675,-19.1742235],[-51.885576,-19.174722],[-51.885137,-19.1749381],[-51.8848241,-19.1751939],[-51.884642,-19.1756836],[-51.8837594,-19.1762526],[-51.883255,-19.1767289],[-51.8828767,-19.1771656],[-51.8825078,-19.1774038],[-51.8820501,-19.1774964],[-51.8809527,-19.1787711],[-51.8807519,-19.1791681],[-51.8790537,-19.1824197],[-51.879566,-19.1826501],[-51.8801677,-19.1828651],[-51.8804848,-19.1828805]]]}},
{"type":"Feature","properties":{"osm_id":"730273383","code":5142,"fclass":"track","name":null,"ref":null,"oneway":"B","maxspeed":0,"layer":0,"bridge":"F","tunnel":"F"},"geometry":{"type":"MultiLineString","coordinates":[[[-51.8946996,-19.1212339],[-51.893413,-19.1229484]]]}},
{"type":"Feature","properties":{"osm_id":"730273384","code":5142,"fclass":"track","name":null,"ref":null,"oneway":"B","maxspeed":0,"layer":0,"bridge":"F","tunnel":"F"},"geometry":{"type":"MultiLineString","coordinates":[[[-51.8913717,-19.1154596],[-51.8905427,-19.1162258],[-51.8903313,-19.1166868]]]}},
{"type":"Feature","properties":{"osm_id":"730273385","code":5142,"fclass":"track","name":null,"ref":null,"oneway":"B","maxspeed":0,"layer":0,"bridge":"F","tunnel":"F"},"geometry":{"type":"MultiLineString","coordinates":[[[-51.8891103,-19.0943664],[-51.8911725,-19.0963034]]]}},
{"type":"Feature","properties":{"osm_id":"730273386","code":5142,"fclass":"track","name":null,"ref":null,"oneway":"B","maxspeed":0,"layer":0,"bridge":"F","tunnel":"F"},"geometry":{"type":"MultiLineString","coordinates":[[[-51.8719745,-19.1108664],[-51.8723854,-19.1103898],[-51.8726002,-19.1099397],[-51.8733194,-19.1088542],[-51.8740946,-19.1080511],[-51.8741227,-19.1076716],[-51.8736557,-19.1072921],[-51.8739265,-19.1067538],[-51.8749633,-19.1058712],[-51.8754116,-19.105174],[-51.8754022,-19.1039826],[-51.8748792,-19.1033118],[-51.8746644,-19.1029941],[-51.8744309,-19.1027646],[-51.8747765,-19.1001081],[-51.8759066,-19.098643],[-51.877373,-19.0967662],[-51.8775504,-19.0960866],[-51.8772516,-19.0950098],[-51.8774944,-19.0946303],[-51.8788207,-19.0940477],[-51.8800349,-19.0933436],[-51.8808568,-19.092611],[-51.8832011,-19.0900425],[-51.8835374,-19.0897424],[-51.8846955,-19.0895129],[-51.8850878,-19.0892746],[-51.8856015,-19.088798],[-51.8858434,-19.088163]]]}},
{"type":"Feature","properties":{"osm_id":"730273387","code":5142,"fclass":"track","name":null,"ref":null,"oneway":"B","maxspeed":0,"layer":0,"bridge":"F","tunnel":"F"},"geometry":{"type":"MultiLineString","coordinates":[[[-51.8742805,-19.0809],[-51.8745768,-19.0802078],[-51.8747449,-19.0798547],[-51.8750064,-19.0794575],[-51.8753707,-19.0791574]]]}},
{"type":"Feature","properties":{"osm_id":"730273388","code":5142,"fclass":"track","name":null,"ref":null,"oneway":"B","maxspeed":0,"layer":0,"bridge":"F","tunnel":"F"},"geometry":{"type":"MultiLineString","coordinates":[[[-51.8642292,-19.0769239],[-51.8563624,-19.0762316]]]}},
{"type":"Feature","properties":{"osm_id":"730273389","code":5142,"fclass":"track","name":null,"ref":null,"oneway":"B","maxspeed":0,"layer":0,"bridge":"F","tunnel":"F"},"geometry":{"type":"MultiLineString","coordinates":[[[-51.8440203,-19.1082311],[-51.8448075,-19.1087597],[-51.8452152,-19.1088104],[-51.8495496,-19.1077358],[-51.8498179,-19.1076446],[-51.8500753,-19.1073404],[-51.8520924,-19.1062253],[-51.8529292,-19.105982],[-51.8534442,-19.1059718],[-51.8536159,-19.1060124]]]}},
{"type":"Feature","properties":{"osm_id":"730273390","code":5142,"fclass":"track","name":null,"ref":null,"oneway":"B","maxspeed":0,"layer":0,"bridge":"F","tunnel":"F"},"geometry":{"type":"MultiLineString","coordinates":[[[-51.8484601,-19.1294188],[-51.843986,-19.1306657]]]}},
{"type":"Feature","properties":{"osm_id":"730273391","code":5142,"fclass":"track","name":null,"ref":null,"oneway":"B","maxspeed":0,"layer":0,"bridge":"F","tunnel":"F"},"geometry":{"type":"MultiLineString","coordinates":[[[-51.8527372,-19.1462545],[-51.8535419,-19.1460996],[-51.856175,-19.145538],[-51.8578031,-19.1455246],[-51.8586808,-19.1453373],[-51.8593037,-19.1449361],[-51.8606344,-19.1446954],[-51.8638055,-19.1442674],[-51.8655185,-19.1440401],[-51.8685056,-19.1434115]]]}},
{"type":"Feature","properties":{"osm_id":"730273392","code":5142,"fclass":"track","name":null,"ref":null,"oneway":"B","maxspeed":0,"layer":0,"bridge":"F","tunnel":"F"},"geometry":{"type":"MultiLineString","coordinates":[[[-51.8465417,-19.1639692],[-51.8474686,-19.1647532],[-51.8477517,-19.1650741]]]}},
{"type":"Feature","properties":{"osm_id":"730273393","code":5142,"fclass":"track","name":null,"ref":null,"oneway":"B","maxspeed":0,"layer":0,"bridge":"F","tunnel":"F"},"geometry":{"type":"MultiLineString","coordinates":[[[-51.8404216,-19.1695315],[-51.8396824,-19.1691927],[-51.8371483,-19.1683102],[-51.8360158,-19.1681898],[-51.8356052,-19.1677486]]]}},
{"type":"Feature","properties":{"osm_id":"730273394","code":5142,"fclass":"track","name":null,"ref":null,"oneway":"B","maxspeed":0,"layer":0,"bridge":"F","tunnel":"F"},"geometry":{"type":"MultiLineString","coordinates":[[[-51.8351956,-19.1819656],[-51.8355577,-19.1821175],[-51.8363957,-19.182199],[-51.8372214,-19.1821058],[-51.8384292,-19.1820244],[-51.8406106,-19.1820244],[-51.842718,-19.182036],[-51.8432973,-19.1822455],[-51.8437286,-19.1823503]]]}},
{"type":"Feature","properties":{"osm_id":"730273395","code":5142,"fclass":"track","name":null,"ref":null,"oneway":"B","maxspeed":0,"layer":0,"bridge":"F","tunnel":"F"},"geometry":{"type":"MultiLineString","coordinates":[[[-51.8426239,-19.1908568],[-51.8422784,-19.1910068],[-51.8418114,-19.1911038],[-51.8400087,-19.1916066],[-51.8384023,-19.1922505],[-51.8378512,-19.1925063],[-51.8373188,-19.1927798],[-51.8367771,-19.1931238],[-51.8359272,-19.1933884],[-51.8346663,-19.1936001],[-51.8335922,-19.1938118],[-51.8330785,-19.1940147],[-51.8317148,-19.1950908],[-51.8312572,-19.1953554],[-51.8309303,-19.1956377],[-51.8302391,-19.1960258],[-51.8297628,-19.1964315],[-51.8293238,-19.1968373],[-51.8287354,-19.1971284]]]}},
{"type":"Feature","properties":{"osm_id":"730273396","code":5121,"fclass":"unclassified","name":null,"ref":null,"oneway":"B","maxspeed":0,"layer":0,"bridge":"F","tunnel":"F"},"geometry":{"type":"MultiLineString","coordinates":[[[-51.8286222,-19.1970288],[-51.8287354,-19.1971284],[-51.8288941,-19.197393],[-51.8279601,-19.2005507],[-51.8280722,-19.2008947],[-51.8291936,-19.2022509],[-51.8303518,-19.2031594],[-51.8330884,-19.2036798],[-51.8344427,-19.2042707],[-51.8358717,-19.204994],[-51.8383375,-19.2082486],[-51.8388886,-19.2090689],[-51.8393788,-19.2093149],[-51.8402242,-19.2097392],[-51.840495,-19.2097039],[-51.8426899,-19.2087778],[-51.8431476,-19.2087337],[-51.8466898,-19.2105708],[-51.8485555,-19.2115384],[-51.8489104,-19.211609],[-51.8512827,-19.210974],[-51.8528145,-19.2111239],[-51.8539633,-19.2117678],[-51.854038,-19.2119883],[-51.8541875,-19.214352],[-51.8563543,-19.2162041],[-51.8573631,-19.2162041],[-51.8584932,-19.21616],[-51.8637329,-19.2150487],[-51.8642373,-19.2152427],[-51.868865,-19.2185096],[-51.8700468,-19.2193438],[-51.8708407,-19.2199524],[-51.8710929,-19.2204463],[-51.8714478,-19.2217603],[-51.8718961,-19.2220602],[-51.8730672465284,-19.222362299164558]],[[-51.918088362507909,-19.215690203094173],[-51.9189938,-19.2152249],[-51.9192402,-19.2151783],[-51.919548350698776,-19.215473832458954]],[[-51.924196935602261,-19.214784910949358],[-51.9255133,-19.2143986],[-51.9267087,-19.2110237],[-51.9272874,-19.2092413],[-51.9275098,-19.2085564],[-51.9279535,-19.2046809],[-51.9282123,-19.201876],[-51.9283971,-19.2000255],[-51.9288285,-19.1995134],[-51.9323285,-19.1959984],[-51.9327106,-19.193112],[-51.9329201,-19.1928675],[-51.9342141,-19.1924718],[-51.9345962,-19.1922739],[-51.9350301,-19.1919302],[-51.9361244,-19.1910634],[-51.9383797,-19.1898646],[-51.9409678,-19.1895387],[-51.9423235,-19.1898064],[-51.9434819,-19.1891779],[-51.9444186,-19.1889916],[-51.945195,-19.1885261],[-51.9454415,-19.187979],[-51.9465876,-19.1866405],[-51.9475613,-19.1859304],[-51.9520966,-19.1853601],[-51.9536307,-19.1851811],[-51.9563854,-19.1848596],[-51.9565265,-19.1849182],[-51.9570016,-19.1851157],[-51.9572971,-19.1850994],[-51.9596143,-19.1842543],[-51.966294,-19.1789465],[-51.9693135,-19.1765602],[-51.9718153,-19.174011],[-51.9720201,-19.1739471],[-51.9722441,-19.173944],[-51.9742852,-19.1740263],[-51.9756042,-19.1739845],[-51.9758121,-19.1738958],[-51.9759932,-19.1737316],[-51.978188,-19.1712756]]]}},
{"type":"Feature","properties":{"osm_id":"730273397","code":5121,"fclass":"unclassified","name":null,"ref":null,"oneway":"B","maxspeed":0,"layer":0,"bridge":"F","tunnel":"F"},"geometry":{"type":"MultiLineString","coordinates":[[[-51.964675947871015,-19.199870316521128],[-51.9645547,-19.1994288],[-51.9644335,-19.1989634],[-51.9643679,-19.1984232],[-51.9634116,-19.1937224],[-51.9633779,-19.1935719],[-51.9632533,-19.1934109],[-51.9572552,-19.1858585],[-51.9570507,-19.1856327],[-51.9569166,-19.1855225],[-51.9568858,-19.1854465],[-51.9568858,-19.185325],[-51.9567168,-19.1851071],[-51.9565265,-19.1849182]]]}},
{"type":"Feature","properties":{"osm_id":"730273401","code":5142,"fclass":"track","name":null,"ref":null,"oneway":"B","maxspeed":0,"layer":0,"bridge":"F","tunnel":"F"},"geometry":{"type":"MultiLineString","coordinates":[[[-51.9536307,-19.1851811],[-51.9483035,-19.1829056]]]}},
{"type":"Feature","properties":{"osm_id":"730273402","code":5142,"fclass":"track","name":null,"ref":null,"oneway":"B","maxspeed":0,"layer":0,"bridge":"F","tunnel":"F"},"geometry":{"type":"MultiLineString","coordinates":[[[-51.9350301,-19.1919302],[-51.9333381,-19.1891677],[-51.93303,-19.1883412],[-51.9333997,-19.1874799]]]}},
{"type":"Feature","properties":{"osm_id":"730273403","code":5142,"fclass":"track","name":null,"ref":null,"oneway":"B","maxspeed":0,"layer":0,"bridge":"F","tunnel":"F"},"geometry":{"type":"MultiLineString","coordinates":[[[-51.9272874,-19.2092413],[-51.9240957,-19.2080949],[-51.923671,-19.2072526],[-51.9235294,-19.2065174]]]}},
{"type":"Feature","properties":{"osm_id":"730273404","code":5121,"fclass":"unclassified","name":null,"ref":null,"oneway":"B","maxspeed":0,"layer":0,"bridge":"F","tunnel":"F"},"geometry":{"type":"MultiLineString","coordinates":[[[-51.925836239053837,-19.214541965745173],[-51.9255133,-19.2143986]]]}},
{"type":"Feature","properties":{"osm_id":"730277039","code":5142,"fclass":"track","name":null,"ref":null,"oneway":"B","maxspeed":0,"layer":0,"bridge":"F","tunnel":"F"},"geometry":{"type":"MultiLineString","coordinates":[[[-51.868865,-19.2185096],[-51.8781387,-19.2071627]]]}},
{"type":"Feature","properties":{"osm_id":"730277040","code":5142,"fclass":"track","name":null,"ref":null,"oneway":"B","maxspeed":0,"layer":0,"bridge":"F","tunnel":"F"},"geometry":{"type":"MultiLineString","coordinates":[[[-51.8466898,-19.2105708],[-51.846308,-19.2149066]]]}},
{"type":"Feature","properties":{"osm_id":"730277041","code":5142,"fclass":"track","name":null,"ref":null,"oneway":"B","maxspeed":0,"layer":0,"bridge":"F","tunnel":"F"},"geometry":{"type":"MultiLineString","coordinates":[[[-51.8393788,-19.2093149],[-51.8369493,-19.2158944],[-51.8367625,-19.2170938]]]}},
{"type":"Feature","properties":{"osm_id":"732757594","code":5141,"fclass":"service","name":null,"ref":null,"oneway":"B","maxspeed":0,"layer":0,"bridge":"F","tunnel":"F"},"geometry":{"type":"MultiLineString","coordinates":[[[-51.7510099,-19.1031366],[-51.7492846,-19.1003631],[-51.7486677,-19.099111]]]}},
{"type":"Feature","properties":{"osm_id":"732757595","code":5141,"fclass":"service","name":null,"ref":null,"oneway":"B","maxspeed":0,"layer":0,"bridge":"F","tunnel":"F"},"geometry":{"type":"MultiLineString","coordinates":[[[-51.752459,-19.0990375],[-51.752573,-19.0992377],[-51.7530612,-19.0995824],[-51.7546598,-19.1007077],[-51.7548851,-19.1008902],[-51.7550348,-19.1010694]]]}},
{"type":"Feature","properties":{"osm_id":"732757596","code":5141,"fclass":"service","name":null,"ref":null,"oneway":"B","maxspeed":0,"layer":0,"bridge":"F","tunnel":"F"},"geometry":{"type":"MultiLineString","coordinates":[[[-51.7528034,-19.1022325],[-51.7525945,-19.1018939],[-51.7516396,-19.1005303]]]}},
{"type":"Feature","properties":{"osm_id":"732757597","code":5141,"fclass":"service","name":null,"ref":null,"oneway":"B","maxspeed":0,"layer":0,"bridge":"F","tunnel":"F"},"geometry":{"type":"MultiLineString","coordinates":[[[-51.7544097,-19.1014058],[-51.75481,-19.1021828]]]}},
{"type":"Feature","properties":{"osm_id":"732757598","code":5141,"fclass":"service","name":null,"ref":null,"oneway":"B","maxspeed":0,"layer":0,"bridge":"F","tunnel":"F"},"geometry":{"type":"MultiLineString","coordinates":[[[-51.7593215,-19.0988778],[-51.7597052,-19.0995332]]]}},
{"type":"Feature","properties":{"osm_id":"732757599","code":5121,"fclass":"unclassified","name":null,"ref":null,"oneway":"B","maxspeed":0,"layer":0,"bridge":"F","tunnel":"F"},"geometry":{"type":"MultiLineString","coordinates":[[[-51.7457118,-19.089036],[-51.7483404,-19.0871198],[-51.7485121,-19.0870437],[-51.7486408,-19.0870741],[-51.7488286,-19.0872566],[-51.7505076,-19.0887365],[-51.7510681,-19.0892306],[-51.7526317,-19.0906277],[-51.7537252,-19.0916062],[-51.754488,-19.0922449],[-51.7546783,-19.0924329],[-51.7551586,-19.0928533],[-51.7575158,-19.094956],[-51.7588118,-19.0960824],[-51.7608824,-19.0979225],[-51.7609508,-19.0980393]]]}},
{"type":"Feature","properties":{"osm_id":"732757600","code":5141,"fclass":"service","name":null,"ref":null,"oneway":"B","maxspeed":0,"layer":0,"bridge":"F","tunnel":"F"},"geometry":{"type":"MultiLineString","coordinates":[[[-51.7575158,-19.094956],[-51.7574628,-19.0948064],[-51.7574032,-19.0946442],[-51.7574065,-19.0944807],[-51.7575165,-19.0940676],[-51.757659,-19.0935388],[-51.7576583,-19.0934992],[-51.7576516,-19.0934783],[-51.7575567,-19.0933275],[-51.7574928,-19.0931966],[-51.757533,-19.0930344],[-51.7576564,-19.0926745]]]}},
{"type":"Feature","properties":{"osm_id":"732757601","code":5141,"fclass":"service","name":null,"ref":null,"oneway":"B","maxspeed":0,"layer":0,"bridge":"F","tunnel":"F"},"geometry":{"type":"MultiLineString","coordinates":[[[-51.7546783,-19.0924329],[-51.7541571,-19.0928692]]]}},
{"type":"Feature","properties":{"osm_id":"732757602","code":5141,"fclass":"service","name":null,"ref":null,"oneway":"B","maxspeed":0,"layer":0,"bridge":"F","tunnel":"F"},"geometry":{"type":"MultiLineString","coordinates":[[[-51.7537252,-19.0916062],[-51.7531064,-19.0921501]]]}},
{"type":"Feature","properties":{"osm_id":"732757603","code":5141,"fclass":"service","name":null,"ref":null,"oneway":"B","maxspeed":0,"layer":0,"bridge":"F","tunnel":"F"},"geometry":{"type":"MultiLineString","coordinates":[[[-51.7526317,-19.0906277],[-51.7515485,-19.090706]]]}},
{"type":"Feature","properties":{"osm_id":"732757604","code":5141,"fclass":"service","name":null,"ref":null,"oneway":"B","maxspeed":0,"layer":0,"bridge":"F","tunnel":"F"},"geometry":{"type":"MultiLineString","coordinates":[[[-51.7510681,-19.0892306],[-51.7505492,-19.089448],[-51.7496666,-19.0898178],[-51.7493223,-19.0899931],[-51.7493864,-19.0902414]]]}},
{"type":"Feature","properties":{"osm_id":"732757605","code":5141,"fclass":"service","name":null,"ref":null,"oneway":"B","maxspeed":0,"layer":0,"bridge":"F","tunnel":"F"},"geometry":{"type":"MultiLineString","coordinates":[[[-51.7505492,-19.089448],[-51.7503344,-19.0892087]]]}},
{"type":"Feature","properties":{"osm_id":"732757606","code":5141,"fclass":"service","name":null,"ref":null,"oneway":"B","maxspeed":0,"layer":0,"bridge":"F","tunnel":"F"},"geometry":{"type":"MultiLineString","coordinates":[[[-51.7505076,-19.0887365],[-51.7508948,-19.0880084],[-51.7511209,-19.0876953],[-51.7513759,-19.0874795],[-51.7515947,-19.0873024],[-51.7517732,-19.0872258],[-51.7519635,-19.0871003]]]}},
{"type":"Feature","properties":{"osm_id":"732757607","code":5141,"fclass":"service","name":null,"ref":null,"oneway":"B","maxspeed":0,"layer":0,"bridge":"F","tunnel":"F"},"geometry":{"type":"MultiLineString","coordinates":[[[-51.7679808,-19.0944504],[-51.7684101,-19.0950031],[-51.7685634,-19.0952597],[-51.7688587,-19.0956016],[-51.7690866,-19.0959141],[-51.7694505,-19.0964618]]]}},
{"type":"Feature","properties":{"osm_id":"732757608","code":5121,"fclass":"unclassified","name":null,"ref":null,"oneway":"B","maxspeed":0,"layer":0,"bridge":"F","tunnel":"F"},"geometry":{"type":"MultiLineString","coordinates":[[[-51.7778371,-19.089381],[-51.7779462,-19.0896154],[-51.7779583,-19.0896965],[-51.7774241,-19.0942507],[-51.7769501,-19.0980644],[-51.7766369,-19.1008523],[-51.776468,-19.1017097],[-51.7760821,-19.1032155],[-51.7758601,-19.1042559],[-51.7756308,-19.1053045],[-51.7751648,-19.1074423],[-51.7749529,-19.1083953],[-51.7745411,-19.1102574],[-51.7745244,-19.1103563],[-51.7745277,-19.1104298],[-51.7745492,-19.1105007],[-51.7746229,-19.1106018],[-51.7749032,-19.1109335],[-51.775088,-19.1111176],[-51.7753163,-19.1113339],[-51.7757783,-19.1117743],[-51.7763168,-19.1122945],[-51.7771322,-19.113056],[-51.7778222,-19.1137409],[-51.7783351,-19.1142332],[-51.7788126,-19.1147211],[-51.7797372,-19.1156315],[-51.7802563,-19.1161549],[-51.7805406,-19.1164115],[-51.7817657,-19.1176875],[-51.7820165,-19.1179384],[-51.7821526,-19.1180898],[-51.7824315,-19.1183778],[-51.7825945,-19.1185504],[-51.7834293,-19.1194285],[-51.7844814,-19.1205227],[-51.7851647,-19.1212418],[-51.7856183,-19.1217021],[-51.7861796,-19.1222802],[-51.7870805,-19.1232172],[-51.7881755,-19.1243101],[-51.7883766,-19.1245084],[-51.7884591,-19.1245546],[-51.7886717,-19.1246176],[-51.7889191,-19.1246743],[-51.7900443,-19.1248733],[-51.7916087,-19.1251191],[-51.7929129,-19.1253484],[-51.7933407,-19.1254124],[-51.7942621,-19.1255702],[-51.7951465,-19.1257146],[-51.7956032,-19.1257932],[-51.7966573,-19.1259734],[-51.7978066,-19.1261758],[-51.7992966,-19.126428],[-51.8000831,-19.1265484],[-51.8010829,-19.1267397],[-51.8023121,-19.1269583],[-51.8041256,-19.1272266],[-51.8043187,-19.1273279],[-51.8064568,-19.1289212],[-51.8096509,-19.1313014],[-51.8146184,-19.1348491],[-51.8152514,-19.1351734],[-51.8198433,-19.1374844],[-51.8200686,-19.1375959],[-51.8247035,-19.1385994],[-51.8270531,-19.1391467]]]}},
{"type":"Feature","properties":{"osm_id":"732757609","code":5142,"fclass":"track","name":null,"ref":null,"oneway":"B","maxspeed":0,"layer":0,"bridge":"F","tunnel":"F"},"geometry":{"type":"MultiLineString","coordinates":[[[-51.8064568,-19.1289212],[-51.806572,-19.1292716],[-51.8065012,-19.1295391],[-51.8063455,-19.1299069],[-51.8062959,-19.130355],[-51.8061402,-19.1320201],[-51.8060553,-19.1330166],[-51.8059986,-19.1336184],[-51.8059491,-19.1340598],[-51.8058217,-19.134568],[-51.8048803,-19.1373098],[-51.8047458,-19.137905],[-51.8042007,-19.1387476]]]}},
{"type":"Feature","properties":{"osm_id":"732757610","code":5142,"fclass":"track","name":null,"ref":null,"oneway":"B","maxspeed":0,"layer":0,"bridge":"F","tunnel":"F"},"geometry":{"type":"MultiLineString","coordinates":[[[-51.8023121,-19.1269583],[-51.8023437,-19.1264871],[-51.802282,-19.1263603]]]}},
{"type":"Feature","properties":{"osm_id":"732757611","code":5141,"fclass":"service","name":null,"ref":null,"oneway":"B","maxspeed":0,"layer":0,"bridge":"F","tunnel":"F"},"geometry":{"type":"MultiLineString","coordinates":[[[-51.7977873,-19.1157146],[-51.7976397,-19.1171073],[-51.7975217,-19.1184352],[-51.7974251,-19.1189319],[-51.7969275,-19.1201856],[-51.7962342,-19.1211317],[-51.7953216,-19.1221173],[-51.7950326,-19.1226623],[-51.7946034,-19.1238382],[-51.7944425,-19.1242132],[-51.7941635,-19.1244363],[-51.7929129,-19.1253484]]]}},
{"type":"Feature","properties":{"osm_id":"732757612","code":5121,"fclass":"unclassified","name":null,"ref":null,"oneway":"B","maxspeed":0,"layer":0,"bridge":"F","tunnel":"F"},"geometry":{"type":"MultiLineString","coordinates":[[[-51.7821526,-19.1180898],[-51.7819973,-19.1181658],[-51.7818099,-19.1182324],[-51.78079,-19.1185352],[-51.7788226,-19.1191263],[-51.7780706,-19.1193563],[-51.7771912,-19.1196173],[-51.7765307,-19.1198156],[-51.7758152,-19.1200367],[-51.7752506,-19.120204],[-51.7751215,-19.1202363],[-51.7750548,-19.1202417],[-51.7749185,-19.1202387],[-51.7748736,-19.1202446],[-51.7748421,-19.1202609],[-51.774825,-19.1202791],[-51.7748164,-19.1203],[-51.7748204,-19.1203314],[-51.7748352,-19.120373],[-51.7748724,-19.1204574],[-51.774918,-19.1205297],[-51.7750176,-19.1206351],[-51.7751983,-19.1208281],[-51.7753036,-19.120956],[-51.7753706,-19.121079],[-51.7754739,-19.1213888],[-51.775547,-19.1215883],[-51.7756583,-19.1217841],[-51.7757146,-19.1218937],[-51.7757354,-19.1219672],[-51.7757401,-19.1220622],[-51.7757381,-19.122602],[-51.775726,-19.1227769],[-51.7757273,-19.1229201],[-51.7757354,-19.1230892],[-51.7757957,-19.1234269],[-51.775843,-19.1236455],[-51.7758749,-19.1237544],[-51.775903,-19.1238438],[-51.7759104,-19.1239356],[-51.7758987,-19.1240085],[-51.775838,-19.1242049],[-51.7757689,-19.124355],[-51.7757166,-19.1244634],[-51.7756305,-19.1246392],[-51.7755476,-19.1248397],[-51.7753756,-19.1251882],[-51.7752412,-19.1254878],[-51.7751768,-19.1256829],[-51.7751487,-19.1257786],[-51.7751131,-19.1258293],[-51.7750595,-19.1258781],[-51.7749649,-19.1259218],[-51.7748134,-19.1259801],[-51.7746357,-19.1260409],[-51.7744875,-19.1260517],[-51.7743145,-19.1260498],[-51.7740141,-19.1260289],[-51.7737224,-19.1259978],[-51.7735105,-19.1259364],[-51.7728051,-19.1257108],[-51.7719206,-19.1254549],[-51.7713654,-19.1252775],[-51.7711307,-19.1251948],[-51.7709993,-19.1251574],[-51.7705882,-19.1250697],[-51.7704119,-19.1250215],[-51.7702442,-19.1249632],[-51.7701282,-19.1249373],[-51.7700441,-19.1249417],[-51.76998,-19.124964],[-51.7699458,-19.1249892],[-51.7699187,-19.1250307],[-51.76985,-19.1252458],[-51.7696059,-19.1261245],[-51.7693524,-19.1270264],[-51.7691539,-19.1277654],[-51.7689551,-19.1284654],[-51.7687234,-19.1292703],[-51.7686503,-19.1295475],[-51.7685685,-19.1298411],[-51.7684666,-19.1301823],[-51.7683989,-19.1304636],[-51.7682815,-19.1308899],[-51.7682235,-19.1311047],[-51.7681927,-19.131188],[-51.7681535,-19.1312675],[-51.7681169,-19.1313128],[-51.7680666,-19.1313486],[-51.767956,-19.1313933],[-51.7677679,-19.1314753],[-51.7675848,-19.1315786],[-51.767389,-19.1316476],[-51.7671879,-19.131716],[-51.7668318,-19.1318073],[-51.7662203,-19.1319916],[-51.7660546,-19.1320546],[-51.766011,-19.1320835],[-51.7659785,-19.1321259],[-51.7658669,-19.1323432],[-51.7654759,-19.1332175],[-51.765319,-19.1335748],[-51.7651749,-19.1339092],[-51.7649509,-19.1344066],[-51.7647517,-19.134831],[-51.7645556,-19.1352757],[-51.7644131,-19.1356514],[-51.7643494,-19.1357946],[-51.7641764,-19.1361012],[-51.7640289,-19.1364236],[-51.7638569,-19.1368325],[-51.7636313,-19.1373251],[-51.7634583,-19.1376887],[-51.7633282,-19.1379953],[-51.7632625,-19.138174],[-51.7632162,-19.1382956],[-51.763178,-19.1383558],[-51.7631424,-19.1383868],[-51.7630633,-19.1384065],[-51.762962,-19.1383925],[-51.7622613,-19.1381917],[-51.7618429,-19.1380789],[-51.7609209,-19.1378319],[-51.7604186,-19.1376982],[-51.7602396,-19.1376507],[-51.7601028,-19.1375962],[-51.7600378,-19.1375519],[-51.7599895,-19.1374911],[-51.7599442,-19.1374046],[-51.7599043,-19.137301],[-51.7598601,-19.1370996],[-51.7598259,-19.1366586]]]}},
{"type":"Feature","properties":{"osm_id":"732757613","code":5141,"fclass":"service","name":null,"ref":null,"oneway":"B","maxspeed":0,"layer":0,"bridge":"F","tunnel":"F"},"geometry":{"type":"MultiLineString","coordinates":[[[-51.7757166,-19.1244634],[-51.7751084,-19.1247884],[-51.7748027,-19.1249113],[-51.7745123,-19.1248752],[-51.7742683,-19.1247576],[-51.7732146,-19.1244548]]]}},
{"type":"Feature","properties":{"osm_id":"732757614","code":5141,"fclass":"service","name":null,"ref":null,"oneway":"B","maxspeed":0,"layer":0,"bridge":"F","tunnel":"F"},"geometry":{"type":"MultiLineString","coordinates":[[[-51.7748164,-19.1203],[-51.7746504,-19.1203567],[-51.7745022,-19.1203985],[-51.7743424,-19.1203068],[-51.7740259,-19.1200078],[-51.7737663,-19.1198038],[-51.7735427,-19.1196403]]]}},
{"type":"Feature","properties":{"osm_id":"732757615","code":5141,"fclass":"service","name":null,"ref":null,"oneway":"B","maxspeed":0,"layer":0,"bridge":"F","tunnel":"F"},"geometry":{"type":"MultiLineString","coordinates":[[[-51.7781977,-19.0891959],[-51.7781474,-19.089035],[-51.7781366,-19.0889247],[-51.7785392,-19.0856707],[-51.7788167,-19.0838722],[-51.7788561,-19.0838172],[-51.7789321,-19.0837867],[-51.7795019,-19.083852],[-51.7799017,-19.0839597]]]}},
{"type":"Feature","properties":{"osm_id":"732757616","code":5141,"fclass":"service","name":null,"ref":null,"oneway":"B","maxspeed":0,"layer":0,"bridge":"F","tunnel":"F"},"geometry":{"type":"MultiLineString","coordinates":[[[-51.7766625,-19.0899799],[-51.7759642,-19.0881548],[-51.7761359,-19.0879723],[-51.7760715,-19.086857]]]}},
{"type":"Feature","properties":{"osm_id":"732757617","code":5141,"fclass":"service","name":null,"ref":null,"oneway":"B","maxspeed":0,"layer":0,"bridge":"F","tunnel":"F"},"geometry":{"type":"MultiLineString","coordinates":[[[-51.7679808,-19.0944504],[-51.7679523,-19.0943008],[-51.7680612,-19.0940745],[-51.7680676,-19.093785],[-51.7681363,-19.0935511],[-51.7707742,-19.0881446],[-51.7707914,-19.087921],[-51.7706427,-19.0871409]]]}},
{"type":"Feature","properties":{"osm_id":"732757618","code":5141,"fclass":"service","name":null,"ref":null,"oneway":"B","maxspeed":0,"layer":0,"bridge":"F","tunnel":"F"},"geometry":{"type":"MultiLineString","coordinates":[[[-51.7848477,-19.1022168],[-51.7848799,-19.1011321],[-51.7850408,-19.0988915],[-51.785215,-19.097649],[-51.785191,-19.0974519],[-51.7844801,-19.0965008],[-51.78444,-19.0962809],[-51.7841825,-19.0949071],[-51.7838673,-19.0928868],[-51.7828983,-19.0879454],[-51.7826488,-19.0868865]]]}},
{"type":"Feature","properties":{"osm_id":"732757619","code":5142,"fclass":"track","name":null,"ref":null,"oneway":"B","maxspeed":0,"layer":0,"bridge":"F","tunnel":"F"},"geometry":{"type":"MultiLineString","coordinates":[[[-51.8314546,-19.1216403],[-51.8315112,-19.1213795],[-51.8309874,-19.1205569],[-51.8300318,-19.1198948],[-51.8297629,-19.1193998],[-51.829508,-19.1192995],[-51.8293523,-19.1193129],[-51.829055,-19.11944],[-51.8288639,-19.1194868],[-51.8287153,-19.1193998],[-51.8284604,-19.119246],[-51.8283047,-19.1192928],[-51.8281419,-19.1195135],[-51.8278942,-19.1199081],[-51.827604,-19.1200352],[-51.8266413,-19.1203897],[-51.8263935,-19.1205903],[-51.8257282,-19.120811],[-51.8253459,-19.120918]]]}},
{"type":"Feature","properties":{"osm_id":"732757620","code":5142,"fclass":"track","name":null,"ref":null,"oneway":"B","maxspeed":0,"layer":0,"bridge":"F","tunnel":"F"},"geometry":{"type":"MultiLineString","coordinates":[[[-51.8253459,-19.120918],[-51.8255441,-19.1214731],[-51.8256999,-19.1216604]]]}},
{"type":"Feature","properties":{"osm_id":"732757621","code":5121,"fclass":"unclassified","name":null,"ref":null,"oneway":"B","maxspeed":0,"layer":0,"bridge":"F","tunnel":"F"},"geometry":{"type":"MultiLineString","coordinates":[[[-51.8253459,-19.120918],[-51.8247443,-19.1202158],[-51.8246027,-19.1198814],[-51.8242842,-19.1195069],[-51.8234914,-19.1183097],[-51.8225287,-19.1169587],[-51.8220049,-19.1162164],[-51.821014,-19.1155409],[-51.8203628,-19.1150928],[-51.818756,-19.113521],[-51.8183746,-19.1132243],[-51.8182746,-19.1131465],[-51.8176517,-19.1126984],[-51.8155661,-19.111055],[-51.8149684,-19.1105431],[-51.8143426,-19.1100224],[-51.8133806,-19.1098283],[-51.8127174,-19.1097665],[-51.8114845,-19.1094488],[-51.8097099,-19.1091046],[-51.8094111,-19.1087781],[-51.809327,-19.1081426],[-51.8091776,-19.105548],[-51.8091215,-19.1040741],[-51.8086825,-19.1035269],[-51.8076178,-19.1026532],[-51.8052454,-19.1007556],[-51.8025088,-19.0987169],[-51.8014534,-19.0983815],[-51.7989409,-19.0974812],[-51.7983393,-19.0968767],[-51.7974839,-19.0959985],[-51.7963715,-19.094917],[-51.7959881,-19.0947763],[-51.7947999,-19.0949648],[-51.7947087,-19.0949065],[-51.7933064,-19.091613],[-51.7923378,-19.0892779],[-51.7918322,-19.0880821],[-51.7901234,-19.0840048],[-51.7900081,-19.0839072],[-51.789811,-19.083911],[-51.7889915,-19.0841898],[-51.7888239,-19.0842303],[-51.7885382,-19.0842532]]]}},
{"type":"Feature","properties":{"osm_id":"732757622","code":5142,"fclass":"track","name":null,"ref":null,"oneway":"B","maxspeed":0,"layer":0,"bridge":"F","tunnel":"F"},"geometry":{"type":"MultiLineString","coordinates":[[[-51.8183746,-19.1132243],[-51.8172837,-19.1144641],[-51.8169368,-19.114745],[-51.8163989,-19.1148854],[-51.8160733,-19.115066]]]}},
{"type":"Feature","properties":{"osm_id":"732757623","code":5142,"fclass":"track","name":null,"ref":null,"oneway":"B","maxspeed":0,"layer":0,"bridge":"F","tunnel":"F"},"geometry":{"type":"MultiLineString","coordinates":[[[-51.8094111,-19.1087781],[-51.809299,-19.1089987],[-51.8093177,-19.109184],[-51.811195,-19.1122994]]]}},
{"type":"Feature","properties":{"osm_id":"732757624","code":5141,"fclass":"service","name":null,"ref":null,"oneway":"B","maxspeed":0,"layer":0,"bridge":"F","tunnel":"F"},"geometry":{"type":"MultiLineString","coordinates":[[[-51.7983393,-19.0968767],[-51.7985835,-19.0968058],[-51.7989866,-19.0964412],[-51.8000285,-19.0955686],[-51.8002421,-19.0954946],[-51.8004593,-19.0954236],[-51.8005717,-19.0953215],[-51.8006957,-19.0950471]]]}},
{"type":"Feature","properties":{"osm_id":"732757625","code":5141,"fclass":"service","name":null,"ref":null,"oneway":"B","maxspeed":0,"layer":0,"bridge":"F","tunnel":"F"},"geometry":{"type":"MultiLineString","coordinates":[[[-51.7933064,-19.091613],[-51.7968183,-19.0889075]]]}},
{"type":"Feature","properties":{"osm_id":"732757626","code":5141,"fclass":"service","name":null,"ref":null,"oneway":"B","maxspeed":0,"layer":0,"bridge":"F","tunnel":"F"},"geometry":{"type":"MultiLineString","coordinates":[[[-51.7918322,-19.0880821],[-51.7940474,-19.0863597]]]}},
{"type":"Feature","properties":{"osm_id":"732762108","code":5121,"fclass":"unclassified","name":null,"ref":null,"oneway":"B","maxspeed":0,"layer":0,"bridge":"F","tunnel":"F"},"geometry":{"type":"MultiLineString","coordinates":[[[-51.799435,-19.080885],[-51.8007497,-19.0825285],[-51.8010653,-19.0826722],[-51.8015249,-19.0827403],[-51.8080433,-19.0839925],[-51.8083711,-19.0840555],[-51.8100234,-19.0843725],[-51.810699,-19.0845022]]]}},
{"type":"Feature","properties":{"osm_id":"732762109","code":5142,"fclass":"track","name":null,"ref":null,"oneway":"B","maxspeed":0,"layer":0,"bridge":"F","tunnel":"F"},"geometry":{"type":"MultiLineString","coordinates":[[[-51.8202922,-19.0873626],[-51.8214752,-19.0893514],[-51.8224559,-19.0910284],[-51.8235206,-19.0929349],[-51.8238942,-19.0937204],[-51.823997,-19.0940028],[-51.8246881,-19.0944971]]]}},
{"type":"Feature","properties":{"osm_id":"732762110","code":5142,"fclass":"track","name":null,"ref":null,"oneway":"B","maxspeed":0,"layer":0,"bridge":"F","tunnel":"F"},"geometry":{"type":"MultiLineString","coordinates":[[[-51.8202922,-19.0873626],[-51.8205856,-19.0873601],[-51.8215834,-19.0871573],[-51.8221627,-19.0868125],[-51.8226134,-19.0867162],[-51.8229567,-19.0866909],[-51.8232732,-19.0867264],[-51.823697,-19.0869697],[-51.8240242,-19.0871928],[-51.824287,-19.087355],[-51.8248342,-19.0874767],[-51.8251722,-19.087573],[-51.825596,-19.0875273],[-51.8264757,-19.08772],[-51.8272428,-19.088014],[-51.8279885,-19.0883942],[-51.8293672,-19.0892358],[-51.8301504,-19.0898289],[-51.8305044,-19.0900976],[-51.8306492,-19.0902648],[-51.8307458,-19.0904676],[-51.8309336,-19.0907262],[-51.8312393,-19.0912027],[-51.8314271,-19.091588],[-51.8316363,-19.0919276],[-51.832044,-19.0923788]]]}},
{"type":"Feature","properties":{"osm_id":"732762111","code":5121,"fclass":"unclassified","name":null,"ref":null,"oneway":"B","maxspeed":0,"layer":0,"bridge":"F","tunnel":"F"},"geometry":{"type":"MultiLineString","coordinates":[[[-51.810699,-19.0845022],[-51.8163755,-19.0855913],[-51.8190841,-19.0861474],[-51.8196165,-19.0863857],[-51.8202143,-19.0872595],[-51.8202922,-19.0873626]]]}},
{"type":"Feature","properties":{"osm_id":"732762112","code":5121,"fclass":"unclassified","name":null,"ref":null,"oneway":"B","maxspeed":0,"layer":0,"bridge":"F","tunnel":"F"},"geometry":{"type":"MultiLineString","coordinates":[[[-51.810699,-19.0845022],[-51.8108659,-19.0847154],[-51.8125703,-19.0874835],[-51.812924,-19.088058],[-51.8131041,-19.0883511],[-51.814366,-19.0904048]]]}},
{"type":"Feature","properties":{"osm_id":"732762113","code":5142,"fclass":"track","name":null,"ref":null,"oneway":"B","maxspeed":0,"layer":0,"bridge":"F","tunnel":"F"},"geometry":{"type":"MultiLineString","coordinates":[[[-51.8100234,-19.0843725],[-51.8071027,-19.0869087]]]}},
{"type":"Feature","properties":{"osm_id":"732762114","code":5142,"fclass":"track","name":null,"ref":null,"oneway":"B","maxspeed":0,"layer":0,"bridge":"F","tunnel":"F"},"geometry":{"type":"MultiLineString","coordinates":[[[-51.8076901,-19.0917404],[-51.8125703,-19.0874835]]]}},
{"type":"Feature","properties":{"osm_id":"732762115","code":5121,"fclass":"unclassified","name":null,"ref":null,"oneway":"B","maxspeed":0,"layer":0,"bridge":"F","tunnel":"F"},"geometry":{"type":"MultiLineString","coordinates":[[[-51.814366,-19.0904048],[-51.8142187,-19.0906018],[-51.8107816,-19.0941146],[-51.8108283,-19.0942117],[-51.8130139,-19.0959593],[-51.8150033,-19.0975038],[-51.8179174,-19.0999574],[-51.8183563,-19.1003016],[-51.8190568,-19.1014755],[-51.8204485,-19.1039996],[-51.8210556,-19.1048998],[-51.8223632,-19.1059677],[-51.8231104,-19.1064884],[-51.8238576,-19.1076092],[-51.8242312,-19.1082182],[-51.8246795,-19.1084653],[-51.8251932,-19.1091449]]]}},
{"type":"Feature","properties":{"osm_id":"732762116","code":5142,"fclass":"track","name":null,"ref":null,"oneway":"B","maxspeed":0,"layer":0,"bridge":"F","tunnel":"F"},"geometry":{"type":"MultiLineString","coordinates":[[[-51.8107816,-19.0941146],[-51.8105899,-19.0940083],[-51.8102443,-19.0933375],[-51.810207,-19.0930109],[-51.8096746,-19.092296]]]}},
{"type":"Feature","properties":{"osm_id":"732762117","code":5142,"fclass":"track","name":null,"ref":null,"oneway":"B","maxspeed":0,"layer":0,"bridge":"F","tunnel":"F"},"geometry":{"type":"MultiLineString","coordinates":[[[-51.8131041,-19.0883511],[-51.8094037,-19.0916958]]]}},
{"type":"Feature","properties":{"osm_id":"732762118","code":5142,"fclass":"track","name":null,"ref":null,"oneway":"B","maxspeed":0,"layer":0,"bridge":"F","tunnel":"F"},"geometry":{"type":"MultiLineString","coordinates":[[[-51.8086565,-19.0802919],[-51.8086565,-19.0805832],[-51.8089274,-19.0806714],[-51.8092823,-19.080742],[-51.8098521,-19.0809715],[-51.8099361,-19.0812187],[-51.8097773,-19.0815365],[-51.8095252,-19.0817483],[-51.8093477,-19.0820484],[-51.8089274,-19.0824721],[-51.8085164,-19.0830282],[-51.8083296,-19.0833548],[-51.8081148,-19.0836196],[-51.8080433,-19.0839925]]]}},
{"type":"Feature","properties":{"osm_id":"732762119","code":5142,"fclass":"track","name":null,"ref":null,"oneway":"B","maxspeed":0,"layer":0,"bridge":"F","tunnel":"F"},"geometry":{"type":"MultiLineString","coordinates":[[[-51.8042428,-19.0781295],[-51.8045894,-19.0786651],[-51.8060371,-19.0791329]]]}},
{"type":"Feature","properties":{"osm_id":"732762120","code":5142,"fclass":"track","name":null,"ref":null,"oneway":"B","maxspeed":0,"layer":0,"bridge":"F","tunnel":"F"},"geometry":{"type":"MultiLineString","coordinates":[[[-51.8106936,-19.0756028],[-51.8102487,-19.0751484],[-51.8092974,-19.0744183],[-51.8070451,-19.0746412],[-51.8061182,-19.074572],[-51.8053295,-19.0746181]]]}},
{"type":"Feature","properties":{"osm_id":"732762121","code":5142,"fclass":"track","name":null,"ref":null,"oneway":"B","maxspeed":0,"layer":0,"bridge":"F","tunnel":"F"},"geometry":{"type":"MultiLineString","coordinates":[[[-51.8057637,-19.0640027],[-51.8068914,-19.0636067],[-51.8075076,-19.0637756],[-51.8085366,-19.0641542],[-51.8087955,-19.0644396],[-51.8091529,-19.0660936],[-51.8115228,-19.075278]]]}},
{"type":"Feature","properties":{"osm_id":"732762122","code":5142,"fclass":"track","name":null,"ref":null,"oneway":"B","maxspeed":0,"layer":0,"bridge":"F","tunnel":"F"},"geometry":{"type":"MultiLineString","coordinates":[[[-51.8137972,-19.0743871],[-51.8142799,-19.0749146]]]}},
{"type":"Feature","properties":{"osm_id":"732762123","code":5142,"fclass":"track","name":null,"ref":null,"oneway":"B","maxspeed":0,"layer":0,"bridge":"F","tunnel":"F"},"geometry":{"type":"MultiLineString","coordinates":[[[-51.8193117,-19.0597712],[-51.8227093,-19.070181],[-51.8227067,-19.0702857],[-51.8225739,-19.0706363]]]}},
{"type":"Feature","properties":{"osm_id":"732762124","code":5142,"fclass":"track","name":null,"ref":null,"oneway":"B","maxspeed":0,"layer":0,"bridge":"F","tunnel":"F"},"geometry":{"type":"MultiLineString","coordinates":[[[-51.8258296,-19.0690017],[-51.8252393,-19.0670898],[-51.8250957,-19.0643187],[-51.8249174,-19.0608788],[-51.8248048,-19.0586681]]]}},
{"type":"Feature","properties":{"osm_id":"732762125","code":5142,"fclass":"track","name":null,"ref":null,"oneway":"B","maxspeed":0,"layer":0,"bridge":"F","tunnel":"F"},"geometry":{"type":"MultiLineString","coordinates":[[[-51.8250957,-19.0643187],[-51.8298502,-19.0624514],[-51.8297852,-19.0616828],[-51.8301999,-19.0614446]]]}},
{"type":"Feature","properties":{"osm_id":"732762126","code":5142,"fclass":"track","name":null,"ref":null,"oneway":"B","maxspeed":0,"layer":0,"bridge":"F","tunnel":"F"},"geometry":{"type":"MultiLineString","coordinates":[[[-51.8252393,-19.0670898],[-51.8257441,-19.0668933],[-51.8259474,-19.0668779],[-51.8266304,-19.0670393],[-51.8270288,-19.067047]]]}},
{"type":"Feature","properties":{"osm_id":"732762127","code":5142,"fclass":"track","name":null,"ref":null,"oneway":"B","maxspeed":0,"layer":0,"bridge":"F","tunnel":"F"},"geometry":{"type":"MultiLineString","coordinates":[[[-51.8364893,-19.0636383],[-51.8368815,-19.0641236],[-51.8371243,-19.0644149],[-51.8375446,-19.0655713],[-51.838077,-19.0671603],[-51.8383478,-19.0677518],[-51.8379462,-19.0681225]]]}},
{"type":"Feature","properties":{"osm_id":"732762128","code":5142,"fclass":"track","name":null,"ref":null,"oneway":"B","maxspeed":0,"layer":0,"bridge":"F","tunnel":"F"},"geometry":{"type":"MultiLineString","coordinates":[[[-51.8813426,-19.0507795],[-51.8813684,-19.0503974],[-51.8806166,-19.0496985],[-51.879717,-19.0487316],[-51.8795198,-19.0483704],[-51.8797909,-19.0480792],[-51.8812945,-19.0474152],[-51.8824283,-19.0468793],[-51.882872,-19.0466463]]]}},
{"type":"Feature","properties":{"osm_id":"732762129","code":5142,"fclass":"track","name":null,"ref":null,"oneway":"B","maxspeed":0,"layer":0,"bridge":"F","tunnel":"F"},"geometry":{"type":"MultiLineString","coordinates":[[[-51.8848181,-19.0511677],[-51.8851195,-19.0515451],[-51.8866967,-19.0528736],[-51.8870078,-19.0535024],[-51.8874691,-19.0546889],[-51.8881772,-19.0565244],[-51.889454,-19.0591914],[-51.8900119,-19.0599418],[-51.8906878,-19.060824],[-51.8915568,-19.0619699],[-51.8917714,-19.0624364],[-51.891825,-19.0628826],[-51.8919216,-19.0631767],[-51.8923722,-19.0636837],[-51.8925868,-19.0640791],[-51.892619,-19.0644341],[-51.8929087,-19.0649918],[-51.8934451,-19.0654988],[-51.8938421,-19.0660565],[-51.8941854,-19.0666041],[-51.895033,-19.0684293],[-51.8960951,-19.0706601],[-51.8965028,-19.0722116],[-51.8965994,-19.0733979],[-51.8967603,-19.073692],[-51.89705,-19.0738846],[-51.8972217,-19.0744322],[-51.8973075,-19.0744423]]]}},
{"type":"Feature","properties":{"osm_id":"732762130","code":5121,"fclass":"unclassified","name":null,"ref":null,"oneway":"B","maxspeed":0,"layer":0,"bridge":"F","tunnel":"F"},"geometry":{"type":"MultiLineString","coordinates":[[[-51.8884579,-19.0515744],[-51.8896771,-19.0405841],[-51.8896524,-19.0400973],[-51.8897758,-19.0391997],[-51.889867,-19.0385811],[-51.8899046,-19.038221],[-51.8901889,-19.0376632],[-51.8903713,-19.0368468],[-51.8903659,-19.0359086],[-51.8902962,-19.0351987],[-51.8902962,-19.0347017],[-51.8903713,-19.033936],[-51.8905268,-19.0335455],[-51.8905,-19.0329775],[-51.890618,-19.0316438],[-51.8908272,-19.0296458],[-51.8909935,-19.0279367],[-51.8912564,-19.0255786],[-51.891471,-19.023408],[-51.8916587,-19.0219424],[-51.8918519,-19.0208368],[-51.8918733,-19.0203955],[-51.8919377,-19.019579],[-51.8920825,-19.0187016],[-51.8923937,-19.0183111],[-51.8926565,-19.018159],[-51.8928496,-19.0180373],[-51.8928228,-19.0178395],[-51.8926297,-19.0173526],[-51.8926243,-19.0171345],[-51.8928443,-19.0169063],[-51.8935631,-19.0159021],[-51.8940191,-19.0155217],[-51.8942873,-19.0153949],[-51.8945662,-19.0153442],[-51.8953065,-19.0151109],[-51.8962614,-19.0148472],[-51.8967281,-19.014761],[-51.8971251,-19.0145885],[-51.8980424,-19.0142386],[-51.8983964,-19.0141473],[-51.8985359,-19.0140256],[-51.8986325,-19.0137821],[-51.8988846,-19.0135945],[-51.9002472,-19.0127982],[-51.9007622,-19.0124229],[-51.9007568,-19.0120932],[-51.9005154,-19.0116114],[-51.9001721,-19.0114339]]]}},
{"type":"Feature","properties":{"osm_id":"732768141","code":5142,"fclass":"track","name":null,"ref":null,"oneway":"B","maxspeed":0,"layer":0,"bridge":"F","tunnel":"F"},"geometry":{"type":"MultiLineString","coordinates":[[[-51.9031078,-19.0578688],[-51.9017521,-19.0530596]]]}},
{"type":"Feature","properties":{"osm_id":"732768142","code":5141,"fclass":"service","name":null,"ref":null,"oneway":"B","maxspeed":0,"layer":0,"bridge":"F","tunnel":"F"},"geometry":{"type":"MultiLineString","coordinates":[[[-51.9227722,-19.0554079],[-51.9228402,-19.0549736],[-51.9239238,-19.0529961]]]}},
{"type":"Feature","properties":{"osm_id":"732768143","code":5141,"fclass":"service","name":null,"ref":null,"oneway":"B","maxspeed":0,"layer":0,"bridge":"F","tunnel":"F"},"geometry":{"type":"MultiLineString","coordinates":[[[-51.9264285,-19.0558164],[-51.9264022,-19.0562513],[-51.9260481,-19.0571538],[-51.9259086,-19.057306],[-51.9252327,-19.0572755],[-51.9245461,-19.0574378],[-51.9244281,-19.0576609],[-51.9242135,-19.0587257],[-51.9241387,-19.0589084],[-51.9240204,-19.0589792],[-51.9235268,-19.0591921]]]}},
{"type":"Feature","properties":{"osm_id":"732768144","code":5121,"fclass":"unclassified","name":null,"ref":null,"oneway":"B","maxspeed":0,"layer":0,"bridge":"F","tunnel":"F"},"geometry":{"type":"MultiLineString","coordinates":[[[-51.9264285,-19.0558164],[-51.926606,-19.0549228],[-51.9271532,-19.053351],[-51.9272718,-19.0524442],[-51.9272753,-19.0523914],[-51.9273785,-19.0514343],[-51.9271532,-19.0499334],[-51.927239,-19.0484528]]]}},
{"type":"Feature","properties":{"osm_id":"732768145","code":5141,"fclass":"service","name":null,"ref":null,"oneway":"B","maxspeed":0,"layer":0,"bridge":"F","tunnel":"F"},"geometry":{"type":"MultiLineString","coordinates":[[[-51.9272718,-19.0524442],[-51.9278184,-19.0521848],[-51.9285479,-19.0520326]]]}},
{"type":"Feature","properties":{"osm_id":"732768146","code":5121,"fclass":"unclassified","name":null,"ref":null,"oneway":"B","maxspeed":0,"layer":0,"bridge":"F","tunnel":"F"},"geometry":{"type":"MultiLineString","coordinates":[[[-51.9486952,-19.0564469],[-51.9488279,-19.0565359],[-51.9489114,-19.0565921],[-51.9490215,-19.0567306],[-51.949051,-19.0568244],[-51.9491422,-19.0570425],[-51.9493445,-19.057319],[-51.949694,-19.0579234],[-51.9498111,-19.0582438],[-51.9501315,-19.0609171],[-51.9505567,-19.0643476],[-51.9505984,-19.0644913],[-51.950643,-19.0645922],[-51.9512345,-19.0655997],[-51.9512654,-19.0661414],[-51.9513763,-19.0684127],[-51.9513701,-19.0702415],[-51.9512777,-19.07214],[-51.9511914,-19.0735145],[-51.9510743,-19.0743473],[-51.9507293,-19.0756984],[-51.9501507,-19.0775982],[-51.9501078,-19.0777031],[-51.9500533,-19.0778167],[-51.9499308,-19.07802],[-51.949832,-19.0782301],[-51.949594,-19.0787074],[-51.9494078,-19.0790821],[-51.9492377,-19.0794038],[-51.9491127,-19.0796347],[-51.948992,-19.0798248],[-51.9487121,-19.0801145],[-51.9483537,-19.0804788],[-51.9479935,-19.0808454],[-51.9474202,-19.081399],[-51.9468302,-19.081899],[-51.9457975,-19.0826638],[-51.9447305,-19.0834607],[-51.9440433,-19.0839312],[-51.9433674,-19.0844027],[-51.942001,-19.0853801],[-51.9416508,-19.0855814],[-51.9413119,-19.0857604],[-51.9405994,-19.0860731],[-51.9398568,-19.0863759],[-51.9392824,-19.086608],[-51.938864,-19.086755],[-51.9384804,-19.086902],[-51.9377294,-19.087158],[-51.9370374,-19.087376],[-51.9356185,-19.0878652],[-51.9352081,-19.0880071],[-51.9348058,-19.0881643],[-51.9342389,-19.0883364],[-51.9337115,-19.088509],[-51.9332401,-19.0887075],[-51.9330677,-19.0887878],[-51.9328968,-19.0888346],[-51.932821,-19.0888436],[-51.9327158,-19.0888086],[-51.9326558,-19.0887022]]]}},
{"type":"Feature","properties":{"osm_id":"732768147","code":5141,"fclass":"service","name":null,"ref":null,"oneway":"B","maxspeed":0,"layer":0,"bridge":"F","tunnel":"F"},"geometry":{"type":"MultiLineString","coordinates":[[[-51.9505984,-19.0644913],[-51.9509608,-19.0646606],[-51.9513957,-19.0647655],[-51.951748,-19.064807],[-51.9519364,-19.0648032],[-51.9520236,-19.0648057],[-51.9521438,-19.0648268],[-51.9521838,-19.0648317],[-51.9523126,-19.0648355]]]}},
{"type":"Feature","properties":{"osm_id":"732768148","code":5141,"fclass":"service","name":null,"ref":null,"oneway":"B","maxspeed":0,"layer":0,"bridge":"F","tunnel":"F"},"geometry":{"type":"MultiLineString","coordinates":[[[-51.9936005,-19.0492852],[-51.9935978,-19.0490775],[-51.993625,-19.0473914]]]}},
{"type":"Feature","properties":{"osm_id":"732768149","code":5141,"fclass":"service","name":null,"ref":null,"oneway":"B","maxspeed":0,"layer":0,"bridge":"F","tunnel":"F"},"geometry":{"type":"MultiLineString","coordinates":[[[-52.0091094,-19.0577255],[-52.0091902,-19.0574037],[-52.0092921,-19.0570957],[-52.009327,-19.0569601],[-52.0093377,-19.0568593],[-52.0093545,-19.0567788],[-52.0093766,-19.0567484],[-52.0093994,-19.0567135],[-52.0095938,-19.0560011],[-52.0096274,-19.0558535],[-52.0096482,-19.0557102],[-52.0096757,-19.0555587],[-52.0097105,-19.0554472],[-52.0097514,-19.0553058],[-52.0098489,-19.0548424],[-52.0099844,-19.0543182],[-52.0100753,-19.0538462],[-52.0101108,-19.053592],[-52.010135,-19.0533924],[-52.0101678,-19.0530983],[-52.0101947,-19.0527174],[-52.0101878,-19.0525242],[-52.010145,-19.0519403],[-52.0101283,-19.0518059],[-52.0101122,-19.0516985],[-52.0100559,-19.0514028],[-52.0100458,-19.0513065],[-52.0100498,-19.0512241],[-52.0100693,-19.0511455],[-52.0101692,-19.0509122],[-52.0102094,-19.0508298],[-52.0102228,-19.0507614],[-52.010348,-19.0500837],[-52.0105011,-19.0495425],[-52.0105393,-19.0494316],[-52.0105843,-19.0493651],[-52.0106359,-19.049301],[-52.0106996,-19.0492307],[-52.0113949,-19.0486089],[-52.0115586,-19.0484802],[-52.0116766,-19.0483839],[-52.0119656,-19.0481925],[-52.0121922,-19.048053],[-52.0123518,-19.0479554],[-52.0125355,-19.0478121],[-52.0125711,-19.0477779],[-52.0126207,-19.0477209],[-52.012665,-19.0476119],[-52.0126918,-19.0475168],[-52.0127568,-19.0472461],[-52.012791,-19.0470782],[-52.0128158,-19.0469989],[-52.0128708,-19.0468703],[-52.0129546,-19.0467229],[-52.0129687,-19.0466947],[-52.0129909,-19.046637],[-52.0130029,-19.0465515],[-52.0130063,-19.0464798],[-52.0130076,-19.0463112],[-52.0130069,-19.0462016]]]}},
{"type":"Feature","properties":{"osm_id":"732768150","code":5141,"fclass":"service","name":null,"ref":null,"oneway":"B","maxspeed":0,"layer":0,"bridge":"F","tunnel":"F"},"geometry":{"type":"MultiLineString","coordinates":[[[-52.0338739,-19.0525015],[-52.0343731,-19.0522568],[-52.0344056,-19.0521887],[-52.034415,-19.0521178],[-52.0343949,-19.0520252],[-52.034018,-19.0512],[-52.0335647,-19.0503469],[-52.0328942,-19.0489955],[-52.0317603,-19.0467584],[-52.0303615,-19.0439159],[-52.0299277,-19.0430412],[-52.0294583,-19.0421234],[-52.0285946,-19.0403986],[-52.0284551,-19.0401825]]]}},
{"type":"Feature","properties":{"osm_id":"732768151","code":5121,"fclass":"unclassified","name":null,"ref":null,"oneway":"B","maxspeed":0,"layer":0,"bridge":"F","tunnel":"F"},"geometry":{"type":"MultiLineString","coordinates":[[[-52.0472708,-19.0308354],[-52.0476079,-19.0311804],[-52.0477013,-19.0318824],[-52.0482617,-19.034465],[-52.0489202,-19.0371711],[-52.049079,-19.0377274],[-52.0490696,-19.0379569],[-52.0489529,-19.0380938],[-52.0472997,-19.0392415],[-52.0459687,-19.0401686],[-52.045852,-19.0403452],[-52.045866,-19.0405747],[-52.0468,-19.0431528],[-52.0483084,-19.0478452],[-52.0483644,-19.0481631],[-52.0482477,-19.0491872],[-52.0479115,-19.0513237],[-52.0475799,-19.0538353],[-52.0469634,-19.0579007],[-52.0467766,-19.0583333],[-52.0456091,-19.0612951],[-52.0441708,-19.0649277],[-52.0432275,-19.0673244],[-52.0428118,-19.0683307],[-52.0428165,-19.0686618],[-52.04305,-19.0689398],[-52.0465665,-19.072078],[-52.0490649,-19.0743289],[-52.0520631,-19.0770256],[-52.0549632,-19.0796251],[-52.0556908,-19.0802502],[-52.0562449,-19.080959],[-52.0565998,-19.0821947],[-52.0584865,-19.0868199],[-52.0601303,-19.0910389],[-52.0609523,-19.0931749],[-52.0627455,-19.0986294],[-52.0696758,-19.1027422],[-52.0745326,-19.1033423],[-52.0747568,-19.1035718],[-52.0751864,-19.104066],[-52.0754666,-19.1040484],[-52.0794641,-19.1020185],[-52.0798377,-19.1020538],[-52.0826584,-19.1043131],[-52.0830881,-19.1048956],[-52.0875339,-19.1123442],[-52.0895513,-19.1142328],[-52.090915,-19.1148858],[-52.098443,-19.1163155],[-52.099377,-19.1172156],[-52.1012076,-19.1196513]]]}},
{"type":"Feature","properties":{"osm_id":"732768152","code":5142,"fclass":"track","name":null,"ref":null,"oneway":"B","maxspeed":0,"layer":0,"bridge":"F","tunnel":"F"},"geometry":{"type":"MultiLineString","coordinates":[[[-52.0562664,-19.0263985],[-52.05586,-19.0254608],[-52.0483284,-19.022134],[-52.039638,-19.0183607],[-52.0389299,-19.0186853]]]}},
{"type":"Feature","properties":{"osm_id":"732768153","code":5142,"fclass":"track","name":null,"ref":null,"oneway":"B","maxspeed":0,"layer":0,"bridge":"F","tunnel":"F"},"geometry":{"type":"MultiLineString","coordinates":[[[-52.0709422,-19.0191496],[-52.069939,-19.0171233],[-52.0688206,-19.0163336],[-52.0667962,-19.0160927]]]}},
{"type":"Feature","properties":{"osm_id":"732768154","code":5142,"fclass":"track","name":null,"ref":null,"oneway":"B","maxspeed":0,"layer":0,"bridge":"F","tunnel":"F"},"geometry":{"type":"MultiLineString","coordinates":[[[-52.0761722,-18.9858518],[-52.0762376,-18.9861256],[-52.0759294,-18.9865053],[-52.0699891,-18.9929083],[-52.0699331,-18.9930496],[-52.0700545,-18.9934559],[-52.0726324,-19.0014658],[-52.0744443,-19.0070558],[-52.0772805,-19.016015]]]}},
{"type":"Feature","properties":{"osm_id":"733060602","code":5142,"fclass":"track","name":null,"ref":null,"oneway":"B","maxspeed":0,"layer":0,"bridge":"F","tunnel":"F"},"geometry":{"type":"MultiLineString","coordinates":[[[-52.0366255,-19.0360799],[-52.0373777,-19.0382491]]]}},
{"type":"Feature","properties":{"osm_id":"733060603","code":5142,"fclass":"track","name":null,"ref":null,"oneway":"B","maxspeed":0,"layer":0,"bridge":"F","tunnel":"F"},"geometry":{"type":"MultiLineString","coordinates":[[[-52.0416518,-19.0336036],[-52.0402551,-19.0311408]]]}},
{"type":"Feature","properties":{"osm_id":"733060604","code":5142,"fclass":"track","name":null,"ref":null,"oneway":"B","maxspeed":0,"layer":0,"bridge":"F","tunnel":"F"},"geometry":{"type":"MultiLineString","coordinates":[[[-52.0709422,-19.0191496],[-52.071083,-19.019219],[-52.0711693,-19.0193938],[-52.0725434,-19.0205006]]]}},
{"type":"Feature","properties":{"osm_id":"733060605","code":5142,"fclass":"track","name":null,"ref":null,"oneway":"B","maxspeed":0,"layer":0,"bridge":"F","tunnel":"F"},"geometry":{"type":"MultiLineString","coordinates":[[[-52.0846698,-19.0123704],[-52.093492,-19.030339],[-52.098698,-19.0409435]]]}},
{"type":"Feature","properties":{"osm_id":"733060606","code":5142,"fclass":"track","name":null,"ref":null,"oneway":"B","maxspeed":0,"layer":0,"bridge":"F","tunnel":"F"},"geometry":{"type":"MultiLineString","coordinates":[[[-52.090818,-19.0093397],[-52.0908522,-19.0091372],[-52.0907885,-19.0088896],[-52.0908522,-19.008294],[-52.0908522,-19.007357],[-52.0908734,-19.0065606],[-52.0909442,-19.0060654],[-52.0910433,-19.0056237],[-52.0912273,-19.0052489],[-52.0913194,-19.0048942],[-52.0915034,-19.0041045],[-52.0917158,-19.0035356],[-52.0918361,-19.0031943],[-52.0917511,-19.0023376],[-52.0914963,-19.0009656],[-52.0913548,-19.000042],[-52.0910787,-18.9995066],[-52.0907956,-18.9991854],[-52.0905266,-18.9988641],[-52.0903638,-18.9987838],[-52.0901585,-18.9988173],[-52.0899108,-18.9989043],[-52.0897692,-18.9988708]]]}},
{"type":"Feature","properties":{"osm_id":"733060607","code":5121,"fclass":"unclassified","name":null,"ref":null,"oneway":"B","maxspeed":0,"layer":0,"bridge":"F","tunnel":"F"},"geometry":{"type":"MultiLineString","coordinates":[[[-52.102143,-18.9529211],[-52.1027483,-18.9530639],[-52.1031037,-18.9531565],[-52.1032271,-18.9532504],[-52.1033424,-18.9534343],[-52.1034336,-18.9537387],[-52.1035543,-18.954591],[-52.1040425,-18.9575565],[-52.1041417,-18.957767],[-52.1043563,-18.9579218],[-52.1045119,-18.9579903],[-52.1047157,-18.9580512],[-52.1048391,-18.9582059],[-52.1049383,-18.9584266],[-52.1050724,-18.9589314],[-52.1051154,-18.9592028],[-52.1051019,-18.9594489],[-52.1051046,-18.9613387],[-52.1051529,-18.9617978],[-52.105287,-18.9623559],[-52.1054426,-18.9627263],[-52.1056384,-18.9631169],[-52.1060806,-18.9639303],[-52.1065021,-18.9650447],[-52.1066952,-18.9656408],[-52.1067891,-18.9659528],[-52.1068293,-18.9662027],[-52.1068391,-18.9664481],[-52.1065436,-18.9689003],[-52.106236,-18.9713698],[-52.1062405,-18.9714521],[-52.1062591,-18.9715299],[-52.1063626,-18.9716943],[-52.1064779,-18.9718478],[-52.1066389,-18.9722004],[-52.1067461,-18.9724997],[-52.1068126,-18.9728212],[-52.1068658,-18.9738255],[-52.1069205,-18.9742879],[-52.1070204,-18.9747921],[-52.1072799,-18.975305],[-52.1074006,-18.9755713],[-52.1074582,-18.9758552],[-52.1075115,-18.9768911],[-52.1074891,-18.9773291],[-52.1074408,-18.9777958],[-52.10729,-18.9787008],[-52.1071243,-18.9796195],[-52.1070573,-18.9800811],[-52.1070153,-18.9805734],[-52.1069983,-18.9810474],[-52.1070126,-18.9815475],[-52.1070841,-18.9820037],[-52.1071552,-18.9822459],[-52.1072394,-18.9825014],[-52.1074972,-18.9831881],[-52.1076179,-18.9835356],[-52.1077064,-18.9839428],[-52.1077625,-18.985272],[-52.1078378,-18.9871574],[-52.1078941,-18.9881085],[-52.1079156,-18.9886158],[-52.1079142,-18.9888441],[-52.1078959,-18.9890702],[-52.1076393,-18.9895922],[-52.1073623,-18.9901143],[-52.1069645,-18.9909517],[-52.1069527,-18.9910518],[-52.1069634,-18.9911533],[-52.1070046,-18.9912654],[-52.1080505,-18.9921228],[-52.1086961,-18.992656],[-52.1092623,-18.993251],[-52.1093291,-18.9933496],[-52.1093814,-18.9934777],[-52.1094702,-18.9937271],[-52.1095946,-18.9940851],[-52.1097046,-18.9942157],[-52.1098452,-18.9942969],[-52.1100131,-18.9944339],[-52.1100466,-18.9945061],[-52.1100426,-18.9945962],[-52.1100145,-18.9946952],[-52.1098787,-18.9948482],[-52.1085577,-18.9965005],[-52.1085043,-18.9965858],[-52.1084909,-18.9966758],[-52.1085044,-18.996767],[-52.1104897,-19.0011864],[-52.1089729,-19.0048501]]]}},
{"type":"Feature","properties":{"osm_id":"733060608","code":5142,"fclass":"track","name":null,"ref":null,"oneway":"B","maxspeed":0,"layer":0,"bridge":"F","tunnel":"F"},"geometry":{"type":"MultiLineString","coordinates":[[[-52.1107657,-19.0044562],[-52.1157782,-19.010504],[-52.1145266,-19.0149899]]]}},
{"type":"Feature","properties":{"osm_id":"733060609","code":5121,"fclass":"unclassified","name":null,"ref":null,"oneway":"B","maxspeed":0,"layer":0,"bridge":"F","tunnel":"F"},"geometry":{"type":"MultiLineString","coordinates":[[[-52.4867872,-19.2385622],[-52.4775971,-19.2335182],[-52.471943,-19.2293142],[-52.4689926,-19.2271767],[-52.459519,-19.2210781],[-52.4539186,-19.2174614],[-52.4452067,-19.2116157],[-52.4408508,-19.2086877],[-52.4400354,-19.2081811],[-52.4395312,-19.2079582],[-52.4388016,-19.2075124],[-52.4377287,-19.2068336],[-52.430368,-19.203244],[-52.4292315,-19.2026897],[-52.4207879,-19.1985964],[-52.4201013,-19.1982418],[-52.4198438,-19.1982215],[-52.4140395,-19.1993867],[-52.4136961,-19.1994272],[-52.4132777,-19.1998629],[-52.4130524,-19.1997312],[-52.4129755,-19.1996789],[-52.4050165,-19.1942699],[-52.3960365,-19.1879978],[-52.3948563,-19.1852113],[-52.3926247,-19.1797799],[-52.3910047,-19.1759191],[-52.3882366,-19.1693423],[-52.3859384,-19.1636832],[-52.3851543,-19.1618942],[-52.3848704,-19.1612577],[-52.3841241,-19.1594927],[-52.3837379,-19.1585971],[-52.3834247,-19.157774],[-52.3832095,-19.1572669],[-52.3829499,-19.15672],[-52.3826113,-19.1559443],[-52.3822787,-19.155207],[-52.381922,-19.1544469],[-52.3815901,-19.1537378],[-52.3809242,-19.1525479],[-52.3802751,-19.151376],[-52.3795778,-19.1501776],[-52.3792452,-19.1495365],[-52.3789187,-19.1489819],[-52.3787355,-19.1486243],[-52.37857,-19.1482142],[-52.378403,-19.1476438],[-52.3782374,-19.1471374],[-52.3780263,-19.1464039]]]}},
{"type":"Feature","properties":{"osm_id":"733060610","code":5121,"fclass":"unclassified","name":null,"ref":null,"oneway":"B","maxspeed":0,"layer":0,"bridge":"F","tunnel":"F"},"geometry":{"type":"MultiLineString","coordinates":[[[-52.2007173,-19.0224695],[-52.1995635,-19.0234265],[-52.1992662,-19.023741],[-52.1980558,-19.0246644],[-52.1962296,-19.0260965],[-52.1955925,-19.0266786],[-52.1947927,-19.0272207],[-52.1939291,-19.0281575],[-52.1936177,-19.0285055],[-52.1930514,-19.0294289],[-52.1921454,-19.0305999],[-52.1904041,-19.0326074],[-52.1895122,-19.0332364],[-52.188677,-19.0337449],[-52.1878983,-19.0340594],[-52.1871551,-19.0342535],[-52.1869062,-19.0342759],[-52.1864119,-19.0343204],[-52.1854634,-19.0347821],[-52.18489,-19.034936],[-52.1840548,-19.035304],[-52.1823347,-19.036127],[-52.1816906,-19.036388],[-52.1812305,-19.0365352],[-52.1782788,-19.0376593],[-52.1778329,-19.0379002],[-52.1770401,-19.0382415],[-52.1763393,-19.038489],[-52.174683,-19.0391983],[-52.1721914,-19.0401618],[-52.1701811,-19.0407908],[-52.1683761,-19.0412792],[-52.166741,-19.0417409],[-52.1661889,-19.0419885],[-52.1655448,-19.0424368],[-52.1652192,-19.0427513],[-52.1649148,-19.0430858],[-52.1642565,-19.0436144],[-52.1635416,-19.0439356],[-52.1628196,-19.0442032],[-52.1623807,-19.0444709],[-52.1619136,-19.0448991],[-52.1615596,-19.0453808],[-52.1610712,-19.0457823],[-52.1585089,-19.0489002],[-52.1578222,-19.0498102],[-52.1554157,-19.0529742]]]}},
{"type":"Feature","properties":{"osm_id":"733060611","code":5142,"fclass":"track","name":null,"ref":null,"oneway":"B","maxspeed":0,"layer":0,"bridge":"F","tunnel":"F"},"geometry":{"type":"MultiLineString","coordinates":[[[-52.1869062,-19.0342759],[-52.1872967,-19.0349895]]]}},
{"type":"Feature","properties":{"osm_id":"733060612","code":5142,"fclass":"track","name":null,"ref":null,"oneway":"B","maxspeed":0,"layer":0,"bridge":"F","tunnel":"F"},"geometry":{"type":"MultiLineString","coordinates":[[[-52.1828065,-19.0706728],[-52.1825919,-19.0708704],[-52.1820539,-19.0710577],[-52.1765186,-19.07172],[-52.1692916,-19.0725428],[-52.1644924,-19.0731315],[-52.1633033,-19.0730646],[-52.1621707,-19.0729308],[-52.1617177,-19.0728506]]]}},
{"type":"Feature","properties":{"osm_id":"733060613","code":5142,"fclass":"track","name":null,"ref":null,"oneway":"B","maxspeed":0,"layer":0,"bridge":"F","tunnel":"F"},"geometry":{"type":"MultiLineString","coordinates":[[[-52.190555,-19.0752696],[-52.1912323,-19.0738323]]]}},
{"type":"Feature","properties":{"osm_id":"733060614","code":5121,"fclass":"unclassified","name":null,"ref":null,"oneway":"B","maxspeed":0,"layer":0,"bridge":"F","tunnel":"F"},"geometry":{"type":"MultiLineString","coordinates":[[[-52.1726677,-19.1823647],[-52.175499,-19.1814355],[-52.1768014,-19.1810276],[-52.1780685,-19.1804928],[-52.1788471,-19.1801184],[-52.1804893,-19.1795034],[-52.1813599,-19.1791223],[-52.1816785,-19.1790421],[-52.1821386,-19.1792761],[-52.1823084,-19.1792293],[-52.1824854,-19.1789618],[-52.182849,-19.1779814],[-52.1832353,-19.1771707],[-52.1866149,-19.1727829],[-52.1873766,-19.1716783],[-52.1882242,-19.1705129],[-52.1897155,-19.168405],[-52.190606,-19.1670268],[-52.190842,-19.1664492],[-52.1912068,-19.1658614],[-52.1931702,-19.161453],[-52.1963137,-19.1545817],[-52.1966463,-19.1534871],[-52.1981484,-19.1467067],[-52.1983308,-19.1457337],[-52.1996397,-19.1420545],[-52.1999937,-19.1408991],[-52.2010451,-19.1372704],[-52.2010559,-19.1365812],[-52.2011739,-19.1342296],[-52.201764,-19.1335505],[-52.2020322,-19.1331349],[-52.2021717,-19.1320909],[-52.2030085,-19.127266],[-52.2035861,-19.1239541],[-52.2044495,-19.1189902],[-52.2049917,-19.1159975],[-52.20546,-19.1132785],[-52.2055402,-19.1127079],[-52.2055895,-19.1121955],[-52.2057127,-19.1117356],[-52.2059469,-19.1103207],[-52.2065076,-19.1072231],[-52.2075305,-19.1013771],[-52.2082392,-19.0971264],[-52.2087444,-19.0942498],[-52.2093052,-19.0912334],[-52.2093175,-19.0903308],[-52.2093052,-19.0898359],[-52.2093788,-19.0893802]]]}},
{"type":"Feature","properties":{"osm_id":"733060615","code":5121,"fclass":"unclassified","name":null,"ref":null,"oneway":"B","maxspeed":0,"layer":0,"bridge":"F","tunnel":"F"},"geometry":{"type":"MultiLineString","coordinates":[[[-52.2580576,-18.9455599],[-52.2594832,-18.9529155],[-52.261366,-18.9618838],[-52.2624007,-18.967057],[-52.2659608,-18.9842178],[-52.2675992,-18.9916891],[-52.2676122,-18.9917489],[-52.2678304,-18.9927516],[-52.2678914,-18.9930319],[-52.2695626,-19.0015998],[-52.2694407,-19.0026938],[-52.2689146,-19.0039805],[-52.2680127,-19.0050051],[-52.2667195,-19.0069651],[-52.2659881,-19.0081916],[-52.2652165,-19.0094901],[-52.2637134,-19.0114959],[-52.2631418,-19.0128013],[-52.2613679,-19.0150077],[-52.2612795,-19.0156193],[-52.2612414,-19.0159542],[-52.2613456,-19.0162149],[-52.2622755,-19.0170115],[-52.2627456,-19.0175065],[-52.2627211,-19.0176529],[-52.2621303,-19.0181628],[-52.2619434,-19.0184112],[-52.2618087,-19.0188953],[-52.2612854,-19.0208056],[-52.261261,-19.0212093],[-52.2612984,-19.0218652],[-52.2610724,-19.0224238],[-52.2607236,-19.0229221],[-52.260227,-19.0231874],[-52.257687,-19.0242773],[-52.2548007,-19.0256997],[-52.248868,-19.0285794],[-52.2482452,-19.0291468],[-52.2458724,-19.0315609],[-52.242926,-19.0345947],[-52.2414085,-19.03589],[-52.2414254,-19.0365096],[-52.2470722,-19.0354664],[-52.2474381,-19.0353898],[-52.2477793,-19.0355346],[-52.2482523,-19.0359872],[-52.2496309,-19.0362003],[-52.2509479,-19.0362038],[-52.2516963,-19.0364263],[-52.2527616,-19.0374071],[-52.2530076,-19.0379495],[-52.2530559,-19.0385721],[-52.2530933,-19.038725],[-52.2547437,-19.0398623],[-52.2565779,-19.0409837],[-52.2586796,-19.0421563],[-52.2593484,-19.0425213],[-52.2603298,-19.0428727],[-52.2613975,-19.0434455],[-52.2662171,-19.046082],[-52.2669177,-19.0464768],[-52.2672363,-19.0470347],[-52.2682073,-19.0483583],[-52.2689785,-19.0496856],[-52.2696573,-19.0509895],[-52.2721802,-19.0541134],[-52.2730822,-19.0551479],[-52.2735455,-19.05576],[-52.2734171,-19.0562555],[-52.2734685,-19.0565359],[-52.2737316,-19.0570619],[-52.2737629,-19.0586187],[-52.2737738,-19.0587749],[-52.2741421,-19.0591059],[-52.2743082,-19.0595221],[-52.2745235,-19.0596587],[-52.2746707,-19.0597106],[-52.2747555,-19.0600008],[-52.2756095,-19.0631174],[-52.2775659,-19.0709528],[-52.2782378,-19.0736433],[-52.2781392,-19.0738527],[-52.2776991,-19.0739699],[-52.2763585,-19.0741469],[-52.2756981,-19.0770931],[-52.2755268,-19.0781088],[-52.2733083,-19.0795561],[-52.2711792,-19.0812494],[-52.268352,-19.0833141],[-52.2681029,-19.0834734],[-52.2677725,-19.0839555],[-52.2677784,-19.0842433],[-52.2678226,-19.0844426],[-52.2665405,-19.084862],[-52.2654534,-19.0854582],[-52.2640761,-19.0861371],[-52.2638509,-19.0863728],[-52.2637071,-19.0867468],[-52.2631591,-19.089214],[-52.2461876,-19.0977552],[-52.2453161,-19.0981596],[-52.2437507,-19.098886],[-52.2301602,-19.1058346]]]}},
{"type":"Feature","properties":{"osm_id":"733060616","code":5142,"fclass":"track","name":null,"ref":null,"oneway":"B","maxspeed":0,"layer":0,"bridge":"F","tunnel":"F"},"geometry":{"type":"MultiLineString","coordinates":[[[-52.2594832,-18.9529155],[-52.2630254,-18.9544696],[-52.2636483,-18.954657],[-52.2668336,-18.9553265]]]}},
{"type":"Feature","properties":{"osm_id":"733060617","code":5142,"fclass":"track","name":null,"ref":null,"oneway":"B","maxspeed":0,"layer":0,"bridge":"F","tunnel":"F"},"geometry":{"type":"MultiLineString","coordinates":[[[-52.261366,-18.9618838],[-52.2644953,-18.9613074]]]}},
{"type":"Feature","properties":{"osm_id":"733060618","code":5141,"fclass":"service","name":null,"ref":null,"oneway":"B","maxspeed":0,"layer":0,"bridge":"F","tunnel":"F"},"geometry":{"type":"MultiLineString","coordinates":[[[-52.2624007,-18.967057],[-52.2571182,-18.9676848],[-52.2564759,-18.967782],[-52.2558491,-18.967874]]]}},
{"type":"Feature","properties":{"osm_id":"733060619","code":5142,"fclass":"track","name":null,"ref":null,"oneway":"B","maxspeed":0,"layer":0,"bridge":"F","tunnel":"F"},"geometry":{"type":"MultiLineString","coordinates":[[[-52.2676122,-18.9917489],[-52.2674773,-18.9922832],[-52.2678304,-18.9927516]]]}},
{"type":"Feature","properties":{"osm_id":"733060621","code":5142,"fclass":"track","name":null,"ref":null,"oneway":"B","maxspeed":0,"layer":0,"bridge":"F","tunnel":"F"},"geometry":{"type":"MultiLineString","coordinates":[[[-52.2613679,-19.0150077],[-52.2611995,-19.0151071],[-52.2604804,-19.0159283]]]}},
{"type":"Feature","properties":{"osm_id":"733060623","code":5142,"fclass":"track","name":null,"ref":null,"oneway":"B","maxspeed":0,"layer":0,"bridge":"F","tunnel":"F"},"geometry":{"type":"MultiLineString","coordinates":[[[-52.2414254,-19.0365096],[-52.2411214,-19.0364829],[-52.2410758,-19.0364348]]]}},
{"type":"Feature","properties":{"osm_id":"733060624","code":5142,"fclass":"track","name":null,"ref":null,"oneway":"B","maxspeed":0,"layer":0,"bridge":"F","tunnel":"F"},"geometry":{"type":"MultiLineString","coordinates":[[[-52.2775659,-19.0709528],[-52.278873,-19.0708008],[-52.2794801,-19.0706772]]]}},
{"type":"Feature","properties":{"osm_id":"733060625","code":5142,"fclass":"track","name":null,"ref":null,"oneway":"B","maxspeed":0,"layer":0,"bridge":"F","tunnel":"F"},"geometry":{"type":"MultiLineString","coordinates":[[[-52.2755268,-19.0781088],[-52.2767955,-19.0774838]]]}},
{"type":"Feature","properties":{"osm_id":"733060626","code":5142,"fclass":"track","name":null,"ref":null,"oneway":"B","maxspeed":0,"layer":0,"bridge":"F","tunnel":"F"},"geometry":{"type":"MultiLineString","coordinates":[[[-52.2453161,-19.0981596],[-52.2446992,-19.096466],[-52.2446134,-19.0934853],[-52.2446134,-19.0919442]]]}},
{"type":"Feature","properties":{"osm_id":"733060627","code":5142,"fclass":"track","name":null,"ref":null,"oneway":"B","maxspeed":0,"layer":0,"bridge":"F","tunnel":"F"},"geometry":{"type":"MultiLineString","coordinates":[[[-52.2613771,-19.1179029],[-52.2607669,-19.1159589]]]}},
{"type":"Feature","properties":{"osm_id":"733060628","code":5142,"fclass":"track","name":null,"ref":null,"oneway":"B","maxspeed":0,"layer":0,"bridge":"F","tunnel":"F"},"geometry":{"type":"MultiLineString","coordinates":[[[-52.3301145,-19.1480194],[-52.3301664,-19.1479225],[-52.3301882,-19.1479006],[-52.3302124,-19.1478857],[-52.3302382,-19.1478815],[-52.3302608,-19.1478834],[-52.330294,-19.1478899],[-52.3303233,-19.1479],[-52.3304608,-19.1479621],[-52.3304927,-19.1479727],[-52.3305181,-19.1479754],[-52.3305394,-19.1479735],[-52.3305592,-19.1479663],[-52.3305872,-19.1479462],[-52.3306298,-19.1479016]]]}},
{"type":"Feature","properties":{"osm_id":"733060629","code":5121,"fclass":"unclassified","name":null,"ref":null,"oneway":"B","maxspeed":0,"layer":0,"bridge":"F","tunnel":"F"},"geometry":{"type":"MultiLineString","coordinates":[[[-52.3321831,-19.1485509],[-52.3321301,-19.1488777],[-52.332102,-19.1489962],[-52.3320685,-19.1490906],[-52.3320168,-19.1491837],[-52.3319444,-19.1493091],[-52.3314992,-19.1500382],[-52.3305862,-19.1515578],[-52.3301286,-19.1523275],[-52.3294583,-19.153473],[-52.3291884,-19.1538996],[-52.3289819,-19.1542088],[-52.3288042,-19.1544653],[-52.3287754,-19.1545166],[-52.328761,-19.1545885],[-52.3287623,-19.1546496],[-52.3287764,-19.1547079],[-52.3288066,-19.1547598],[-52.3288465,-19.1548029],[-52.3289873,-19.1549169],[-52.3291539,-19.1550503],[-52.3292615,-19.1551554],[-52.3294231,-19.1553134]]]}},
{"type":"Feature","properties":{"osm_id":"733060630","code":5141,"fclass":"service","name":null,"ref":null,"oneway":"B","maxspeed":0,"layer":0,"bridge":"F","tunnel":"F"},"geometry":{"type":"MultiLineString","coordinates":[[[-52.3527349,-19.1396228],[-52.352759,-19.1393789],[-52.3527617,-19.1393199],[-52.352759,-19.1392452],[-52.3527503,-19.1391926],[-52.3527309,-19.139135],[-52.3526672,-19.1390064],[-52.3524921,-19.1386827],[-52.3521347,-19.13811],[-52.3520087,-19.1378851],[-52.3519161,-19.1376881],[-52.3518357,-19.1374626],[-52.3517458,-19.1371724],[-52.3516949,-19.136964],[-52.3516576,-19.1368316],[-52.3516164,-19.1367188],[-52.3515688,-19.1366061],[-52.3514957,-19.1364667],[-52.3513757,-19.1362912],[-52.3512442,-19.136136],[-52.3510659,-19.1359168]]]}},
{"type":"Feature","properties":{"osm_id":"733060631","code":5141,"fclass":"service","name":null,"ref":null,"oneway":"B","maxspeed":0,"layer":0,"bridge":"F","tunnel":"F"},"geometry":{"type":"MultiLineString","coordinates":[[[-52.3647686,-19.1358997],[-52.3651354,-19.1366834],[-52.3664443,-19.1393909]]]}},
{"type":"Feature","properties":{"osm_id":"733060632","code":5141,"fclass":"service","name":null,"ref":null,"oneway":"B","maxspeed":0,"layer":0,"bridge":"F","tunnel":"F"},"geometry":{"type":"MultiLineString","coordinates":[[[-52.3750342,-19.138873],[-52.374938,-19.1391236],[-52.3748906,-19.1392059],[-52.3748142,-19.1392946],[-52.374544,-19.1394507]]]}},
{"type":"Feature","properties":{"osm_id":"733060633","code":5121,"fclass":"unclassified","name":null,"ref":null,"oneway":"B","maxspeed":0,"layer":1,"bridge":"T","tunnel":"F"},"geometry":{"type":"MultiLineString","coordinates":[[[-52.3780263,-19.1464039],[-52.3778911,-19.1459618]]]}},
{"type":"Feature","properties":{"osm_id":"733060634","code":5121,"fclass":"unclassified","name":null,"ref":null,"oneway":"B","maxspeed":0,"layer":0,"bridge":"F","tunnel":"F"},"geometry":{"type":"MultiLineString","coordinates":[[[-52.3778911,-19.1459618],[-52.3774883,-19.1448667],[-52.3772818,-19.1443016],[-52.3770877,-19.1437507],[-52.3761848,-19.1414713],[-52.3757315,-19.1403133],[-52.3753677,-19.1393424],[-52.3752514,-19.1391299],[-52.3751548,-19.1389931],[-52.3750342,-19.138873],[-52.3744293,-19.1384901],[-52.373803,-19.1381189],[-52.3725477,-19.1373422],[-52.3710336,-19.1363805],[-52.3702772,-19.1359023],[-52.3701518,-19.1358395],[-52.3699976,-19.1357863],[-52.3698185,-19.1357521],[-52.3696429,-19.1357413],[-52.3694511,-19.1357553],[-52.3689703,-19.1358294],[-52.3683038,-19.1359745],[-52.3680932,-19.1360277],[-52.3678873,-19.1360701],[-52.3676922,-19.1360866],[-52.3675071,-19.1360866],[-52.3666307,-19.1360207],[-52.3657483,-19.1359599],[-52.3647686,-19.1358997],[-52.3627053,-19.1358041],[-52.3618175,-19.1357686],[-52.3615748,-19.1357813],[-52.3613884,-19.1358117],[-52.3611993,-19.1358604],[-52.3609357,-19.1359669],[-52.3599319,-19.1364211],[-52.3587035,-19.1369798],[-52.3575126,-19.1375082],[-52.3555063,-19.1384267],[-52.3527349,-19.1396228],[-52.3517069,-19.1400776],[-52.3513918,-19.1402214],[-52.3512308,-19.1403088],[-52.3511148,-19.1403893],[-52.3509794,-19.1404995],[-52.3506689,-19.140796],[-52.347929,-19.1433007],[-52.3459294,-19.1451378],[-52.3451583,-19.1458359],[-52.3433921,-19.1474309],[-52.3429891,-19.1477907],[-52.3428543,-19.1479288],[-52.3427537,-19.1480536],[-52.3426344,-19.1482215],[-52.3423769,-19.148637],[-52.3422153,-19.1489392],[-52.3420899,-19.1492096],[-52.3419571,-19.1494896],[-52.3417713,-19.1498361],[-52.3416091,-19.1500825],[-52.3414803,-19.1502371],[-52.3413549,-19.1503682],[-52.3412367,-19.1504769],[-52.3410995,-19.1505646],[-52.3409674,-19.1506292],[-52.3408279,-19.150664],[-52.3407045,-19.1506761],[-52.3405831,-19.1506659],[-52.3404269,-19.1506374],[-52.339303,-19.1503473],[-52.3364485,-19.1495942],[-52.3345073,-19.1490855],[-52.3337556,-19.1489024],[-52.3332104,-19.1487827],[-52.3321831,-19.1485509],[-52.3309346,-19.1482785],[-52.3304638,-19.148148],[-52.3301145,-19.1480194],[-52.3298121,-19.1478832],[-52.3294634,-19.1477109],[-52.3291884,-19.1475373],[-52.3289779,-19.147379],[-52.3287405,-19.1471497],[-52.3284535,-19.1468203],[-52.328027,-19.1463072],[-52.325487,-19.1432545],[-52.3226868,-19.1399484],[-52.3215777,-19.1386472],[-52.3210251,-19.1379909],[-52.320832,-19.1377717],[-52.3206939,-19.1376412],[-52.320486,-19.1374942],[-52.3202339,-19.1373637],[-52.3199992,-19.1372877],[-52.3197202,-19.1372079],[-52.3190819,-19.1371116],[-52.317773,-19.1369203],[-52.3141446,-19.1363818],[-52.3123106,-19.1360993],[-52.3060775,-19.1351405],[-52.3027919,-19.1346413],[-52.2978056,-19.1338836],[-52.2973061,-19.1338204],[-52.2921944,-19.1331741],[-52.2915399,-19.1330829],[-52.2896731,-19.133093],[-52.2891903,-19.1329409],[-52.2829247,-19.1281769],[-52.2809398,-19.1266463],[-52.2793198,-19.1255921],[-52.27844,-19.1251866],[-52.2745562,-19.1236965],[-52.2739446,-19.1232505],[-52.2705972,-19.12025],[-52.2703779,-19.1200459],[-52.2698999,-19.1196012],[-52.2696551,-19.119438],[-52.2692883,-19.1193275],[-52.2672284,-19.1187902],[-52.2665032,-19.118623],[-52.2615528,-19.1179286],[-52.2613771,-19.1179029],[-52.2607502,-19.1177816],[-52.2576475,-19.1167121],[-52.251178,-19.1140562],[-52.2423911,-19.1106297],[-52.2301602,-19.1058346],[-52.2292698,-19.1051756],[-52.2232187,-19.1006541],[-52.2183106,-19.0966588],[-52.2139275,-19.0930908],[-52.2093788,-19.0893802],[-52.2058487,-19.0865006],[-52.2024252,-19.0836293],[-52.2020547,-19.083329],[-52.1966755,-19.078886],[-52.190555,-19.0752696],[-52.1895194,-19.0746578],[-52.1878886,-19.0735931],[-52.1828065,-19.0706728],[-52.1811831,-19.0697399],[-52.1758831,-19.0666877],[-52.1694672,-19.0627127],[-52.1637595,-19.0590722],[-52.1583843,-19.0550666],[-52.1567321,-19.0538294],[-52.1554157,-19.0529742],[-52.1529234,-19.051355],[-52.1518719,-19.0507262],[-52.1515501,-19.0504727],[-52.1512175,-19.0501076],[-52.1509814,-19.0497831],[-52.1506381,-19.0496208],[-52.1497798,-19.0492557],[-52.1487606,-19.0486574],[-52.1448767,-19.0459598],[-52.1421409,-19.0439213],[-52.1418405,-19.0435968],[-52.1387398,-19.0389011],[-52.1317446,-19.0283228],[-52.1289337,-19.0240324],[-52.1286225,-19.0234441],[-52.1264446,-19.0202694],[-52.1260262,-19.0192652],[-52.1228397,-19.0105926],[-52.1215415,-19.007377],[-52.1210802,-19.0066568],[-52.1184693,-19.0027638]]]}},
{"type":"Feature","properties":{"osm_id":"733060635","code":5142,"fclass":"track","name":null,"ref":null,"oneway":"B","maxspeed":0,"layer":0,"bridge":"F","tunnel":"F"},"geometry":{"type":"MultiLineString","coordinates":[[[-52.430368,-19.203244],[-52.4315632,-19.2016155],[-52.4327434,-19.1994473],[-52.4343956,-19.1967521],[-52.4368847,-19.1950093]]]}},
{"type":"Feature","properties":{"osm_id":"733060636","code":5142,"fclass":"track","name":null,"ref":null,"oneway":"B","maxspeed":0,"layer":0,"bridge":"F","tunnel":"F"},"geometry":{"type":"MultiLineString","coordinates":[[[-52.4775971,-19.2335182],[-52.4778173,-19.2333707],[-52.4786434,-19.2330567],[-52.4792121,-19.2326819]]]}},
{"type":"Feature","properties":{"osm_id":"733060637","code":5121,"fclass":"unclassified","name":null,"ref":null,"oneway":"B","maxspeed":50,"layer":0,"bridge":"F","tunnel":"F"},"geometry":{"type":"MultiLineString","coordinates":[[[-52.3851543,-19.1618942],[-52.3853713,-19.1618148],[-52.3855658,-19.1617882],[-52.3857321,-19.1617869],[-52.3862162,-19.1617945],[-52.3873848,-19.1618051],[-52.3877719,-19.1617768],[-52.3881233,-19.161716],[-52.3885628,-19.1616061],[-52.3908118,-19.1608386],[-52.391523,-19.1606405],[-52.3921459,-19.1604344],[-52.3932651,-19.1600286],[-52.394354,-19.1596638],[-52.3965039,-19.1588775],[-52.3973621,-19.1585806],[-52.3981977,-19.1582842],[-52.3998973,-19.1576907],[-52.4011172,-19.1572517],[-52.4014324,-19.1571478],[-52.4017207,-19.1570389],[-52.4023065,-19.1568051],[-52.4033421,-19.1564802],[-52.404352,-19.1561394],[-52.4048375,-19.1559621],[-52.4053578,-19.1557847],[-52.4063459,-19.1554439],[-52.4068357,-19.155264],[-52.4070758,-19.1551412],[-52.4072934,-19.1550154],[-52.4088755,-19.1540111],[-52.4104433,-19.1530154],[-52.4135626,-19.1510278],[-52.4148864,-19.1501852],[-52.4161577,-19.1493642],[-52.4175069,-19.1485179],[-52.4181747,-19.1480922],[-52.4185476,-19.1478313],[-52.418852,-19.147584],[-52.4208516,-19.145082],[-52.4224636,-19.1430093],[-52.4242634,-19.1406579],[-52.4251512,-19.1395429],[-52.4256152,-19.1389753],[-52.426079,-19.1384684],[-52.4267283,-19.1376678],[-52.4270582,-19.1372446],[-52.42736,-19.136862],[-52.4286061,-19.1352468],[-52.4335498,-19.1289816],[-52.4336971,-19.1288822],[-52.4338865,-19.1289419],[-52.4340549,-19.1291208],[-52.4380963,-19.1306519],[-52.438412,-19.1305922],[-52.4414216,-19.1194874],[-52.4414565,-19.1193956],[-52.44159,-19.1190438],[-52.4415479,-19.118825],[-52.4412322,-19.1187057],[-52.4411901,-19.118487],[-52.4413795,-19.1165979],[-52.4424318,-19.1152854]]]}},
{"type":"Feature","properties":{"osm_id":"733060638","code":5141,"fclass":"service","name":null,"ref":null,"oneway":"B","maxspeed":0,"layer":0,"bridge":"F","tunnel":"F"},"geometry":{"type":"MultiLineString","coordinates":[[[-52.3027919,-19.1346413],[-52.3030362,-19.1342251],[-52.3046454,-19.130631],[-52.3049201,-19.1301889],[-52.3058778,-19.129292]]]}},
{"type":"Feature","properties":{"osm_id":"733060639","code":5142,"fclass":"track","name":null,"ref":null,"oneway":"B","maxspeed":0,"layer":0,"bridge":"F","tunnel":"F"},"geometry":{"type":"MultiLineString","coordinates":[[[-52.2183106,-19.0966588],[-52.2152359,-19.1013546],[-52.2148374,-19.1018003]]]}},
{"type":"Feature","properties":{"osm_id":"733060640","code":5141,"fclass":"service","name":null,"ref":null,"oneway":"B","maxspeed":0,"layer":0,"bridge":"F","tunnel":"F"},"geometry":{"type":"MultiLineString","coordinates":[[[-52.1203957,-19.002338],[-52.1203807,-19.0020491],[-52.120467,-19.0007731],[-52.1205347,-18.9999633],[-52.1205656,-18.9994389],[-52.1206475,-18.9980937],[-52.1207475,-18.9967025],[-52.1208291,-18.9963106],[-52.1209013,-18.9959327],[-52.1209002,-18.9956639],[-52.1209059,-18.99544],[-52.1209377,-18.9953393],[-52.120994,-18.9952518],[-52.1211336,-18.995156],[-52.1214489,-18.9949973],[-52.1225661,-18.994479],[-52.1229681,-18.9942868],[-52.1233504,-18.9941257],[-52.1241211,-18.9937814]]]}},
{"type":"Feature","properties":{"osm_id":"733064946","code":5141,"fclass":"service","name":null,"ref":null,"oneway":"B","maxspeed":0,"layer":0,"bridge":"F","tunnel":"F"},"geometry":{"type":"MultiLineString","coordinates":[[[-52.1497089,-18.9908767],[-52.148261,-18.9893437],[-52.144206,-18.9849489],[-52.142586,-18.9832494],[-52.1407324,-18.9813112],[-52.1389958,-18.9794569],[-52.1388602,-18.979272],[-52.1388314,-18.9791788],[-52.138816,-18.9790856],[-52.1388194,-18.9789049],[-52.1390181,-18.9781268],[-52.1393263,-18.9769079],[-52.1393652,-18.9766652],[-52.1394114,-18.9764274],[-52.1395131,-18.9760158],[-52.1396783,-18.9754052],[-52.1398446,-18.9748104],[-52.1400881,-18.9736284],[-52.1402094,-18.973007],[-52.1403712,-18.9724084],[-52.140485,-18.9721661],[-52.1406157,-18.9719366],[-52.140774,-18.9717197],[-52.1409328,-18.9715289],[-52.1412621,-18.9712137],[-52.1414378,-18.9710716],[-52.1415733,-18.9709727],[-52.1417097,-18.9709116],[-52.1423592,-18.9706886],[-52.1426958,-18.9705732],[-52.1428607,-18.9705136],[-52.1429425,-18.9704717],[-52.1429958,-18.9704145],[-52.1432024,-18.9693207]]]}},
{"type":"Feature","properties":{"osm_id":"733064947","code":5121,"fclass":"unclassified","name":null,"ref":null,"oneway":"B","maxspeed":0,"layer":0,"bridge":"F","tunnel":"F"},"geometry":{"type":"MultiLineString","coordinates":[[[-52.4045986,-18.8906473],[-52.4040984,-18.8892947],[-52.3998591,-18.8778609],[-52.3982249,-18.8735385],[-52.3974429,-18.8690027],[-52.3975654,-18.8688773],[-52.4025063,-18.8687624],[-52.4028145,-18.8687447],[-52.4028814,-18.8683998],[-52.4028425,-18.8679758],[-52.4008624,-18.8679316],[-52.397416,-18.8680907],[-52.3972945,-18.8679758],[-52.3966434,-18.8639903],[-52.3965368,-18.8629052],[-52.3959822,-18.858835],[-52.3957973,-18.8551263],[-52.3954522,-18.848525],[-52.3952797,-18.8461456],[-52.3950209,-18.8432997],[-52.3947621,-18.8429498],[-52.3882672,-18.8377127],[-52.3871088,-18.8368496]]]}},
{"type":"Feature","properties":{"osm_id":"733064948","code":5142,"fclass":"track","name":null,"ref":null,"oneway":"B","maxspeed":0,"layer":0,"bridge":"F","tunnel":"F"},"geometry":{"type":"MultiLineString","coordinates":[[[-52.4102701,-18.8881064],[-52.4083554,-18.8834567]]]}},
{"type":"Feature","properties":{"osm_id":"733064949","code":5142,"fclass":"track","name":null,"ref":null,"oneway":"B","maxspeed":0,"layer":0,"bridge":"F","tunnel":"F"},"geometry":{"type":"MultiLineString","coordinates":[[[-52.4282646,-18.880029],[-52.4287273,-18.8817192]]]}},
{"type":"Feature","properties":{"osm_id":"733064950","code":5121,"fclass":"unclassified","name":null,"ref":null,"oneway":"B","maxspeed":0,"layer":0,"bridge":"F","tunnel":"F"},"geometry":{"type":"MultiLineString","coordinates":[[[-52.4474034,-18.8988308],[-52.4472579,-18.8987468],[-52.4470028,-18.8985872],[-52.4468781,-18.8985108],[-52.4467443,-18.8984391],[-52.4463871,-18.8982638],[-52.4441501,-18.8972358],[-52.44405,-18.897214],[-52.4439488,-18.8972204],[-52.4438987,-18.8972444],[-52.4437992,-18.8973219],[-52.4435306,-18.8975859],[-52.4428082,-18.8983528],[-52.4427572,-18.8984093],[-52.4427049,-18.8984987],[-52.4426439,-18.8986351],[-52.4426036,-18.8986814],[-52.4425808,-18.8986941],[-52.4425352,-18.8987024],[-52.4424984,-18.8986941],[-52.4424618,-18.8986708],[-52.4423676,-18.898592],[-52.442324,-18.8985247],[-52.4422966,-18.8984556],[-52.4420705,-18.896598],[-52.4416973,-18.8940901],[-52.4411593,-18.8906412],[-52.4406143,-18.886509],[-52.4404629,-18.8848984],[-52.4403241,-18.8834215],[-52.4400905,-18.8814189],[-52.439602,-18.8774492],[-52.4392733,-18.8750872]]]}},
{"type":"Feature","properties":{"osm_id":"733064951","code":5142,"fclass":"track","name":null,"ref":null,"oneway":"B","maxspeed":0,"layer":0,"bridge":"F","tunnel":"F"},"geometry":{"type":"MultiLineString","coordinates":[[[-52.4404629,-18.8848984],[-52.4389846,-18.8855601],[-52.433833,-18.8878662],[-52.4312565,-18.8890048]]]}},
{"type":"Feature","properties":{"osm_id":"733064952","code":5142,"fclass":"track","name":null,"ref":null,"oneway":"B","maxspeed":0,"layer":0,"bridge":"F","tunnel":"F"},"geometry":{"type":"MultiLineString","coordinates":[[[-52.4389846,-18.8855601],[-52.4385048,-18.8854887],[-52.438165,-18.8853748],[-52.4380234,-18.8853079],[-52.4377615,-18.8848391],[-52.4374501,-18.8847453],[-52.4373227,-18.8848993]]]}},
{"type":"Feature","properties":{"osm_id":"733064953","code":5142,"fclass":"track","name":null,"ref":null,"oneway":"B","maxspeed":0,"layer":0,"bridge":"F","tunnel":"F"},"geometry":{"type":"MultiLineString","coordinates":[[[-52.4524451,-18.8691742],[-52.451415,-18.8661861]]]}},
{"type":"Feature","properties":{"osm_id":"770733517","code":5133,"fclass":"primary_link","name":null,"ref":null,"oneway":"F","maxspeed":40,"layer":0,"bridge":"F","tunnel":"F"},"geometry":{"type":"MultiLineString","coordinates":[[[-51.9554316,-19.0551993],[-51.955546,-19.0552235],[-51.9556586,-19.0552411],[-51.9557713,-19.0552526],[-51.95605,-19.0552663]]]}},
{"type":"Feature","properties":{"osm_id":"770733518","code":5133,"fclass":"primary_link","name":null,"ref":null,"oneway":"F","maxspeed":40,"layer":0,"bridge":"F","tunnel":"F"},"geometry":{"type":"MultiLineString","coordinates":[[[-51.9546964,-19.0554859],[-51.9550257,-19.0553832],[-51.9551101,-19.0553477],[-51.9551689,-19.0553099]]]}},
{"type":"Feature","properties":{"osm_id":"770733519","code":5115,"fclass":"tertiary","name":null,"ref":"MS-426","oneway":"F","maxspeed":0,"layer":0,"bridge":"F","tunnel":"F"},"geometry":{"type":"MultiLineString","coordinates":[[[-51.9555421,-19.0554658],[-51.9555554,-19.0555353],[-51.9555769,-19.0556062],[-51.9556077,-19.0556671],[-51.9556712,-19.0557699]]]}},
{"type":"Feature","properties":{"osm_id":"770733520","code":5115,"fclass":"tertiary","name":null,"ref":"MS-426","oneway":"F","maxspeed":0,"layer":0,"bridge":"F","tunnel":"F"},"geometry":{"type":"MultiLineString","coordinates":[[[-51.9551689,-19.0553099],[-51.9551946,-19.0552656],[-51.9552419,-19.0552218],[-51.9553015,-19.0551946],[-51.9553672,-19.0551869],[-51.9554,-19.0551906],[-51.9554316,-19.0551993]]]}},
{"type":"Feature","properties":{"osm_id":"770733521","code":5115,"fclass":"tertiary","name":null,"ref":"MS-426","oneway":"B","maxspeed":0,"layer":0,"bridge":"F","tunnel":"F"},"geometry":{"type":"MultiLineString","coordinates":[[[-51.9371051,-18.9857064],[-51.9380888,-18.9867694],[-51.938239,-18.9869495],[-51.9387723,-18.9883388],[-51.9456957,-18.9986912],[-51.9480061,-19.0238885],[-51.9484156,-19.0454041],[-51.9484679,-19.0464791],[-51.9551053,-19.0550194]]]}},
{"type":"Feature","properties":{"osm_id":"773857763","code":5121,"fclass":"unclassified","name":null,"ref":null,"oneway":"B","maxspeed":0,"layer":0,"bridge":"F","tunnel":"F"},"geometry":{"type":"MultiLineString","coordinates":[[[-51.7258311,-19.2393066],[-51.7258201,-19.239414],[-51.7258579,-19.2394627],[-51.7302903,-19.2405618],[-51.7305198,-19.2406298],[-51.730614,-19.2406833],[-51.7306393,-19.2408082],[-51.7303979,-19.2417223],[-51.7300672,-19.2422486]]]}},
{"type":"Feature","properties":{"osm_id":"773857767","code":5121,"fclass":"unclassified","name":null,"ref":null,"oneway":"B","maxspeed":0,"layer":0,"bridge":"F","tunnel":"F"},"geometry":{"type":"MultiLineString","coordinates":[[[-51.7396275,-19.2225248],[-51.7397783,-19.2228759],[-51.7445776,-19.2301096],[-51.744624,-19.2301795],[-51.7461988,-19.2318879]]]}},
{"type":"Feature","properties":{"osm_id":"773857768","code":5121,"fclass":"unclassified","name":null,"ref":null,"oneway":"B","maxspeed":0,"layer":0,"bridge":"F","tunnel":"F"},"geometry":{"type":"MultiLineString","coordinates":[[[-51.7445776,-19.2301096],[-51.7418158,-19.241016],[-51.7416878,-19.2417728],[-51.7402721,-19.2415869],[-51.7399728,-19.2414348],[-51.7381638,-19.2405153],[-51.7372049,-19.2401197]]]}},
{"type":"Feature","properties":{"osm_id":"784791792","code":5121,"fclass":"unclassified","name":null,"ref":null,"oneway":"B","maxspeed":0,"layer":1,"bridge":"T","tunnel":"F"},"geometry":{"type":"MultiLineString","coordinates":[[[-51.929119245234787,-18.976993840502548],[-51.9290538,-18.9774736]]]}},
{"type":"Feature","properties":{"osm_id":"796363512","code":5153,"fclass":"footway","name":null,"ref":null,"oneway":"B","maxspeed":0,"layer":0,"bridge":"F","tunnel":"F"},"geometry":{"type":"MultiLineString","coordinates":[[[-51.7305236,-19.1164504],[-51.7305998,-19.1165956],[-51.7304744,-19.1168099],[-51.7304825,-19.1168461],[-51.730518,-19.1168794],[-51.7305951,-19.116913],[-51.7306354,-19.1169188]]]}},
{"type":"Feature","properties":{"osm_id":"801788495","code":5122,"fclass":"residential","name":"Avenida Samir M. Alawi","ref":null,"oneway":"B","maxspeed":0,"layer":0,"bridge":"F","tunnel":"F"},"geometry":{"type":"MultiLineString","coordinates":[[[-51.7406608,-19.1236602],[-51.7405665,-19.1239696]]]}},
{"type":"Feature","properties":{"osm_id":"801788496","code":5122,"fclass":"residential","name":"Avenida Samir M. Alawi","ref":null,"oneway":"B","maxspeed":0,"layer":0,"bridge":"F","tunnel":"F"},"geometry":{"type":"MultiLineString","coordinates":[[[-51.7404139,-19.1239351],[-51.7404399,-19.1238492],[-51.7404848,-19.1236988]]]}},
{"type":"Feature","properties":{"osm_id":"802975575","code":5121,"fclass":"unclassified","name":null,"ref":null,"oneway":"B","maxspeed":0,"layer":0,"bridge":"F","tunnel":"F"},"geometry":{"type":"MultiLineString","coordinates":[[[-51.7430675,-19.144704],[-51.7426916,-19.1448787],[-51.7406828,-19.1463631],[-51.7403237,-19.146395]]]}},
{"type":"Feature","properties":{"osm_id":"802975576","code":5122,"fclass":"residential","name":null,"ref":null,"oneway":"B","maxspeed":0,"layer":0,"bridge":"F","tunnel":"F"},"geometry":{"type":"MultiLineString","coordinates":[[[-51.7361074,-19.1038729],[-51.7361453,-19.1030682],[-51.7361512,-19.102943]]]}},
{"type":"Feature","properties":{"osm_id":"802975577","code":5122,"fclass":"residential","name":null,"ref":null,"oneway":"F","maxspeed":0,"layer":0,"bridge":"F","tunnel":"F"},"geometry":{"type":"MultiLineString","coordinates":[[[-51.7358126,-19.1024841],[-51.7356625,-19.1025635],[-51.7356142,-19.1025698],[-51.7355418,-19.1025483],[-51.7354687,-19.1024779]]]}},
{"type":"Feature","properties":{"osm_id":"802975578","code":5122,"fclass":"residential","name":null,"ref":null,"oneway":"B","maxspeed":0,"layer":0,"bridge":"F","tunnel":"F"},"geometry":{"type":"MultiLineString","coordinates":[[[-51.736508,-19.1009104],[-51.7365147,-19.1008235]]]}},
{"type":"Feature","properties":{"osm_id":"802975579","code":5122,"fclass":"residential","name":"Avenida Afonso Vendrame","ref":null,"oneway":"B","maxspeed":0,"layer":0,"bridge":"F","tunnel":"F"},"geometry":{"type":"MultiLineString","coordinates":[[[-51.7347848,-19.1002851],[-51.7349026,-19.1002033],[-51.735059,-19.1001836],[-51.7352548,-19.1002317],[-51.7355714,-19.1004648],[-51.7356183,-19.1004649],[-51.7356897,-19.1004953],[-51.7365147,-19.1008235],[-51.7367354,-19.1009211]]]}},
{"type":"Feature","properties":{"osm_id":"802975583","code":5142,"fclass":"track","name":null,"ref":null,"oneway":"B","maxspeed":0,"layer":0,"bridge":"F","tunnel":"F"},"geometry":{"type":"MultiLineString","coordinates":[[[-51.7433485,-19.1120922],[-51.7434999,-19.1121386],[-51.7437306,-19.1121462],[-51.7441839,-19.1122704]]]}},
{"type":"Feature","properties":{"osm_id":"802975584","code":5141,"fclass":"service","name":null,"ref":null,"oneway":"B","maxspeed":0,"layer":0,"bridge":"F","tunnel":"F"},"geometry":{"type":"MultiLineString","coordinates":[[[-51.7153394,-19.1247719],[-51.7172197,-19.1242017]]]}},
{"type":"Feature","properties":{"osm_id":"802975585","code":5141,"fclass":"service","name":null,"ref":null,"oneway":"B","maxspeed":0,"layer":0,"bridge":"F","tunnel":"F"},"geometry":{"type":"MultiLineString","coordinates":[[[-51.7153394,-19.1247719],[-51.7162031,-19.1262608]]]}},
{"type":"Feature","properties":{"osm_id":"802975586","code":5141,"fclass":"service","name":null,"ref":null,"oneway":"B","maxspeed":0,"layer":0,"bridge":"F","tunnel":"F"},"geometry":{"type":"MultiLineString","coordinates":[[[-51.7177032,-19.1253791],[-51.7172197,-19.1242017]]]}},
{"type":"Feature","properties":{"osm_id":"802975587","code":5141,"fclass":"service","name":null,"ref":null,"oneway":"B","maxspeed":0,"layer":0,"bridge":"F","tunnel":"F"},"geometry":{"type":"MultiLineString","coordinates":[[[-51.7162803,-19.1263863],[-51.7162031,-19.1262608],[-51.7177032,-19.1253791],[-51.719767,-19.124182],[-51.7198113,-19.1241726],[-51.7199864,-19.1241708]]]}},
{"type":"Feature","properties":{"osm_id":"802975588","code":5122,"fclass":"residential","name":null,"ref":null,"oneway":"B","maxspeed":0,"layer":0,"bridge":"F","tunnel":"F"},"geometry":{"type":"MultiLineString","coordinates":[[[-51.7217767,-19.1091049],[-51.7217821,-19.1084232],[-51.7215514,-19.1077693]]]}},
{"type":"Feature","properties":{"osm_id":"802975589","code":5122,"fclass":"residential","name":"Rua Pequi","ref":null,"oneway":"B","maxspeed":0,"layer":0,"bridge":"F","tunnel":"F"},"geometry":{"type":"MultiLineString","coordinates":[[[-51.7227745,-19.1090466],[-51.7217767,-19.1091049]]]}},
{"type":"Feature","properties":{"osm_id":"803440984","code":5115,"fclass":"tertiary","name":null,"ref":"MS-426","oneway":"B","maxspeed":0,"layer":0,"bridge":"F","tunnel":"F"},"geometry":{"type":"MultiLineString","coordinates":[[[-51.9556712,-19.0557699],[-51.9564861,-19.0567864],[-51.9572157,-19.0577143],[-51.9586694,-19.0595701],[-51.9615448,-19.0632764],[-51.9644898,-19.0670182],[-51.9659382,-19.0688688],[-51.9667643,-19.069898],[-51.9672579,-19.0705368],[-51.9676894,-19.0711045],[-51.9677272,-19.0711807],[-51.9677594,-19.0712517],[-51.9678399,-19.071457],[-51.9680089,-19.0718753],[-51.9682878,-19.072504],[-51.9685695,-19.0731529],[-51.9687064,-19.0735281],[-51.9688082,-19.073807],[-51.9698757,-19.0764382],[-51.9704658,-19.0778197],[-51.9710183,-19.0791708],[-51.9721046,-19.0818502],[-51.9743389,-19.0872619],[-51.9754708,-19.0899893],[-51.9762808,-19.0919461],[-51.9764924,-19.0925694],[-51.976549,-19.0927774],[-51.9765008,-19.0930258],[-51.9763666,-19.0932844],[-51.9761092,-19.0935378],[-51.9754624,-19.0942068],[-51.9746339,-19.0950333],[-51.9741511,-19.0954464],[-51.973832,-19.095705],[-51.9737649,-19.0957683],[-51.9736898,-19.095852],[-51.9734725,-19.0961004],[-51.9732741,-19.0963538],[-51.9730756,-19.0965946],[-51.972979,-19.0967137],[-51.972912,-19.0968151],[-51.9728529,-19.0970306],[-51.9728044,-19.0973371],[-51.9709808,-19.1058583],[-51.9705355,-19.1079923],[-51.9700755,-19.1101631],[-51.9698314,-19.1112402],[-51.969586,-19.1123464],[-51.9694224,-19.1132169],[-51.9693921,-19.1133547],[-51.9693192,-19.113687],[-51.9693097,-19.1138005],[-51.9693124,-19.1138658],[-51.9693252,-19.1139215],[-51.9694543,-19.1140937],[-51.9697429,-19.1144081],[-51.9700433,-19.1147465],[-51.9705704,-19.1153698],[-51.9708118,-19.1156803],[-51.9710479,-19.115968],[-51.9713107,-19.1162518],[-51.9715467,-19.1165331],[-51.9716768,-19.1166928],[-51.9718122,-19.1168714],[-51.9720496,-19.1172503],[-51.972169,-19.1174416],[-51.9722991,-19.1176178],[-51.972405,-19.1177546],[-51.9725203,-19.1178991],[-51.9729924,-19.1184617],[-51.9734967,-19.1190319],[-51.9743657,-19.1200304],[-51.9751731,-19.1210771],[-51.9760501,-19.1220933],[-51.97649,-19.1225773],[-51.9767073,-19.1228535],[-51.9767958,-19.1229777],[-51.976853,-19.12309],[-51.9768862,-19.1231826],[-51.9768983,-19.1233022],[-51.9768833,-19.1234032],[-51.9768547,-19.1234808],[-51.9767995,-19.1235696],[-51.9767037,-19.1236616],[-51.9762703,-19.1238989],[-51.9747996,-19.1247985],[-51.9741431,-19.1251495],[-51.9739124,-19.1252838],[-51.9738132,-19.1253472],[-51.973722,-19.1254232],[-51.9733944,-19.1257753],[-51.9724815,-19.126741],[-51.9715052,-19.1276875],[-51.9710142,-19.1281626],[-51.9705516,-19.1286441],[-51.9701721,-19.1290407],[-51.9699951,-19.1292219],[-51.9699341,-19.1293035],[-51.9698932,-19.1293955],[-51.9698864,-19.1294528],[-51.9698938,-19.1295108],[-51.9699599,-19.1297336],[-51.970097,-19.1302773],[-51.9701626,-19.1305536],[-51.9701869,-19.130679],[-51.9701976,-19.1308006],[-51.9701895,-19.1312972],[-51.9701557,-19.1317759],[-51.970093,-19.1324756],[-51.9700756,-19.1328494],[-51.9700561,-19.132997],[-51.9700333,-19.1331699],[-51.9699964,-19.1334157],[-51.9699723,-19.133659],[-51.9699763,-19.133863],[-51.9699897,-19.1340264],[-51.970034,-19.1343001],[-51.9701007,-19.134528],[-51.9702727,-19.1351439],[-51.9704617,-19.1357255],[-51.9705141,-19.1358965],[-51.9705825,-19.1360765],[-51.9706723,-19.1362691],[-51.9708252,-19.1365757],[-51.9711175,-19.1371116],[-51.971182,-19.1372485],[-51.9712557,-19.1374157],[-51.9713965,-19.1377894],[-51.9714434,-19.1379364],[-51.9714823,-19.1381036],[-51.971536,-19.1383938],[-51.9716299,-19.1390387],[-51.9717356,-19.1397224],[-51.9718136,-19.1401967],[-51.9718874,-19.1406908],[-51.9719338,-19.1409453],[-51.9720255,-19.1414484],[-51.9721153,-19.1419362],[-51.9721891,-19.1422555],[-51.9722454,-19.1425609],[-51.9722843,-19.1429105],[-51.9722897,-19.1429891],[-51.972295,-19.1431005],[-51.9722937,-19.1432526],[-51.9723029,-19.1436654],[-51.972295,-19.144223],[-51.9722736,-19.1448185],[-51.9722696,-19.1450047],[-51.9722682,-19.1451403],[-51.9722333,-19.1453202],[-51.972173,-19.1455014],[-51.9721194,-19.1456699],[-51.9720107,-19.1459879],[-51.9719139,-19.146255],[-51.9717855,-19.1465833],[-51.9716486,-19.1469444],[-51.9715205,-19.1472409],[-51.9714864,-19.1473479],[-51.9714636,-19.1474385],[-51.9714595,-19.1474797],[-51.9714659,-19.1475195],[-51.9714854,-19.1475592],[-51.9715145,-19.1475931],[-51.9715896,-19.1476539],[-51.9717076,-19.147735],[-51.9719531,-19.1478896],[-51.972464,-19.1481936],[-51.9730702,-19.1485914],[-51.9733357,-19.1487409],[-51.9736066,-19.1489309],[-51.9736791,-19.1489943],[-51.97373,-19.1490475],[-51.9737756,-19.1491134],[-51.9738156,-19.1491968],[-51.9739017,-19.1494022],[-51.9740197,-19.1497189],[-51.9742343,-19.1503194],[-51.9745937,-19.1513988],[-51.9749451,-19.1525289],[-51.9753072,-19.1536235],[-51.9753903,-19.1539022],[-51.9754922,-19.1542442],[-51.9757122,-19.154827],[-51.9761521,-19.155881],[-51.976364,-19.1564941],[-51.9765142,-19.1571301],[-51.9765785,-19.1573151],[-51.9766241,-19.1574468],[-51.9767368,-19.1576723],[-51.9768763,-19.1578623],[-51.9770133,-19.158041],[-51.9781503,-19.1594433],[-51.9793117,-19.1608191],[-51.9804221,-19.1621746],[-51.9810203,-19.162922],[-51.9811544,-19.163112],[-51.9812214,-19.1632893],[-51.9812322,-19.1634515],[-51.9812161,-19.1636288],[-51.9811272,-19.1642165],[-51.9810605,-19.1645308],[-51.98098,-19.1648146],[-51.9808781,-19.1650831],[-51.9807601,-19.1653415],[-51.9806394,-19.1655468],[-51.9804838,-19.1657393],[-51.9801402,-19.1661268],[-51.9800198,-19.1662232],[-51.9798267,-19.1663195],[-51.9794941,-19.1664639],[-51.9788235,-19.16674],[-51.97855,-19.1668921],[-51.9783407,-19.1670415],[-51.9782683,-19.1671023],[-51.9782147,-19.1671682],[-51.9781369,-19.1672797],[-51.9780591,-19.1674038],[-51.9779623,-19.1675101],[-51.9778177,-19.167756],[-51.977748,-19.1679485],[-51.9776997,-19.1681309],[-51.977678,-19.1682853],[-51.9776648,-19.168478],[-51.9776729,-19.1686275],[-51.9777051,-19.1688049],[-51.9777373,-19.1689315],[-51.9778499,-19.1691494],[-51.9779947,-19.1693901],[-51.9780538,-19.1695345],[-51.9780806,-19.1696916],[-51.9781181,-19.1702287],[-51.9781396,-19.1705023],[-51.9781208,-19.1708038],[-51.9781771,-19.1710825],[-51.9781959,-19.1711762],[-51.978188,-19.1712756]]]}},
{"type":"Feature","properties":{"osm_id":"803440985","code":5121,"fclass":"unclassified","name":null,"ref":null,"oneway":"B","maxspeed":0,"layer":0,"bridge":"F","tunnel":"F"},"geometry":{"type":"MultiLineString","coordinates":[[[-52.273680293411537,-19.36263499751864],[-52.2734213,-19.3613667],[-52.2661901,-19.3508597],[-52.2647309,-19.3487035],[-52.2596884,-19.3468308],[-52.247994,-19.3425183],[-52.2474682,-19.3422146],[-52.2451615,-19.3398559],[-52.24087,-19.3355837],[-52.2356343,-19.3303801],[-52.2329307,-19.3277276],[-52.2245515,-19.326462],[-52.214005,-19.3249029],[-52.2128034,-19.3200229],[-52.2108185,-19.3118825],[-52.2084904,-19.3109915],[-52.1990007,-19.3044265],[-52.1971278,-19.3022829],[-52.1920954,-19.2966181],[-52.1867967,-19.290598],[-52.1843505,-19.2878841],[-52.1842378,-19.2878512],[-52.1821296,-19.2879955],[-52.1813786,-19.2878942],[-52.1808207,-19.2877474],[-52.1803849,-19.2875398],[-52.180225297819867,-19.28741957716765]]]}},
{"type":"Feature","properties":{"osm_id":"803441998","code":5121,"fclass":"unclassified","name":null,"ref":null,"oneway":"B","maxspeed":0,"layer":0,"bridge":"F","tunnel":"F"},"geometry":{"type":"MultiLineString","coordinates":[[[-52.5186986,-19.2233698],[-52.5148308,-19.2252896],[-52.5045526,-19.2305168],[-52.5001618,-19.2327682],[-52.4987993,-19.2334292],[-52.4952507,-19.2349639],[-52.4867872,-19.2385622]]]}},
{"type":"Feature","properties":{"osm_id":"803442000","code":5121,"fclass":"unclassified","name":null,"ref":null,"oneway":"B","maxspeed":0,"layer":0,"bridge":"F","tunnel":"F"},"geometry":{"type":"MultiLineString","coordinates":[[[-52.541237576981004,-19.216837958551235],[-52.5409488,-19.2169811],[-52.5407443,-19.2170837],[-52.5404902,-19.2171774],[-52.5394944,-19.2174553],[-52.5369309,-19.2181474],[-52.5330699,-19.2192086],[-52.5288749,-19.2203686],[-52.5194121,-19.222962],[-52.5186986,-19.2233698],[-52.521007591724455,-19.238142244836592]]]}},
{"type":"Feature","properties":{"osm_id":"803442563","code":5121,"fclass":"unclassified","name":null,"ref":null,"oneway":"B","maxspeed":0,"layer":0,"bridge":"F","tunnel":"F"},"geometry":{"type":"MultiLineString","coordinates":[[[-52.3689703,-19.1358294],[-52.3688362,-19.1355171],[-52.3685391,-19.1345763],[-52.3684748,-19.1342963],[-52.3684238,-19.1339504],[-52.3684064,-19.1335811],[-52.3684439,-19.1332232],[-52.3685096,-19.1328823],[-52.368688,-19.1323147],[-52.3688516,-19.1318548],[-52.3690447,-19.1314778],[-52.369144,-19.1313093],[-52.369209,-19.1312441],[-52.3692875,-19.1312003],[-52.3693652,-19.1311718],[-52.3694279,-19.1311604],[-52.3695128,-19.1311557],[-52.369675,-19.1311623],[-52.3700445,-19.131213],[-52.3702061,-19.131227],[-52.3703335,-19.1312213],[-52.370424,-19.1311965],[-52.3705146,-19.1311376],[-52.3706198,-19.1310318],[-52.3706614,-19.1309735],[-52.370701,-19.1309001],[-52.3707265,-19.130824],[-52.3707305,-19.130736],[-52.3707198,-19.1306593],[-52.3706641,-19.1304211],[-52.3705759,-19.1301211],[-52.370422,-19.1297312],[-52.3703865,-19.1296298],[-52.370364,-19.1295323],[-52.3703603,-19.1294252],[-52.3703878,-19.1292611],[-52.3704408,-19.1290736],[-52.3708351,-19.1279269],[-52.3709142,-19.127676],[-52.3709893,-19.1273777],[-52.3710819,-19.1269057],[-52.3712441,-19.1257564],[-52.3713259,-19.1251799],[-52.371401,-19.1247415],[-52.371503,-19.1240459],[-52.371629,-19.1232831],[-52.3717122,-19.1226913],[-52.3717833,-19.1221541],[-52.3718228,-19.1219862],[-52.3718684,-19.121881],[-52.3719214,-19.1217968],[-52.3719958,-19.1217245],[-52.372081,-19.1216707],[-52.3722104,-19.1216225],[-52.3726067,-19.1214901],[-52.3732679,-19.1213001],[-52.3742254,-19.1210213],[-52.3747954,-19.1208819],[-52.3749268,-19.1208274],[-52.375026,-19.1207451],[-52.3750549,-19.1206842],[-52.375069,-19.1206234],[-52.375069,-19.1204612],[-52.3751763,-19.1191206],[-52.3752701,-19.1178155],[-52.375474,-19.1166167],[-52.3756859,-19.1154307],[-52.3758468,-19.1141154],[-52.3760239,-19.1128406],[-52.3763135,-19.1106991],[-52.3765147,-19.1095991],[-52.3766971,-19.1086309],[-52.3777578,-19.1049575],[-52.3778021,-19.104804],[-52.3783956,-19.1030463],[-52.3789689,-19.1009629],[-52.3789166,-19.1006803],[-52.3788214,-19.100475],[-52.3764503,-19.0981838],[-52.3762478,-19.0979924],[-52.3760212,-19.0978999],[-52.3737359,-19.0964425],[-52.3735414,-19.0961929],[-52.3726684,-19.0943616],[-52.3723251,-19.094103],[-52.3719361,-19.0938648],[-52.3687416,-19.0920601],[-52.3679343,-19.0915101],[-52.3676178,-19.091097],[-52.3664591,-19.0887739],[-52.3657295,-19.0873963],[-52.3645601,-19.0851201],[-52.364324,-19.0849553],[-52.3634523,-19.0847627],[-52.3631895,-19.0846486],[-52.3630071,-19.0843723],[-52.3630312,-19.0800428],[-52.3631358,-19.0759185],[-52.363404,-19.065809],[-52.3634067,-19.0636237],[-52.3634416,-19.0625489],[-52.3635247,-19.0578639],[-52.363514,-19.0551056],[-52.3636588,-19.0490767],[-52.3637259,-19.0424137],[-52.3635113,-19.0396957],[-52.3618054,-19.0350608],[-52.3602176,-19.0309024],[-52.3600566,-19.0308821],[-52.3563418,-19.0325087],[-52.3512805,-19.029665],[-52.3480725,-19.0278089],[-52.3445213,-19.0216015],[-52.3426974,-19.0183355],[-52.3426867,-19.0182366],[-52.3426947,-19.0180641],[-52.3427832,-19.0179196],[-52.3467529,-19.0116104],[-52.3514333,-19.0041522],[-52.3514441,-19.0040773],[-52.3514213,-19.0040253],[-52.3513676,-19.0039658],[-52.3510464,-19.0038396],[-52.3509224,-19.0037762],[-52.3508795,-19.0036868],[-52.3508607,-19.0036056],[-52.350858,-19.0034928],[-52.3509063,-19.0029006],[-52.3509264,-19.0019369],[-52.3509908,-19.0009009],[-52.3510444,-18.9999651],[-52.3513234,-18.9952378],[-52.3529649,-18.9940306],[-52.3530127,-18.9929251]]]}},
{"type":"Feature","properties":{"osm_id":"814438316","code":5121,"fclass":"unclassified","name":null,"ref":null,"oneway":"B","maxspeed":50,"layer":0,"bridge":"F","tunnel":"F"},"geometry":{"type":"MultiLineString","coordinates":[[[-52.4129755,-19.1996789],[-52.4129149,-19.1997841],[-52.411046,-19.2068538],[-52.4110227,-19.2069936],[-52.4110305,-19.2071701],[-52.4110772,-19.2074348],[-52.4114043,-19.2085895],[-52.4114276,-19.2087954],[-52.4115289,-19.2094794],[-52.4115756,-19.2096191],[-52.4116924,-19.209803],[-52.414887,-19.2137521],[-52.4150193,-19.2138551],[-52.4161175,-19.2146787],[-52.4162421,-19.214767],[-52.4164056,-19.2149435],[-52.416647,-19.2153013],[-52.4168573,-19.2157279],[-52.4169741,-19.2160956],[-52.4170754,-19.2164265],[-52.4172,-19.216603],[-52.4198441,-19.2199057],[-52.4198954,-19.2199469],[-52.4199913,-19.2199805],[-52.4201079,-19.2199874],[-52.4202413,-19.2199792],[-52.4203343,-19.2199498],[-52.4204513,-19.2198912],[-52.4214309,-19.2191757],[-52.4221062,-19.2186356],[-52.4223597,-19.2184428],[-52.4224753,-19.2183706],[-52.4225414,-19.2183434],[-52.4226346,-19.2183162],[-52.4227311,-19.218312],[-52.4228746,-19.2183371],[-52.4229833,-19.2183798],[-52.4230758,-19.2184418],[-52.42333,-19.2186236],[-52.4235278,-19.2187983]]]}},
{"type":"Feature","properties":{"osm_id":"814438317","code":5121,"fclass":"unclassified","name":null,"ref":null,"oneway":"B","maxspeed":50,"layer":0,"bridge":"F","tunnel":"F"},"geometry":{"type":"MultiLineString","coordinates":[[[-52.422612,-19.2557377],[-52.4221022,-19.2614306],[-52.4221062,-19.2615692],[-52.4221318,-19.2616702],[-52.4221612,-19.261787],[-52.4221618,-19.2619262],[-52.4218829,-19.2648609],[-52.4217669,-19.2660414],[-52.4215587,-19.2678015],[-52.4215598,-19.2679107],[-52.4215765,-19.2679623],[-52.4216187,-19.2679866],[-52.4216996,-19.2680129],[-52.422587,-19.2680917],[-52.423508,-19.2681559],[-52.4266894,-19.2684158],[-52.4277663,-19.2684905],[-52.4321469,-19.2688445],[-52.4322468,-19.2689482],[-52.4323466,-19.2693441],[-52.4325364,-19.2705181],[-52.4327261,-19.2710931],[-52.4330157,-19.2714041],[-52.4340641,-19.2717623],[-52.4342139,-19.2718094],[-52.4366104,-19.2724693],[-52.4368873,-19.2726389],[-52.4374465,-19.2732704],[-52.4375205,-19.2734311],[-52.4376462,-19.273704],[-52.437746,-19.2740016]]]}},
{"type":"Feature","properties":{"osm_id":"814438326","code":5121,"fclass":"unclassified","name":null,"ref":null,"oneway":"B","maxspeed":50,"layer":0,"bridge":"F","tunnel":"F"},"geometry":{"type":"MultiLineString","coordinates":[[[-52.4195112,-19.2778201],[-52.4195112,-19.2773947],[-52.4195809,-19.2773542],[-52.4201281,-19.2774099],[-52.4201549,-19.2773694],[-52.4208321,-19.2729201],[-52.4209545,-19.2720248],[-52.4213465,-19.2689738],[-52.4214463,-19.2680679],[-52.4214598,-19.2680236],[-52.4214891,-19.2679925],[-52.4215765,-19.2679623]]]}},
{"type":"Feature","properties":{"osm_id":"814438327","code":5121,"fclass":"unclassified","name":null,"ref":null,"oneway":"B","maxspeed":50,"layer":0,"bridge":"F","tunnel":"F"},"geometry":{"type":"MultiLineString","coordinates":[[[-52.3919871,-19.2373853],[-52.3920527,-19.2372121],[-52.3921271,-19.237057],[-52.392225,-19.2369082],[-52.3923022,-19.236817],[-52.3923893,-19.2367233],[-52.3925,-19.236622],[-52.3926824,-19.2365024],[-52.3928775,-19.2364137],[-52.3930297,-19.2363308],[-52.3934448,-19.2360617],[-52.3940691,-19.2357256],[-52.3943815,-19.235573],[-52.394572,-19.2354957],[-52.3947691,-19.2353963],[-52.3950005,-19.2352691],[-52.3952734,-19.2351342],[-52.3954491,-19.2350598],[-52.3962457,-19.2346917],[-52.3966607,-19.2344979],[-52.3971006,-19.2343036],[-52.397443,-19.2341622],[-52.397806,-19.234037],[-52.3979922,-19.2339925],[-52.3983981,-19.233937],[-52.3986613,-19.2338743],[-52.3989047,-19.2338259],[-52.3990231,-19.2337907],[-52.3993014,-19.2337141],[-52.3995602,-19.2336261],[-52.3997781,-19.2335875],[-52.3999518,-19.2335634],[-52.4000531,-19.2335685],[-52.4002455,-19.2336065],[-52.4003085,-19.2336112],[-52.4003887,-19.2335966],[-52.4004634,-19.2335707],[-52.4005211,-19.2335419],[-52.4007699,-19.2333577],[-52.4010254,-19.2331753],[-52.4012332,-19.2330095],[-52.4013063,-19.2329436],[-52.4013613,-19.2328819],[-52.4016034,-19.232489],[-52.4021029,-19.2317293],[-52.4022853,-19.2314273],[-52.4023826,-19.2313006],[-52.4024701,-19.2312301],[-52.4025408,-19.2311952],[-52.4026107,-19.2311729],[-52.4028503,-19.2311215],[-52.4030206,-19.231073],[-52.4031504,-19.2310322],[-52.4032603,-19.230986],[-52.403373,-19.2309138],[-52.4035104,-19.2307935],[-52.4036083,-19.2306966],[-52.4037639,-19.2305478],[-52.4038625,-19.2304833],[-52.4039845,-19.2304029],[-52.4044599,-19.2301908],[-52.4045491,-19.2301357],[-52.4047627,-19.2300144],[-52.4049441,-19.2299353],[-52.4050718,-19.2298992],[-52.4053669,-19.229833],[-52.4059492,-19.2296969],[-52.4064629,-19.2295931],[-52.4066064,-19.2295513],[-52.406831,-19.2294981],[-52.4070389,-19.2294772],[-52.407292,-19.2294576],[-52.407579,-19.2294367],[-52.410629,-19.2290609],[-52.4112845,-19.2289821],[-52.4117819,-19.2289101],[-52.4131087,-19.2287941],[-52.4136492,-19.22872],[-52.4149444,-19.2285626],[-52.4157161,-19.228467],[-52.4158659,-19.2284576],[-52.4160456,-19.228467],[-52.41621,-19.2285072],[-52.4169926,-19.228757],[-52.4173047,-19.2288656],[-52.4174801,-19.2289213],[-52.4176018,-19.2289359],[-52.4176983,-19.2289409],[-52.417867,-19.2289311],[-52.4179957,-19.2289099],[-52.418219,-19.2288634],[-52.4183957,-19.2288146],[-52.418506,-19.2287789],[-52.4185912,-19.2287349],[-52.4187018,-19.2286643],[-52.4188228,-19.2285712],[-52.4188839,-19.2285139],[-52.4190924,-19.2283325],[-52.4193086,-19.2281657],[-52.4194991,-19.2280083],[-52.4196493,-19.2278893],[-52.4197559,-19.2278257],[-52.419888,-19.2277646],[-52.4199956,-19.2277196],[-52.4200965,-19.2276544],[-52.4202246,-19.2275512],[-52.4206363,-19.2272169],[-52.4209562,-19.2269396],[-52.4211802,-19.2267237],[-52.4214873,-19.2264539],[-52.4216854,-19.2262422],[-52.421787,-19.2261184],[-52.421845,-19.2260367],[-52.4219402,-19.2259278],[-52.4220415,-19.2258157],[-52.4228488,-19.2249546],[-52.4232156,-19.2245564],[-52.4233397,-19.2244427],[-52.423447,-19.224375],[-52.4235616,-19.2243278],[-52.4236692,-19.2242996],[-52.4240771,-19.2242385]]]}},
{"type":"Feature","properties":{"osm_id":"814438328","code":5121,"fclass":"unclassified","name":null,"ref":null,"oneway":"B","maxspeed":50,"layer":0,"bridge":"F","tunnel":"F"},"geometry":{"type":"MultiLineString","coordinates":[[[-52.4414565,-19.1193956],[-52.4417571,-19.1194451],[-52.442939,-19.1209185],[-52.4431196,-19.121027],[-52.4559389,-19.1267346],[-52.469215,-19.1326494],[-52.4716587,-19.133803],[-52.4779477,-19.1365104],[-52.4782432,-19.1365415],[-52.4860889,-19.1365896],[-52.4923754,-19.136557],[-52.5123632,-19.1365909],[-52.5124584,-19.1365959],[-52.5125764,-19.1366213],[-52.5126636,-19.1366643],[-52.5254005,-19.1499538],[-52.5311092,-19.1559735],[-52.5311588,-19.156047],[-52.5311977,-19.1561382],[-52.5311993,-19.1562867],[-52.5312111,-19.156484],[-52.5307779,-19.1565955],[-52.5286222,-19.1572015]]]}},
{"type":"Feature","properties":{"osm_id":"856609685","code":5121,"fclass":"unclassified","name":null,"ref":null,"oneway":"B","maxspeed":0,"layer":0,"bridge":"F","tunnel":"F"},"geometry":{"type":"MultiLineString","coordinates":[[[-52.539941302216214,-19.202112226080857],[-52.5398498,-19.2020676],[-52.539658,-19.2019555],[-52.5394991,-19.2018504],[-52.5393932,-19.2017826],[-52.5392316,-19.2017022],[-52.5387521,-19.2015002],[-52.5380453,-19.2012215],[-52.5374901,-19.2010202],[-52.5372246,-19.2009157],[-52.5368893,-19.2008011],[-52.5364675,-19.2006301],[-52.5359177,-19.2003964],[-52.5353846,-19.2001919],[-52.5349139,-19.2000038],[-52.534531,-19.1998588],[-52.5343392,-19.1997714],[-52.5341038,-19.199647],[-52.5339201,-19.1995358],[-52.533613,-19.1993477],[-52.5334192,-19.1992414],[-52.5331168,-19.1990944],[-52.5326635,-19.1989089],[-52.5322196,-19.1987442],[-52.5318012,-19.1986011],[-52.5313787,-19.1984757],[-52.5310609,-19.1983884],[-52.5308443,-19.1983143],[-52.5304373,-19.1981477],[-52.53011,-19.1979913],[-52.5295267,-19.1977171],[-52.5292329,-19.1975778],[-52.529076,-19.1975138],[-52.5287441,-19.1973878],[-52.5283404,-19.1972219],[-52.5277671,-19.1970066],[-52.5272977,-19.1968331],[-52.5270047,-19.1967248],[-52.5266158,-19.1965893],[-52.5263402,-19.1964803],[-52.5259265,-19.1963239],[-52.5253639,-19.1961086],[-52.5250681,-19.1959851],[-52.5246149,-19.1957939],[-52.5241971,-19.1955906],[-52.5238263,-19.1954183],[-52.52354,-19.1952664],[-52.5232355,-19.1950947],[-52.5228037,-19.1948224],[-52.5224644,-19.1945755],[-52.522168,-19.1943525],[-52.5220711,-19.1942921],[-52.5219873,-19.1942588],[-52.5219062,-19.1942443],[-52.5217355,-19.1942373],[-52.5213473,-19.1942221],[-52.5210556,-19.1941974],[-52.5209449,-19.1941755],[-52.5208574,-19.1941388],[-52.5207448,-19.1940704],[-52.5205751,-19.1939577],[-52.5204806,-19.1939067],[-52.5203206,-19.1938545],[-52.520153,-19.1937921],[-52.5199116,-19.1936654],[-52.5196622,-19.1935381],[-52.5193772,-19.1934083],[-52.5190526,-19.193288],[-52.5188427,-19.1932183],[-52.5185618,-19.1931556],[-52.5183861,-19.1930999],[-52.5181742,-19.1930176],[-52.5180562,-19.1929783],[-52.5179606,-19.1929679],[-52.5178389,-19.1929669],[-52.517623,-19.1929745],[-52.5174902,-19.19296],[-52.517218,-19.1929163],[-52.5168968,-19.1928732],[-52.5165233,-19.1928327],[-52.5161069,-19.1927934],[-52.5154598,-19.192713],[-52.5148429,-19.1926497],[-52.5143977,-19.1926009],[-52.5140724,-19.192573],[-52.5137291,-19.1925553],[-52.5134113,-19.1925376],[-52.5131692,-19.1925072],[-52.5129023,-19.1924654],[-52.5125315,-19.1924096],[-52.5123116,-19.1923843],[-52.5121587,-19.1923723],[-52.5119863,-19.1923672],[-52.5116021,-19.1923463],[-52.5113071,-19.1923172],[-52.5109711,-19.1922874],[-52.5107646,-19.1922583],[-52.5105701,-19.1922216],[-52.5104598,-19.1922041],[-52.5103331,-19.1921984],[-52.5101075,-19.1921924],[-52.5098359,-19.1921722],[-52.5094818,-19.1921468],[-52.5092914,-19.1921177],[-52.5088468,-19.1920525],[-52.5083466,-19.1919999],[-52.5081199,-19.1919809]]]}},
{"type":"Feature","properties":{"osm_id":"857191451","code":5142,"fclass":"track","name":null,"ref":null,"oneway":"B","maxspeed":0,"layer":0,"bridge":"F","tunnel":"F"},"geometry":{"type":"MultiLineString","coordinates":[[[-51.5619608,-19.1586727],[-51.5604373,-19.1462067],[-51.5602871,-19.1449094],[-51.5601369,-19.1433485],[-51.5592142,-19.1415646],[-51.5579053,-19.1399835],[-51.5564032,-19.1397199],[-51.5557166,-19.1397808]]]}},
{"type":"Feature","properties":{"osm_id":"859973381","code":5121,"fclass":"unclassified","name":null,"ref":null,"oneway":"B","maxspeed":50,"layer":0,"bridge":"F","tunnel":"F"},"geometry":{"type":"MultiLineString","coordinates":[[[-52.4236572,-19.2189322],[-52.4238101,-19.2191276],[-52.4239013,-19.2192897],[-52.4239576,-19.2194429],[-52.4239737,-19.2195442],[-52.4239744,-19.2196322],[-52.4239428,-19.2198266],[-52.4238798,-19.22009],[-52.4238523,-19.2202008],[-52.4238472,-19.2202954],[-52.4238932,-19.2214045],[-52.423973,-19.2227063],[-52.4240434,-19.224053],[-52.4240771,-19.2242385],[-52.424155,-19.2243856],[-52.4342651,-19.2402109],[-52.4402969,-19.2492773],[-52.4403202,-19.2493656],[-52.4402813,-19.2494906],[-52.4401567,-19.2495347],[-52.422612,-19.2557377],[-52.4224133,-19.2557947],[-52.4221706,-19.2558853],[-52.4217837,-19.2560264],[-52.4215134,-19.2561321],[-52.4213833,-19.2561758],[-52.4212673,-19.2561938],[-52.4207939,-19.2562607],[-52.4129887,-19.2575223],[-52.4116366,-19.2577259],[-52.4114917,-19.2577553],[-52.411417,-19.257771],[-52.4113339,-19.2577806]]]}},
{"type":"Feature","properties":{"osm_id":"859973382","code":5121,"fclass":"unclassified","name":null,"ref":null,"oneway":"B","maxspeed":50,"layer":1,"bridge":"T","tunnel":"F"},"geometry":{"type":"MultiLineString","coordinates":[[[-52.4235278,-19.2187983],[-52.4236572,-19.2189322]]]}},
{"type":"Feature","properties":{"osm_id":"862490749","code":5121,"fclass":"unclassified","name":null,"ref":null,"oneway":"B","maxspeed":0,"layer":0,"bridge":"F","tunnel":"F"},"geometry":{"type":"MultiLineString","coordinates":[[[-52.102143,-18.9529211],[-52.1020697,-18.9528749],[-52.102008,-18.9527988],[-52.1019852,-18.9527138],[-52.1019959,-18.952346],[-52.1019852,-18.9521608],[-52.1019369,-18.9520416],[-52.101827,-18.9519959]]]}},
{"type":"Feature","properties":{"osm_id":"862490750","code":5121,"fclass":"unclassified","name":null,"ref":null,"oneway":"B","maxspeed":0,"layer":0,"bridge":"F","tunnel":"F"},"geometry":{"type":"MultiLineString","coordinates":[[[-52.101827,-18.9519959],[-52.0905912,-18.9521329],[-52.0898455,-18.952143]]]}},
{"type":"Feature","properties":{"osm_id":"863716514","code":5121,"fclass":"unclassified","name":null,"ref":null,"oneway":"B","maxspeed":0,"layer":0,"bridge":"F","tunnel":"F"},"geometry":{"type":"MultiLineString","coordinates":[[[-51.57049226896342,-19.245500545321313],[-51.5706798,-19.2455113],[-51.571044,-19.2455139],[-51.5712652,-19.245512],[-51.5715214,-19.245493],[-51.5717987,-19.24548],[-51.5723361,-19.245436],[-51.5728538,-19.2454088],[-51.5731663,-19.2454442],[-51.5735163,-19.245581],[-51.5739602,-19.2458633],[-51.5747742,-19.2464154],[-51.5762293,-19.2474004],[-51.5771788,-19.2479753],[-51.5774041,-19.2480424],[-51.5777998,-19.248093],[-51.5789263,-19.2482222],[-51.5806523,-19.2484032],[-51.5807777,-19.2484482],[-51.5808682,-19.2485279],[-51.5811324,-19.248859],[-51.5812612,-19.248954],[-51.5813939,-19.2490072],[-51.5816407,-19.2490451],[-51.5824923,-19.249154],[-51.5832393,-19.2492616],[-51.5837851,-19.2493376],[-51.5842317,-19.2494452],[-51.5846474,-19.2495668],[-51.5850169,-19.2496747],[-51.585142,-19.249708],[-51.5852536,-19.2497035],[-51.5854729,-19.2496409]]]}},
{"type":"Feature","properties":{"osm_id":"864123334","code":5121,"fclass":"unclassified","name":null,"ref":null,"oneway":"B","maxspeed":0,"layer":0,"bridge":"F","tunnel":"F"},"geometry":{"type":"MultiLineString","coordinates":[[[-51.672188,-19.2103078],[-51.672182,-19.2104192],[-51.6721954,-19.2105288],[-51.6722343,-19.2106605],[-51.6723664,-19.2110239],[-51.6725562,-19.2115096],[-51.6726454,-19.2117338],[-51.6727003,-19.2118515],[-51.6727573,-19.211963],[-51.6728304,-19.2121219],[-51.6728613,-19.2121998],[-51.6728995,-19.2123233],[-51.6729727,-19.212558]]]}},
{"type":"Feature","properties":{"osm_id":"864123335","code":5121,"fclass":"unclassified","name":null,"ref":null,"oneway":"B","maxspeed":0,"layer":1,"bridge":"T","tunnel":"F"},"geometry":{"type":"MultiLineString","coordinates":[[[-51.6722001,-19.2102375],[-51.672188,-19.2103078]]]}},
{"type":"Feature","properties":{"osm_id":"864127876","code":5141,"fclass":"service","name":null,"ref":null,"oneway":"B","maxspeed":0,"layer":0,"bridge":"F","tunnel":"F"},"geometry":{"type":"MultiLineString","coordinates":[[[-51.6387503,-19.2014406],[-51.6385545,-19.2014419],[-51.6382716,-19.2014214]]]}},
{"type":"Feature","properties":{"osm_id":"864127877","code":5121,"fclass":"unclassified","name":null,"ref":null,"oneway":"B","maxspeed":0,"layer":0,"bridge":"F","tunnel":"F"},"geometry":{"type":"MultiLineString","coordinates":[[[-51.6520621,-19.1945862],[-51.6512293,-19.1972915],[-51.6502449,-19.2003641],[-51.6496655,-19.2021423],[-51.6488448,-19.2047664],[-51.6482145,-19.2067244],[-51.6477692,-19.2081048],[-51.6477303,-19.2082701],[-51.6476713,-19.2084632],[-51.6476646,-19.2084968],[-51.6476646,-19.2085595],[-51.6476773,-19.2085892],[-51.6477048,-19.2086203],[-51.6478591,-19.208662],[-51.6489159,-19.2088444],[-51.6497614,-19.2090122],[-51.6503106,-19.2091104],[-51.6503683,-19.2091249],[-51.6504085,-19.2091509],[-51.6504481,-19.2091882],[-51.6504823,-19.209256],[-51.650499,-19.2093098],[-51.6505178,-19.2094035],[-51.6505775,-19.2099019],[-51.6506338,-19.2102805],[-51.6506593,-19.2104452],[-51.6507103,-19.2106693],[-51.6507277,-19.2108403],[-51.6507451,-19.2111658],[-51.6507652,-19.2113671],[-51.650788,-19.2115115],[-51.6508833,-19.2121194],[-51.6509624,-19.2127577],[-51.6510576,-19.21342],[-51.6511153,-19.2137809],[-51.6511314,-19.2138987],[-51.6511662,-19.2140443],[-51.6511998,-19.2141862],[-51.6512427,-19.2143521],[-51.6512735,-19.2144926],[-51.6513862,-19.2149333],[-51.6514217,-19.2150809],[-51.6514405,-19.2151809],[-51.6514378,-19.2153076],[-51.6514485,-19.2155013],[-51.651476,-19.215754]]]}},
{"type":"Feature","properties":{"osm_id":"864127878","code":5141,"fclass":"service","name":null,"ref":null,"oneway":"B","maxspeed":0,"layer":0,"bridge":"F","tunnel":"F"},"geometry":{"type":"MultiLineString","coordinates":[[[-51.6385544,-19.201804],[-51.6384713,-19.2016445],[-51.6383949,-19.2015306],[-51.6383319,-19.2014622],[-51.6382716,-19.2014214]]]}},
{"type":"Feature","properties":{"osm_id":"864127879","code":5141,"fclass":"service","name":null,"ref":null,"oneway":"B","maxspeed":0,"layer":0,"bridge":"F","tunnel":"F"},"geometry":{"type":"MultiLineString","coordinates":[[[-51.6382716,-19.2014214],[-51.6382219,-19.2014178],[-51.6374253,-19.2013495],[-51.6352648,-19.2011899],[-51.6349871,-19.2011949],[-51.6348691,-19.2012557],[-51.6347712,-19.2013444],[-51.6347149,-19.2014596],[-51.6346988,-19.2025273]]]}},
{"type":"Feature","properties":{"osm_id":"864127880","code":5121,"fclass":"unclassified","name":null,"ref":null,"oneway":"B","maxspeed":0,"layer":0,"bridge":"F","tunnel":"F"},"geometry":{"type":"MultiLineString","coordinates":[[[-51.6477692,-19.2081048],[-51.646699,-19.2078705],[-51.6459547,-19.2077287],[-51.6436413,-19.2073069],[-51.6385518,-19.2063115],[-51.638364,-19.2062697],[-51.6382755,-19.2062241],[-51.6382326,-19.2061659],[-51.6382031,-19.2060076],[-51.6382098,-19.2058733],[-51.638124,-19.2043789],[-51.638073,-19.2040597],[-51.6380355,-19.203928],[-51.6379979,-19.2036722],[-51.6379765,-19.2035101],[-51.6379979,-19.2033328],[-51.6380999,-19.2031225],[-51.6385491,-19.2018155],[-51.6385544,-19.201804],[-51.6386088,-19.2016857],[-51.6386913,-19.2015337],[-51.6387503,-19.2014406]]]}},
{"type":"Feature","properties":{"osm_id":"864127881","code":5121,"fclass":"unclassified","name":null,"ref":null,"oneway":"B","maxspeed":0,"layer":0,"bridge":"F","tunnel":"F"},"geometry":{"type":"MultiLineString","coordinates":[[[-51.6683766,-19.214233],[-51.6682076,-19.2142786],[-51.6680481,-19.2143381],[-51.6678576,-19.214447],[-51.6671348,-19.2149308],[-51.6665795,-19.2152385],[-51.6660686,-19.2155437],[-51.6657306,-19.2157426],[-51.6655912,-19.2157818],[-51.6654088,-19.2158198],[-51.6653149,-19.2158261],[-51.6651794,-19.2157995],[-51.6651003,-19.21574],[-51.6650292,-19.2156704],[-51.6649769,-19.2156033],[-51.66493,-19.2155007],[-51.6649193,-19.2154323],[-51.6649367,-19.2153677],[-51.6649756,-19.2152601],[-51.6650802,-19.2150169],[-51.6651338,-19.2148143],[-51.6651472,-19.2147117],[-51.6651405,-19.2145674],[-51.665103,-19.2142849],[-51.6650534,-19.2140329],[-51.6649823,-19.2138164],[-51.6647878,-19.2134896],[-51.6646577,-19.2132731],[-51.6645558,-19.2130464],[-51.6644928,-19.2128336],[-51.6644432,-19.21265],[-51.6644056,-19.2124727],[-51.6642782,-19.2119358],[-51.6642353,-19.2117344],[-51.6641602,-19.2114495],[-51.6640878,-19.211205],[-51.6640221,-19.2109429],[-51.6639818,-19.2106377],[-51.6639242,-19.2102679],[-51.6638839,-19.2099259],[-51.6638437,-19.2095511],[-51.6638061,-19.2092598],[-51.6637377,-19.2087393],[-51.6636908,-19.2084657],[-51.663613,-19.2081073],[-51.6635661,-19.20793],[-51.6634709,-19.2075957],[-51.6634038,-19.2072018],[-51.6633153,-19.2068384],[-51.6632603,-19.2066636],[-51.6631664,-19.2064762],[-51.6630068,-19.2061671],[-51.6628875,-19.205929],[-51.6627386,-19.2056681],[-51.6624141,-19.2050628],[-51.6622934,-19.2048437]]]}},
{"type":"Feature","properties":{"osm_id":"864627175","code":5121,"fclass":"unclassified","name":null,"ref":null,"oneway":"B","maxspeed":0,"layer":0,"bridge":"F","tunnel":"F"},"geometry":{"type":"MultiLineString","coordinates":[[[-51.6904833,-19.1843676],[-51.690248,-19.1759695]]]}},
{"type":"Feature","properties":{"osm_id":"864984131","code":5122,"fclass":"residential","name":"Rua Sebastião Leal","ref":null,"oneway":"B","maxspeed":40,"layer":0,"bridge":"F","tunnel":"F"},"geometry":{"type":"MultiLineString","coordinates":[[[-51.734893,-19.1203664],[-51.7348748,-19.1209372],[-51.7348173,-19.1219983],[-51.7347677,-19.1229132],[-51.734772,-19.1230483]]]}},
{"type":"Feature","properties":{"osm_id":"864984132","code":5113,"fclass":"primary","name":"Rua Sebastião Leal","ref":"MS-112","oneway":"B","maxspeed":40,"layer":0,"bridge":"F","tunnel":"F"},"geometry":{"type":"MultiLineString","coordinates":[[[-51.7349197,-19.1198776],[-51.734893,-19.1203664]]]}},
{"type":"Feature","properties":{"osm_id":"864989462","code":5133,"fclass":"primary_link","name":null,"ref":null,"oneway":"F","maxspeed":0,"layer":0,"bridge":"F","tunnel":"F"},"geometry":{"type":"MultiLineString","coordinates":[[[-51.7989734,-19.0801772],[-51.799086,-19.0801949],[-51.7991799,-19.0802938],[-51.7992201,-19.0803597],[-51.7992604,-19.0804332]]]}},
{"type":"Feature","properties":{"osm_id":"864989463","code":5133,"fclass":"primary_link","name":null,"ref":null,"oneway":"F","maxspeed":0,"layer":0,"bridge":"F","tunnel":"F"},"geometry":{"type":"MultiLineString","coordinates":[[[-51.7982975,-19.0808413],[-51.7982036,-19.0807957],[-51.7981285,-19.0807095],[-51.7981178,-19.0806385],[-51.7981285,-19.0805777],[-51.7981821,-19.0804763]]]}},
{"type":"Feature","properties":{"osm_id":"864989464","code":5121,"fclass":"unclassified","name":null,"ref":null,"oneway":"F","maxspeed":0,"layer":0,"bridge":"F","tunnel":"F"},"geometry":{"type":"MultiLineString","coordinates":[[[-51.799435,-19.080885],[-51.7993033,-19.080745],[-51.7992094,-19.0806563],[-51.799145,-19.0806258],[-51.7990378,-19.0806056],[-51.7988366,-19.0806233]]]}},
{"type":"Feature","properties":{"osm_id":"864989465","code":5121,"fclass":"unclassified","name":null,"ref":null,"oneway":"F","maxspeed":0,"layer":0,"bridge":"F","tunnel":"F"},"geometry":{"type":"MultiLineString","coordinates":[[[-51.7992604,-19.0804332],[-51.7993221,-19.0806208],[-51.7993543,-19.0807146],[-51.799435,-19.080885]]]}},
{"type":"Feature","properties":{"osm_id":"864989466","code":5113,"fclass":"primary","name":"Rodovia MS-306","ref":"MS-306","oneway":"F","maxspeed":0,"layer":0,"bridge":"F","tunnel":"F"},"geometry":{"type":"MultiLineString","coordinates":[[[-51.8000811,-19.0797614],[-51.7997888,-19.0799161],[-51.7996064,-19.080053],[-51.7993972,-19.0802811],[-51.7993382,-19.0803673],[-51.7992604,-19.0804332],[-51.7991102,-19.0805092],[-51.7988366,-19.0806233],[-51.7982975,-19.0808413],[-51.7981741,-19.0808996],[-51.7976108,-19.0809503],[-51.7971227,-19.0809655],[-51.7969805,-19.0809985],[-51.7966853,-19.0810896]]]}},
{"type":"Feature","properties":{"osm_id":"864989467","code":5113,"fclass":"primary","name":"Rodovia MS-306","ref":"MS-306","oneway":"F","maxspeed":0,"layer":0,"bridge":"F","tunnel":"F"},"geometry":{"type":"MultiLineString","coordinates":[[[-51.7966853,-19.0810896],[-51.7968786,-19.0809858],[-51.7981821,-19.0804763],[-51.7989734,-19.0801772],[-51.7997593,-19.0798476],[-51.8000811,-19.0797614]]]}},
{"type":"Feature","properties":{"osm_id":"864989468","code":5113,"fclass":"primary","name":"Rodovia MS-306","ref":"MS-306","oneway":"B","maxspeed":80,"layer":0,"bridge":"F","tunnel":"F"},"geometry":{"type":"MultiLineString","coordinates":[[[-51.7933269,-19.082377],[-51.7966853,-19.0810896]]]}},
{"type":"Feature","properties":{"osm_id":"864989469","code":5113,"fclass":"primary","name":"Rodovia MS-306","ref":"MS-306","oneway":"B","maxspeed":80,"layer":1,"bridge":"T","tunnel":"F"},"geometry":{"type":"MultiLineString","coordinates":[[[-51.7930489,-19.0824845],[-51.7933269,-19.082377]]]}},
{"type":"Feature","properties":{"osm_id":"864989470","code":5113,"fclass":"primary","name":"Rodovia MS-306","ref":"MS-306","oneway":"B","maxspeed":80,"layer":0,"bridge":"F","tunnel":"F"},"geometry":{"type":"MultiLineString","coordinates":[[[-51.7519891,-19.1026446],[-51.7528034,-19.1022325],[-51.7537607,-19.1017398],[-51.7544097,-19.1014058],[-51.7550348,-19.1010694],[-51.7593215,-19.0988778],[-51.7609508,-19.0980393],[-51.7631735,-19.0969046],[-51.7679808,-19.0944504],[-51.771438,-19.0926417],[-51.7766625,-19.0899799],[-51.7777917,-19.0894046],[-51.7778371,-19.089381],[-51.7781977,-19.0891959],[-51.7826488,-19.0868865],[-51.7845006,-19.0859264],[-51.7857338,-19.0853309],[-51.7869284,-19.0848563],[-51.7881265,-19.0844154],[-51.7885382,-19.0842532],[-51.7930489,-19.0824845]]]}},
{"type":"Feature","properties":{"osm_id":"864993817","code":5113,"fclass":"primary","name":null,"ref":"MS-306","oneway":"B","maxspeed":80,"layer":0,"bridge":"F","tunnel":"F"},"geometry":{"type":"MultiLineString","coordinates":[[[-51.95605,-19.0552663],[-51.9665757,-19.053582]]]}},
{"type":"Feature","properties":{"osm_id":"864993818","code":5113,"fclass":"primary","name":null,"ref":"MS-306","oneway":"B","maxspeed":80,"layer":0,"bridge":"F","tunnel":"F"},"geometry":{"type":"MultiLineString","coordinates":[[[-51.9555605,-19.0553467],[-51.9560283,-19.0552699],[-51.95605,-19.0552663]]]}},
{"type":"Feature","properties":{"osm_id":"864993819","code":5113,"fclass":"primary","name":null,"ref":"MS-306","oneway":"B","maxspeed":80,"layer":0,"bridge":"F","tunnel":"F"},"geometry":{"type":"MultiLineString","coordinates":[[[-51.9546964,-19.0554859],[-51.9547223,-19.0554816],[-51.9551575,-19.0554098]]]}},
{"type":"Feature","properties":{"osm_id":"864993820","code":5113,"fclass":"primary","name":null,"ref":"MS-306","oneway":"B","maxspeed":80,"layer":0,"bridge":"F","tunnel":"F"},"geometry":{"type":"MultiLineString","coordinates":[[[-51.9486952,-19.0564469],[-51.9501703,-19.0562107],[-51.9546964,-19.0554859]]]}},
{"type":"Feature","properties":{"osm_id":"864993821","code":5115,"fclass":"tertiary","name":null,"ref":"MS-426","oneway":"F","maxspeed":0,"layer":0,"bridge":"F","tunnel":"F"},"geometry":{"type":"MultiLineString","coordinates":[[[-51.9555571,-19.0554278],[-51.9555421,-19.0554658],[-51.9554895,-19.0555285],[-51.9554144,-19.0555657],[-51.9553299,-19.0555708],[-51.9552875,-19.0555605],[-51.9552485,-19.055542]]]}},
{"type":"Feature","properties":{"osm_id":"864993822","code":5115,"fclass":"tertiary","name":null,"ref":"MS-426","oneway":"F","maxspeed":0,"layer":0,"bridge":"F","tunnel":"F"},"geometry":{"type":"MultiLineString","coordinates":[[[-51.9551053,-19.0550194],[-51.955192,-19.0550789],[-51.9553672,-19.0551869]]]}},
{"type":"Feature","properties":{"osm_id":"864993823","code":5115,"fclass":"tertiary","name":null,"ref":"MS-426","oneway":"F","maxspeed":0,"layer":0,"bridge":"F","tunnel":"F"},"geometry":{"type":"MultiLineString","coordinates":[[[-51.9551946,-19.0552656],[-51.9551343,-19.0551056],[-51.9551053,-19.0550194]]]}},
{"type":"Feature","properties":{"osm_id":"864993826","code":5115,"fclass":"tertiary","name":null,"ref":"MS-426","oneway":"F","maxspeed":0,"layer":0,"bridge":"F","tunnel":"F"},"geometry":{"type":"MultiLineString","coordinates":[[[-51.9556712,-19.0557699],[-51.955554,-19.05569],[-51.9554548,-19.0556341],[-51.9553904,-19.0555961],[-51.9553299,-19.0555708]]]}},
{"type":"Feature","properties":{"osm_id":"865553489","code":5121,"fclass":"unclassified","name":null,"ref":null,"oneway":"B","maxspeed":0,"layer":0,"bridge":"F","tunnel":"F"},"geometry":{"type":"MultiLineString","coordinates":[[[-51.9693921,-19.1133547],[-51.969185,-19.1134222],[-51.9689222,-19.1135363],[-51.9685131,-19.1136921],[-51.9678681,-19.1139329],[-51.9669977,-19.1142332],[-51.9664881,-19.1144246],[-51.9658376,-19.1146717],[-51.9651242,-19.1149568],[-51.9643611,-19.1152672],[-51.963775,-19.1155181],[-51.9630629,-19.1158337],[-51.96256,-19.1160136],[-51.9624607,-19.1160567],[-51.962163,-19.1161897],[-51.9616681,-19.1164001],[-51.9613369,-19.1165293],[-51.9608594,-19.1167143],[-51.9602291,-19.1169779],[-51.9597356,-19.1172098],[-51.9595894,-19.1172605],[-51.9593333,-19.117353],[-51.9591106,-19.1174518],[-51.9587874,-19.117581],[-51.9583409,-19.1177546],[-51.9577414,-19.1180055],[-51.9573377,-19.1181576],[-51.9569662,-19.118283],[-51.9566618,-19.118373],[-51.956183,-19.1185225],[-51.9558826,-19.1186087],[-51.9556023,-19.1186632],[-51.9555058,-19.118686],[-51.9553006,-19.1187025],[-51.9551557,-19.1186442],[-51.9550458,-19.1185681],[-51.9549827,-19.1184364],[-51.9549385,-19.1182818],[-51.9549412,-19.1178433],[-51.9549894,-19.1175798],[-51.9549935,-19.1174657],[-51.9549827,-19.1173745],[-51.9549519,-19.1172224],[-51.9548339,-19.1169158],[-51.9547588,-19.1166421],[-51.9546542,-19.1162341],[-51.9545281,-19.1158641],[-51.9543645,-19.1153293],[-51.954284,-19.1150708],[-51.9542357,-19.1149441],[-51.9541271,-19.1146438],[-51.954044,-19.1143688],[-51.9538978,-19.1139912],[-51.9536591,-19.1133221],[-51.9535746,-19.1130117],[-51.9535249,-19.1128013],[-51.9534968,-19.112743],[-51.9534525,-19.1126974],[-51.9534267,-19.1126784],[-51.9533922,-19.1126645],[-51.95336,-19.1126645],[-51.9533278,-19.1126721],[-51.9532527,-19.1127101],[-51.9531642,-19.112795],[-51.9530998,-19.1128368],[-51.9530492,-19.1128545],[-51.9529939,-19.1128698],[-51.952841,-19.1128875],[-51.9525902,-19.1128976],[-51.9519666,-19.1129306],[-51.9513202,-19.1129673],[-51.9506362,-19.1130079],[-51.9499496,-19.1130383],[-51.9490618,-19.113075],[-51.9478735,-19.1131384],[-51.9458887,-19.1132157],[-51.9453737,-19.1132385],[-51.9445798,-19.1133044],[-51.9437563,-19.1133424],[-51.9430295,-19.1133525],[-51.9426727,-19.1133741],[-51.9419593,-19.1134108],[-51.941738,-19.1134083],[-51.9416213,-19.1133994],[-51.9415154,-19.1133912],[-51.9414262,-19.1133931],[-51.9413263,-19.1134134],[-51.9412639,-19.1134311],[-51.9411613,-19.1134869],[-51.9411197,-19.1135261],[-51.9409897,-19.1136858],[-51.940761,-19.1139152],[-51.9405095,-19.1141458],[-51.9400764,-19.1145259],[-51.9397116,-19.1148529],[-51.9395996,-19.114939],[-51.9394675,-19.115029],[-51.939379,-19.1151025],[-51.9393186,-19.1151887],[-51.9393099,-19.115228],[-51.9393146,-19.1152736],[-51.9393381,-19.1153407],[-51.939379,-19.1153927],[-51.939961,-19.1160161]]]}},
{"type":"Feature","properties":{"osm_id":"865553490","code":5121,"fclass":"unclassified","name":null,"ref":null,"oneway":"B","maxspeed":0,"layer":0,"bridge":"F","tunnel":"F"},"geometry":{"type":"MultiLineString","coordinates":[[[-51.9719338,-19.1409453],[-51.971709,-19.1410316],[-51.9715829,-19.1411152],[-51.971312,-19.1413078],[-51.9710036,-19.1414852],[-51.9707139,-19.1416499],[-51.9701935,-19.1419489],[-51.9697751,-19.1422023],[-51.9693017,-19.1424861],[-51.968717,-19.1428358],[-51.9682047,-19.1431449],[-51.9678453,-19.1433527],[-51.9673276,-19.1436542],[-51.9668019,-19.1439722],[-51.9664344,-19.1441939],[-51.9658376,-19.1445449],[-51.9652636,-19.1448907],[-51.9646052,-19.1452657],[-51.9641076,-19.1455635],[-51.9636288,-19.1458397],[-51.9632319,-19.1460664],[-51.9631474,-19.1461045],[-51.9630522,-19.1461285],[-51.9629429,-19.1461469],[-51.9627987,-19.1461539],[-51.9626404,-19.1461589],[-51.9625573,-19.1461501],[-51.9624339,-19.146126],[-51.9620785,-19.1460082],[-51.9615461,-19.1458371],[-51.9613369,-19.1457966],[-51.9610217,-19.1457218],[-51.9608997,-19.1456978],[-51.9607173,-19.1456927],[-51.9604236,-19.1456737],[-51.9599623,-19.145637],[-51.9598402,-19.145637],[-51.9596954,-19.145642],[-51.9594567,-19.1456826],[-51.9593279,-19.1456965],[-51.9592287,-19.1456978],[-51.9591834,-19.1456892],[-51.9591375,-19.1456724],[-51.9590329,-19.1456129],[-51.9587781,-19.1454051],[-51.9584213,-19.1450782],[-51.9579975,-19.1447045],[-51.9576623,-19.1444131],[-51.9576073,-19.1443916],[-51.9575053,-19.1443738],[-51.9573364,-19.1443726],[-51.9569877,-19.1443941],[-51.9568375,-19.144408],[-51.9567342,-19.1444093],[-51.9565961,-19.1443928],[-51.9564419,-19.1443688],[-51.9563533,-19.1443637],[-51.9561709,-19.1443675],[-51.9559819,-19.1443802],[-51.9558156,-19.1443878],[-51.9557042,-19.1444042],[-51.9555768,-19.144446],[-51.9554568,-19.1444948],[-51.9554132,-19.1445214],[-51.9553743,-19.1445582],[-51.9553529,-19.1446196],[-51.9553556,-19.1446766],[-51.9553944,-19.1448451],[-51.9554132,-19.1450744]]]}},
{"type":"Feature","properties":{"osm_id":"873445463","code":5121,"fclass":"unclassified","name":null,"ref":null,"oneway":"B","maxspeed":0,"layer":0,"bridge":"F","tunnel":"F"},"geometry":{"type":"MultiLineString","coordinates":[[[-52.3395297,-18.9842001],[-52.3395471,-18.9839211],[-52.3395967,-18.9834684],[-52.3397885,-18.9820696],[-52.3398757,-18.980946],[-52.3398891,-18.9805072],[-52.3398972,-18.9803233],[-52.3399588,-18.9795003],[-52.3399213,-18.9790919],[-52.3398194,-18.9788129],[-52.3396249,-18.9786785],[-52.3392186,-18.9784958],[-52.3390818,-18.9783614],[-52.3390616,-18.9782663],[-52.3390871,-18.9780837],[-52.3392373,-18.9771351],[-52.3395753,-18.9754242],[-52.3397255,-18.9747153],[-52.3398757,-18.9736918],[-52.3398609,-18.9731807],[-52.3397684,-18.972662],[-52.3395807,-18.970993],[-52.33946,-18.9696575],[-52.33935,-18.9682079],[-52.3393714,-18.9678401],[-52.3394626,-18.9675306],[-52.3396692,-18.9669446],[-52.3399052,-18.9661608],[-52.3403142,-18.965013],[-52.3405261,-18.9644119],[-52.3406254,-18.9641341],[-52.3409848,-18.9631334],[-52.3410223,-18.962966],[-52.3410612,-18.9626324],[-52.3410679,-18.9624701],[-52.3410518,-18.9622862],[-52.3409311,-18.9618892],[-52.3408708,-18.9616279],[-52.3407997,-18.9612512],[-52.3407166,-18.960976],[-52.3406079,-18.960683],[-52.3403397,-18.9594337],[-52.3402137,-18.9589403],[-52.3399682,-18.9581032],[-52.3397134,-18.9571709],[-52.3394197,-18.9561943],[-52.339299,-18.9558822],[-52.3390818,-18.9551872],[-52.3389182,-18.9547407],[-52.3385078,-18.9533404],[-52.3380089,-18.9516915],[-52.3375851,-18.9499563],[-52.3374711,-18.9495948],[-52.3372324,-18.9488845],[-52.3368421,-18.94746],[-52.3366101,-18.9466495],[-52.3364988,-18.9461155]]]}},
{"type":"Feature","properties":{"osm_id":"873445464","code":5121,"fclass":"unclassified","name":null,"ref":null,"oneway":"B","maxspeed":0,"layer":0,"bridge":"F","tunnel":"F"},"geometry":{"type":"MultiLineString","coordinates":[[[-52.3395297,-18.9842001],[-52.3393493,-18.9843102]]]}},
{"type":"Feature","properties":{"osm_id":"873445465","code":5121,"fclass":"unclassified","name":null,"ref":null,"oneway":"B","maxspeed":0,"layer":0,"bridge":"F","tunnel":"F"},"geometry":{"type":"MultiLineString","coordinates":[[[-52.3395781,-18.9844536],[-52.3395297,-18.9842001]]]}},
{"type":"Feature","properties":{"osm_id":"873445466","code":5121,"fclass":"unclassified","name":null,"ref":null,"oneway":"B","maxspeed":0,"layer":0,"bridge":"F","tunnel":"F"},"geometry":{"type":"MultiLineString","coordinates":[[[-52.3316672,-18.9792969],[-52.3316118,-18.9794546],[-52.3315662,-18.9796131],[-52.3309064,-18.9823308],[-52.330319,-18.9846858],[-52.3300266,-18.9860313],[-52.3297665,-18.9870953],[-52.3295559,-18.9878663],[-52.3293829,-18.9886437],[-52.3293185,-18.9889227]]]}},
{"type":"Feature","properties":{"osm_id":"873445467","code":5121,"fclass":"unclassified","name":null,"ref":null,"oneway":"B","maxspeed":0,"layer":0,"bridge":"F","tunnel":"F"},"geometry":{"type":"MultiLineString","coordinates":[[[-52.3607892,-18.993974],[-52.3607996,-18.9943375],[-52.3608264,-18.9951972],[-52.3607909,-18.9978355],[-52.3607969,-18.9984967],[-52.3608211,-18.9985931],[-52.3608989,-18.9986527],[-52.3616619,-18.9990598]]]}},
{"type":"Feature","properties":{"osm_id":"881089323","code":5133,"fclass":"primary_link","name":null,"ref":null,"oneway":"F","maxspeed":40,"layer":0,"bridge":"F","tunnel":"F"},"geometry":{"type":"MultiLineString","coordinates":[[[-51.9560283,-19.0552699],[-51.9557995,-19.0553337],[-51.9556654,-19.055373],[-51.9556104,-19.0553933],[-51.9555571,-19.0554278]]]}},
{"type":"Feature","properties":{"osm_id":"881089324","code":5133,"fclass":"primary_link","name":null,"ref":null,"oneway":"F","maxspeed":40,"layer":0,"bridge":"F","tunnel":"F"},"geometry":{"type":"MultiLineString","coordinates":[[[-51.9552485,-19.055542],[-51.9551678,-19.0555251],[-51.9550283,-19.0555074],[-51.9549063,-19.055496],[-51.9547223,-19.0554816]]]}},
{"type":"Feature","properties":{"osm_id":"881089325","code":5113,"fclass":"primary","name":"Rodovia MS-306","ref":"MS-306","oneway":"B","maxspeed":0,"layer":0,"bridge":"F","tunnel":"F"},"geometry":{"type":"MultiLineString","coordinates":[[[-51.7468912,-19.1054608],[-51.74693,-19.1054311],[-51.7472519,-19.1051842],[-51.7473914,-19.1050772],[-51.7476022,-19.1049482],[-51.7482088,-19.1045771],[-51.749272,-19.1040127],[-51.7504246,-19.1034317],[-51.7510099,-19.1031366],[-51.7519891,-19.1026446]]]}},
{"type":"Feature","properties":{"osm_id":"883128550","code":5121,"fclass":"unclassified","name":null,"ref":null,"oneway":"B","maxspeed":0,"layer":1,"bridge":"T","tunnel":"F"},"geometry":{"type":"MultiLineString","coordinates":[[[-52.4100369,-19.0815472],[-52.4098814,-19.0816854]]]}},
{"type":"Feature","properties":{"osm_id":"883128551","code":5121,"fclass":"unclassified","name":null,"ref":null,"oneway":"B","maxspeed":0,"layer":0,"bridge":"F","tunnel":"F"},"geometry":{"type":"MultiLineString","coordinates":[[[-52.4104741,-19.0812038],[-52.4100369,-19.0815472]]]}},
{"type":"Feature","properties":{"osm_id":"883128552","code":5121,"fclass":"unclassified","name":null,"ref":null,"oneway":"B","maxspeed":0,"layer":0,"bridge":"F","tunnel":"F"},"geometry":{"type":"MultiLineString","coordinates":[[[-52.4098814,-19.0816854],[-52.4094898,-19.0821569],[-52.4090539,-19.0828818],[-52.4088205,-19.0831607],[-52.408205,-19.0834991],[-52.404635,-19.0861796],[-52.4011749,-19.0888107],[-52.399528,-19.0903822],[-52.3944023,-19.09516],[-52.3912346,-19.0981001],[-52.3889682,-19.1002621],[-52.3877826,-19.1013292],[-52.3869324,-19.1021478],[-52.3861331,-19.1027079],[-52.3839256,-19.1040259],[-52.3836413,-19.1041653],[-52.3833892,-19.1042236],[-52.3790199,-19.1048192],[-52.3777578,-19.1049575]]]}},
{"type":"Feature","properties":{"osm_id":"883183225","code":5121,"fclass":"unclassified","name":null,"ref":null,"oneway":"B","maxspeed":0,"layer":0,"bridge":"F","tunnel":"F"},"geometry":{"type":"MultiLineString","coordinates":[[[-52.3861339,-18.9957556],[-52.3860419,-18.9975051],[-52.3860204,-18.9984587],[-52.3859024,-19.0017201],[-52.385897,-19.0022628],[-52.3859668,-19.0026001],[-52.3860633,-19.0028486],[-52.3862404,-19.0030794],[-52.3883459,-19.0056611],[-52.3888046,-19.0062545],[-52.3891667,-19.0066374],[-52.389333,-19.0069316]]]}},
{"type":"Feature","properties":{"osm_id":"883184362","code":5115,"fclass":"tertiary","name":null,"ref":"MS-229","oneway":"B","maxspeed":0,"layer":1,"bridge":"T","tunnel":"F"},"geometry":{"type":"MultiLineString","coordinates":[[[-52.4158613,-19.0019724],[-52.4156883,-19.0019306]]]}},
{"type":"Feature","properties":{"osm_id":"883184363","code":5115,"fclass":"tertiary","name":null,"ref":"MS-229","oneway":"B","maxspeed":0,"layer":0,"bridge":"F","tunnel":"F"},"geometry":{"type":"MultiLineString","coordinates":[[[-52.4156883,-19.0019306],[-52.390554,-18.9960938],[-52.3861339,-18.9957556],[-52.3746431,-18.9948764],[-52.3714619,-18.9942951],[-52.3701434,-18.9940542]]]}},
{"type":"Feature","properties":{"osm_id":"883197937","code":5121,"fclass":"unclassified","name":null,"ref":null,"oneway":"B","maxspeed":0,"layer":0,"bridge":"F","tunnel":"F"},"geometry":{"type":"MultiLineString","coordinates":[[[-52.1932876,-18.952072],[-52.1933895,-18.9519858],[-52.1982712,-18.9495453],[-52.1991965,-18.9490278],[-52.2085896,-18.9441164],[-52.2087666,-18.9439794],[-52.2090483,-18.9436597],[-52.2138441,-18.9359701],[-52.2139514,-18.9356809],[-52.2139996,-18.9353054],[-52.2139353,-18.9331717],[-52.213895,-18.9328317],[-52.2138897,-18.9311471],[-52.2139379,-18.9306803],[-52.2138816,-18.9288865],[-52.2137797,-18.9280188],[-52.2136617,-18.9218001],[-52.2135651,-18.919212],[-52.2135142,-18.9189355],[-52.2135356,-18.9185574],[-52.2134846,-18.917205],[-52.2134525,-18.9169107],[-52.2134659,-18.9164743],[-52.2134176,-18.9155735],[-52.2133881,-18.9153984],[-52.2134149,-18.9150508],[-52.2133479,-18.913975],[-52.2133559,-18.9137593],[-52.2134686,-18.9130488],[-52.2130394,-18.8989885],[-52.2129643,-18.8987956],[-52.2121409,-18.8832951],[-52.2121328,-18.882483],[-52.2118592,-18.8804223]]]}},
{"type":"Feature","properties":{"osm_id":"883686535","code":5122,"fclass":"residential","name":null,"ref":null,"oneway":"F","maxspeed":0,"layer":0,"bridge":"F","tunnel":"F"},"geometry":{"type":"MultiLineString","coordinates":[[[-51.7453203,-19.1135073],[-51.7454124,-19.1134355],[-51.7454794,-19.1133437]]]}},
{"type":"Feature","properties":{"osm_id":"883686536","code":5122,"fclass":"residential","name":null,"ref":null,"oneway":"F","maxspeed":0,"layer":0,"bridge":"F","tunnel":"F"},"geometry":{"type":"MultiLineString","coordinates":[[[-51.7455592,-19.1142579],[-51.745582,-19.1142998],[-51.7456075,-19.1143327],[-51.7456611,-19.1143612],[-51.7457128,-19.1143774]]]}},
{"type":"Feature","properties":{"osm_id":"883686537","code":5122,"fclass":"residential","name":null,"ref":null,"oneway":"F","maxspeed":0,"layer":0,"bridge":"F","tunnel":"F"},"geometry":{"type":"MultiLineString","coordinates":[[[-51.7452955,-19.1159404],[-51.7453872,-19.116005],[-51.7454667,-19.1160307]]]}},
{"type":"Feature","properties":{"osm_id":"883686538","code":5122,"fclass":"residential","name":null,"ref":null,"oneway":"F","maxspeed":0,"layer":0,"bridge":"F","tunnel":"F"},"geometry":{"type":"MultiLineString","coordinates":[[[-51.7478729,-19.1134799],[-51.747888,-19.1134976],[-51.747886,-19.1135223],[-51.7474676,-19.1139348]]]}},
{"type":"Feature","properties":{"osm_id":"883686539","code":5122,"fclass":"residential","name":null,"ref":null,"oneway":"F","maxspeed":0,"layer":0,"bridge":"F","tunnel":"F"},"geometry":{"type":"MultiLineString","coordinates":[[[-51.7473586,-19.1138863],[-51.7478284,-19.1134774],[-51.7478532,-19.1134691],[-51.7478729,-19.1134799]]]}},
{"type":"Feature","properties":{"osm_id":"883686540","code":5122,"fclass":"residential","name":null,"ref":null,"oneway":"F","maxspeed":0,"layer":0,"bridge":"F","tunnel":"F"},"geometry":{"type":"MultiLineString","coordinates":[[[-51.7455155,-19.1151033],[-51.7458777,-19.1149479],[-51.7465824,-19.1144851],[-51.7473586,-19.1138863]]]}},
{"type":"Feature","properties":{"osm_id":"883694466","code":5122,"fclass":"residential","name":"Avenida Juscelino Kubitschek de Oliveira","ref":null,"oneway":"F","maxspeed":0,"layer":0,"bridge":"F","tunnel":"F"},"geometry":{"type":"MultiLineString","coordinates":[[[-51.7453404,-19.1071281],[-51.7451364,-19.1070501]]]}},
{"type":"Feature","properties":{"osm_id":"883694467","code":5122,"fclass":"residential","name":"Avenida Juscelino Kubitschek de Oliveira","ref":null,"oneway":"F","maxspeed":0,"layer":0,"bridge":"F","tunnel":"F"},"geometry":{"type":"MultiLineString","coordinates":[[[-51.7451364,-19.1070501],[-51.7453695,-19.1070124]]]}},
{"type":"Feature","properties":{"osm_id":"883707162","code":5141,"fclass":"service","name":null,"ref":null,"oneway":"B","maxspeed":0,"layer":0,"bridge":"F","tunnel":"F"},"geometry":{"type":"MultiLineString","coordinates":[[[-51.7473914,-19.1050772],[-51.7472378,-19.1049341],[-51.7470995,-19.1048052]]]}},
{"type":"Feature","properties":{"osm_id":"883707163","code":5141,"fclass":"service","name":null,"ref":null,"oneway":"B","maxspeed":0,"layer":0,"bridge":"F","tunnel":"F"},"geometry":{"type":"MultiLineString","coordinates":[[[-51.7470995,-19.1048052],[-51.7468674,-19.1045721],[-51.7467602,-19.1045182],[-51.7466281,-19.1045347],[-51.7465087,-19.1045904],[-51.7464135,-19.1047514],[-51.7462601,-19.1050952]]]}},
{"type":"Feature","properties":{"osm_id":"883707164","code":5141,"fclass":"service","name":null,"ref":null,"oneway":"B","maxspeed":0,"layer":0,"bridge":"F","tunnel":"F"},"geometry":{"type":"MultiLineString","coordinates":[[[-51.7464659,-19.1052024],[-51.7470995,-19.1048052]]]}},
{"type":"Feature","properties":{"osm_id":"883738424","code":5121,"fclass":"unclassified","name":null,"ref":null,"oneway":"B","maxspeed":0,"layer":0,"bridge":"F","tunnel":"F"},"geometry":{"type":"MultiLineString","coordinates":[[[-52.4162421,-19.214767],[-52.4165091,-19.2147864],[-52.4170214,-19.2146889],[-52.4173768,-19.2146269],[-52.4178502,-19.2145446],[-52.4183598,-19.2144584],[-52.4188533,-19.2143799],[-52.419257,-19.2143521],[-52.4194354,-19.2144015],[-52.4195977,-19.2145509],[-52.4198283,-19.2148105],[-52.4200724,-19.2150017],[-52.4202696,-19.21516],[-52.4204077,-19.2152588],[-52.4205445,-19.2152803],[-52.4207443,-19.2152499]]]}},
{"type":"Feature","properties":{"osm_id":"883738766","code":5121,"fclass":"unclassified","name":null,"ref":null,"oneway":"B","maxspeed":0,"layer":0,"bridge":"F","tunnel":"F"},"geometry":{"type":"MultiLineString","coordinates":[[[-51.7639035,-19.1174898],[-51.7633905,-19.1171933],[-51.7631961,-19.1170926],[-51.7626965,-19.1168315],[-51.7626221,-19.1167631],[-51.7625879,-19.1166795],[-51.7625704,-19.1164216],[-51.7625047,-19.1161314],[-51.7624397,-19.1160174],[-51.7623203,-19.115935],[-51.7620394,-19.1157804],[-51.7619897,-19.1157215],[-51.7619509,-19.1156252],[-51.761914,-19.1154041],[-51.7619187,-19.1151221],[-51.7618965,-19.1150157],[-51.7618348,-19.1149283],[-51.7615438,-19.1147477],[-51.7609195,-19.1143739],[-51.7604951,-19.1141154],[-51.7603274,-19.1139823],[-51.7602302,-19.1138562]]]}},
{"type":"Feature","properties":{"osm_id":"883741269","code":5121,"fclass":"unclassified","name":"Rua Anizia Felicia Vieira","ref":null,"oneway":"B","maxspeed":0,"layer":0,"bridge":"F","tunnel":"F"},"geometry":{"type":"MultiLineString","coordinates":[[[-51.7495332,-19.1091288],[-51.7494892,-19.1092039]]]}},
{"type":"Feature","properties":{"osm_id":"883776453","code":5122,"fclass":"residential","name":null,"ref":null,"oneway":"B","maxspeed":0,"layer":0,"bridge":"F","tunnel":"F"},"geometry":{"type":"MultiLineString","coordinates":[[[-51.7454168,-19.1125191],[-51.7454764,-19.1124979],[-51.7455719,-19.1124643]]]}},
{"type":"Feature","properties":{"osm_id":"883776454","code":5122,"fclass":"residential","name":null,"ref":null,"oneway":"B","maxspeed":0,"layer":0,"bridge":"F","tunnel":"F"},"geometry":{"type":"MultiLineString","coordinates":[[[-51.7455726,-19.1135692],[-51.7454794,-19.1133437],[-51.7454097,-19.1131257],[-51.7453822,-19.1129781],[-51.7453748,-19.1128786],[-51.7453896,-19.1127095],[-51.7454168,-19.1125191]]]}},
{"type":"Feature","properties":{"osm_id":"883791022","code":5121,"fclass":"unclassified","name":null,"ref":null,"oneway":"B","maxspeed":0,"layer":0,"bridge":"F","tunnel":"F"},"geometry":{"type":"MultiLineString","coordinates":[[[-52.485450781772556,-18.854180435744304],[-52.4845058,-18.8529879],[-52.4827194,-18.8508582],[-52.4803135,-18.8479467],[-52.4787176,-18.8460252],[-52.4784279,-18.8457231],[-52.4783394,-18.8456647],[-52.4782026,-18.8456165],[-52.472527,-18.8445986],[-52.4656257,-18.843441],[-52.4632868,-18.8430654],[-52.4629086,-18.8429638],[-52.4613288,-18.8422556],[-52.4606502,-18.8421566],[-52.4603337,-18.8421058],[-52.4600735,-18.841989],[-52.457335,-18.8377878]]]}},
{"type":"Feature","properties":{"osm_id":"883791023","code":5121,"fclass":"unclassified","name":null,"ref":null,"oneway":"B","maxspeed":0,"layer":0,"bridge":"F","tunnel":"F"},"geometry":{"type":"MultiLineString","coordinates":[[[-52.487396590750727,-18.875523476446169],[-52.4864745,-18.8747119],[-52.4858777,-18.8741675],[-52.4840927,-18.8725343],[-52.4833564,-18.8718668],[-52.4793908,-18.8683008],[-52.4785861,-18.8675623],[-52.478385,-18.8673237],[-52.4779639,-18.8664709],[-52.4776018,-18.8657475],[-52.4767113,-18.8640038],[-52.4753058,-18.8612474],[-52.4752446,-18.8611329],[-52.4742933,-18.8593541]]]}},
{"type":"Feature","properties":{"osm_id":"883793299","code":5121,"fclass":"unclassified","name":null,"ref":null,"oneway":"B","maxspeed":0,"layer":0,"bridge":"F","tunnel":"F"},"geometry":{"type":"MultiLineString","coordinates":[[[-52.0060601,-19.186025],[-52.0068211,-19.1850919],[-52.0089595,-19.1824795],[-52.0093196,-19.1819785],[-52.0097977,-19.1810589],[-52.0105501,-19.1795801],[-52.0107284,-19.1793198],[-52.0119119,-19.1779011],[-52.0139806,-19.1753715],[-52.014458,-19.1747762],[-52.0145613,-19.1746077],[-52.0146035,-19.1743721],[-52.0146116,-19.1741884],[-52.0146478,-19.1737495],[-52.0147065,-19.1729642],[-52.0147658,-19.1727165],[-52.0150575,-19.1719071],[-52.0153753,-19.1709583],[-52.0156047,-19.1703658],[-52.0158521,-19.1696339],[-52.0158776,-19.1694857],[-52.0158903,-19.1691779],[-52.0158555,-19.1686453],[-52.0158219,-19.1682285],[-52.0158159,-19.167794],[-52.0158541,-19.1671315],[-52.0159037,-19.1662979],[-52.0159668,-19.1659382],[-52.0161559,-19.1655607],[-52.0164147,-19.1651515],[-52.0164965,-19.16494],[-52.0165461,-19.1645878],[-52.016575,-19.1640076],[-52.0166481,-19.1628232],[-52.0166668,-19.162167],[-52.0166977,-19.1616793],[-52.0167325,-19.1609635],[-52.0167728,-19.1606544],[-52.0168023,-19.1604264],[-52.0168211,-19.1599247],[-52.016866,-19.1589436],[-52.0168935,-19.1587859],[-52.0168774,-19.1586174],[-52.0168599,-19.1583931],[-52.0169109,-19.1579776],[-52.0169592,-19.157538],[-52.0170209,-19.1572669],[-52.0171845,-19.1567754],[-52.0173642,-19.1562066]]]}},
{"type":"Feature","properties":{"osm_id":"884588525","code":5121,"fclass":"unclassified","name":null,"ref":null,"oneway":"B","maxspeed":0,"layer":0,"bridge":"F","tunnel":"F"},"geometry":{"type":"MultiLineString","coordinates":[[[-51.7334897,-19.125848],[-51.7338775,-19.1258907],[-51.7354305,-19.1264901],[-51.7363291,-19.1269209],[-51.7363948,-19.1269589],[-51.7376138,-19.1279573],[-51.7376634,-19.1280194],[-51.7377225,-19.1281246],[-51.7378069,-19.128653],[-51.7377935,-19.1290293],[-51.737811,-19.1290799],[-51.7378727,-19.1291496],[-51.7379344,-19.1292599],[-51.7380054,-19.1296843]]]}},
{"type":"Feature","properties":{"osm_id":"884612248","code":5121,"fclass":"unclassified","name":null,"ref":null,"oneway":"B","maxspeed":0,"layer":0,"bridge":"F","tunnel":"F"},"geometry":{"type":"MultiLineString","coordinates":[[[-51.7405665,-19.1239696],[-51.7405669,-19.1240712],[-51.7405777,-19.1241206],[-51.7406085,-19.12417],[-51.7406957,-19.1242271],[-51.7408714,-19.1242752],[-51.7409304,-19.1243056],[-51.7409854,-19.1243715],[-51.7411932,-19.1247238],[-51.7413233,-19.1248707],[-51.7416143,-19.1250773],[-51.7428669,-19.1267942],[-51.743276,-19.1273973],[-51.7432961,-19.1274885],[-51.7432813,-19.1276507],[-51.7432317,-19.1278142],[-51.743107,-19.1280346],[-51.7427529,-19.1282754],[-51.742651,-19.1283793],[-51.7425974,-19.1284819],[-51.7425665,-19.1286453],[-51.7425464,-19.1289925]]]}},
{"type":"Feature","properties":{"osm_id":"885838198","code":5121,"fclass":"unclassified","name":null,"ref":null,"oneway":"B","maxspeed":0,"layer":0,"bridge":"F","tunnel":"F"},"geometry":{"type":"MultiLineString","coordinates":[[[-51.973832,-19.095705],[-51.9753528,-19.098564],[-51.976077,-19.0999529],[-51.976608,-19.1009921],[-51.9781315,-19.1028626]]]}},
{"type":"Feature","properties":{"osm_id":"885838199","code":5121,"fclass":"unclassified","name":null,"ref":null,"oneway":"B","maxspeed":0,"layer":0,"bridge":"F","tunnel":"F"},"geometry":{"type":"MultiLineString","coordinates":[[[-52.0173642,-19.1562066],[-52.0178872,-19.1550246],[-52.0179965,-19.1548035],[-52.0180428,-19.1545989],[-52.0179623,-19.1540871],[-52.0178121,-19.1536817],[-52.0175868,-19.153175],[-52.0171416,-19.1527544],[-52.0167983,-19.1525821],[-52.0165595,-19.1525422],[-52.0162886,-19.1524959],[-52.0147249,-19.1519943],[-52.0117879,-19.1511784],[-52.0081629,-19.1500255],[-52.0075071,-19.1497645],[-52.0067614,-19.149501],[-52.0066863,-19.1494554],[-52.0064503,-19.1492324],[-52.0058119,-19.1484014],[-52.004723,-19.1462831],[-52.0038164,-19.1446462],[-52.0030546,-19.1436681],[-52.002781,-19.1432374],[-52.0026898,-19.1429282],[-52.0026791,-19.1426444],[-52.0029205,-19.1403842],[-52.0028105,-19.1393123],[-52.0025906,-19.1385015],[-52.0024458,-19.1382506],[-52.0023868,-19.1382025],[-52.000933,-19.1375411],[-52.0008042,-19.1374524],[-52.0005924,-19.1371889],[-51.9998708,-19.1360815],[-51.9993264,-19.1353112],[-51.9981971,-19.133996],[-51.997548,-19.1332232],[-51.997481,-19.1331699],[-51.9969553,-19.1329089],[-51.996266,-19.1324275],[-51.9956222,-19.1317433],[-51.9952118,-19.1314696],[-51.994949,-19.1312491],[-51.9943455,-19.1304737],[-51.9940585,-19.1302],[-51.9929856,-19.1293486],[-51.9920763,-19.1283603],[-51.9920012,-19.1282336],[-51.9919798,-19.1281018],[-51.9920012,-19.12797],[-51.9921353,-19.127671],[-51.9929749,-19.126784],[-51.9932082,-19.1264369],[-51.9932297,-19.126333],[-51.993227,-19.1261378],[-51.9931573,-19.1259452],[-51.9930366,-19.1256234],[-51.992763,-19.1248454],[-51.9925511,-19.1242473],[-51.9920093,-19.1231703],[-51.9919288,-19.123036],[-51.9917142,-19.1223163],[-51.9913897,-19.1208844],[-51.9908452,-19.1194323],[-51.990357,-19.118117],[-51.9902793,-19.1179979],[-51.9891447,-19.1163583],[-51.9885734,-19.1156968],[-51.9882649,-19.1152001],[-51.9873583,-19.1139177],[-51.9870579,-19.1135477],[-51.98569,-19.1119156],[-51.9843677,-19.1102986],[-51.9830078,-19.1086335],[-51.9804624,-19.1056403],[-51.9781315,-19.1028626]]]}},
{"type":"Feature","properties":{"osm_id":"885846099","code":5122,"fclass":"residential","name":"Avenida Roberto Silveira de Brito","ref":null,"oneway":"F","maxspeed":0,"layer":0,"bridge":"F","tunnel":"F"},"geometry":{"type":"MultiLineString","coordinates":[[[-51.7238486,-19.1202258],[-51.724147,-19.1201466]]]}},
{"type":"Feature","properties":{"osm_id":"885846100","code":5122,"fclass":"residential","name":"Avenida Doutor Adaias M. Moreira","ref":null,"oneway":"F","maxspeed":0,"layer":0,"bridge":"F","tunnel":"F"},"geometry":{"type":"MultiLineString","coordinates":[[[-51.7241552,-19.1202757],[-51.7241904,-19.1203654]]]}},
{"type":"Feature","properties":{"osm_id":"885846101","code":5122,"fclass":"residential","name":"Avenida Doutor Adaias M. Moreira","ref":null,"oneway":"F","maxspeed":0,"layer":0,"bridge":"F","tunnel":"F"},"geometry":{"type":"MultiLineString","coordinates":[[[-51.7241579,-19.1203564],[-51.7241552,-19.1202757]]]}},
{"type":"Feature","properties":{"osm_id":"885846102","code":5122,"fclass":"residential","name":"Avenida Roberto Silveira de Brito","ref":null,"oneway":"F","maxspeed":0,"layer":0,"bridge":"F","tunnel":"F"},"geometry":{"type":"MultiLineString","coordinates":[[[-51.7241904,-19.1203654],[-51.7241579,-19.1203564],[-51.7240942,-19.1203317],[-51.7239738,-19.1202792],[-51.7238486,-19.1202258]]]}},
{"type":"Feature","properties":{"osm_id":"885846103","code":5122,"fclass":"residential","name":"Avenida Roberto Silveira de Brito","ref":null,"oneway":"F","maxspeed":0,"layer":0,"bridge":"F","tunnel":"F"},"geometry":{"type":"MultiLineString","coordinates":[[[-51.7241904,-19.1203654],[-51.7242153,-19.1204134],[-51.724459,-19.1208022],[-51.7245665,-19.1209476]]]}},
{"type":"Feature","properties":{"osm_id":"885846104","code":5122,"fclass":"residential","name":"Avenida Doutor Adaias M. Moreira","ref":null,"oneway":"F","maxspeed":0,"layer":0,"bridge":"F","tunnel":"F"},"geometry":{"type":"MultiLineString","coordinates":[[[-51.7239641,-19.1214116],[-51.7240947,-19.1208839],[-51.724151,-19.1206628],[-51.7241598,-19.1205734],[-51.7241639,-19.120453],[-51.7241579,-19.1203564]]]}},
{"type":"Feature","properties":{"osm_id":"885849982","code":5141,"fclass":"service","name":null,"ref":null,"oneway":"B","maxspeed":0,"layer":0,"bridge":"F","tunnel":"F"},"geometry":{"type":"MultiLineString","coordinates":[[[-52.0165595,-19.1525422],[-52.0198828,-19.1511328],[-52.0243084,-19.1494352]]]}},
{"type":"Feature","properties":{"osm_id":"885850182","code":5141,"fclass":"service","name":null,"ref":null,"oneway":"B","maxspeed":0,"layer":0,"bridge":"F","tunnel":"F"},"geometry":{"type":"MultiLineString","coordinates":[[[-51.722805,-19.1218541],[-51.7229247,-19.1219862],[-51.7230124,-19.1220962]]]}},
{"type":"Feature","properties":{"osm_id":"885850183","code":5141,"fclass":"service","name":null,"ref":null,"oneway":"B","maxspeed":0,"layer":0,"bridge":"F","tunnel":"F"},"geometry":{"type":"MultiLineString","coordinates":[[[-51.722762,-19.1223189],[-51.7227624,-19.1221414],[-51.7227718,-19.1220058],[-51.722805,-19.1218541]]]}},
{"type":"Feature","properties":{"osm_id":"885850184","code":5141,"fclass":"service","name":null,"ref":null,"oneway":"B","maxspeed":0,"layer":0,"bridge":"F","tunnel":"F"},"geometry":{"type":"MultiLineString","coordinates":[[[-51.7233498,-19.1214661],[-51.7231078,-19.121423],[-51.7229555,-19.1214521],[-51.7228034,-19.121613],[-51.7227786,-19.1217347],[-51.722805,-19.1218541]]]}},
{"type":"Feature","properties":{"osm_id":"885850185","code":5141,"fclass":"service","name":null,"ref":null,"oneway":"B","maxspeed":0,"layer":0,"bridge":"F","tunnel":"F"},"geometry":{"type":"MultiLineString","coordinates":[[[-51.7235428,-19.1217088],[-51.7234652,-19.121613],[-51.7233498,-19.1214661]]]}},
{"type":"Feature","properties":{"osm_id":"885850186","code":5141,"fclass":"service","name":null,"ref":null,"oneway":"B","maxspeed":0,"layer":0,"bridge":"F","tunnel":"F"},"geometry":{"type":"MultiLineString","coordinates":[[[-51.7233498,-19.1214661],[-51.7235718,-19.1214882],[-51.7237993,-19.12154]]]}},
{"type":"Feature","properties":{"osm_id":"885855694","code":5122,"fclass":"residential","name":null,"ref":null,"oneway":"B","maxspeed":0,"layer":0,"bridge":"F","tunnel":"F"},"geometry":{"type":"MultiLineString","coordinates":[[[-51.7222688,-19.1146406],[-51.7218951,-19.1147509]]]}},
{"type":"Feature","properties":{"osm_id":"885855695","code":5122,"fclass":"residential","name":null,"ref":null,"oneway":"B","maxspeed":0,"layer":0,"bridge":"F","tunnel":"F"},"geometry":{"type":"MultiLineString","coordinates":[[[-51.7230132,-19.114365],[-51.7222688,-19.1146406]]]}},
{"type":"Feature","properties":{"osm_id":"885855696","code":5122,"fclass":"residential","name":null,"ref":null,"oneway":"B","maxspeed":0,"layer":0,"bridge":"F","tunnel":"F"},"geometry":{"type":"MultiLineString","coordinates":[[[-51.7246749,-19.1126125],[-51.7240861,-19.1110551],[-51.723889,-19.1105685],[-51.723891,-19.1104862],[-51.7239379,-19.110426],[-51.7243409,-19.1100338]]]}},
{"type":"Feature","properties":{"osm_id":"885855697","code":5122,"fclass":"residential","name":null,"ref":null,"oneway":"B","maxspeed":0,"layer":0,"bridge":"F","tunnel":"F"},"geometry":{"type":"MultiLineString","coordinates":[[[-51.7250115,-19.1129494],[-51.7249223,-19.1125751],[-51.7248727,-19.1125542],[-51.7246749,-19.1126125]]]}},
{"type":"Feature","properties":{"osm_id":"885855698","code":5122,"fclass":"residential","name":null,"ref":null,"oneway":"B","maxspeed":0,"layer":0,"bridge":"F","tunnel":"F"},"geometry":{"type":"MultiLineString","coordinates":[[[-51.7218972,-19.1148844],[-51.7218951,-19.1147509],[-51.7218894,-19.114398],[-51.721937,-19.1143257],[-51.7221956,-19.1143048]]]}},
{"type":"Feature","properties":{"osm_id":"885855699","code":5122,"fclass":"residential","name":"Rua Antônio Cristiano Sobrinho","ref":null,"oneway":"B","maxspeed":0,"layer":0,"bridge":"F","tunnel":"F"},"geometry":{"type":"MultiLineString","coordinates":[[[-51.7242122,-19.1132208],[-51.7232097,-19.1136767]]]}},
{"type":"Feature","properties":{"osm_id":"885855700","code":5122,"fclass":"residential","name":null,"ref":null,"oneway":"B","maxspeed":0,"layer":0,"bridge":"F","tunnel":"F"},"geometry":{"type":"MultiLineString","coordinates":[[[-51.7206351,-19.119387],[-51.7204053,-19.119517]]]}},
{"type":"Feature","properties":{"osm_id":"885855701","code":5122,"fclass":"residential","name":null,"ref":null,"oneway":"B","maxspeed":0,"layer":0,"bridge":"F","tunnel":"F"},"geometry":{"type":"MultiLineString","coordinates":[[[-51.7203497,-19.1209592],[-51.72027,-19.1208787],[-51.7200223,-19.1204392]]]}},
{"type":"Feature","properties":{"osm_id":"886074199","code":5121,"fclass":"unclassified","name":null,"ref":null,"oneway":"B","maxspeed":0,"layer":0,"bridge":"F","tunnel":"F"},"geometry":{"type":"MultiLineString","coordinates":[[[-52.3364988,-18.9461155],[-52.3359704,-18.9440149],[-52.3355359,-18.942239],[-52.3350585,-18.9405088],[-52.3347849,-18.9395752],[-52.3345596,-18.9388953],[-52.3342645,-18.937779],[-52.3340339,-18.9369215],[-52.3338568,-18.9360843],[-52.3337227,-18.9354754],[-52.3334974,-18.9345823],[-52.3327571,-18.9318017],[-52.3318881,-18.9284831],[-52.3312658,-18.9261743],[-52.3307294,-18.9240278],[-52.3305953,-18.9235],[-52.3304397,-18.9232108],[-52.3299086,-18.9227084],[-52.3279935,-18.9209526],[-52.3276366,-18.9205663]]]}},
{"type":"Feature","properties":{"osm_id":"886149633","code":5121,"fclass":"unclassified","name":null,"ref":null,"oneway":"B","maxspeed":0,"layer":0,"bridge":"F","tunnel":"F"},"geometry":{"type":"MultiLineString","coordinates":[[[-51.9687064,-19.0735281],[-51.9707635,-19.0744052],[-51.9712544,-19.0747347],[-51.9739848,-19.0761137],[-51.974937,-19.0764585],[-51.9754949,-19.0766334],[-51.9765383,-19.077148],[-51.9767985,-19.0773102],[-51.977689,-19.0780986],[-51.9788316,-19.0789452],[-51.9793305,-19.0792114],[-51.9795907,-19.0792519],[-51.9815192,-19.0794142],[-51.9819939,-19.079437],[-51.9832894,-19.0796347],[-51.9834182,-19.079617],[-51.9837078,-19.0794826],[-51.983909,-19.0794674],[-51.9842684,-19.0795815],[-51.9844374,-19.079584],[-51.9871035,-19.079404],[-51.9877338,-19.0793812],[-51.9890025,-19.0794725],[-51.989193,-19.079513],[-51.9895202,-19.0795891],[-51.9897321,-19.0796094],[-51.9903101,-19.0796144],[-51.990526,-19.0796461],[-51.9926476,-19.0798236],[-51.9948015,-19.0798476],[-51.9951917,-19.0798083],[-51.9956544,-19.0798552],[-51.9968131,-19.0800175],[-51.9978699,-19.0802228],[-52.0004019,-19.0806056],[-52.0035481,-19.081167],[-52.0066354,-19.0816398],[-52.0076291,-19.0817906],[-52.0077096,-19.0818185],[-52.0081294,-19.0821112],[-52.0082299,-19.082219],[-52.0094785,-19.0839693],[-52.0102885,-19.0851733],[-52.0109859,-19.0862506],[-52.011179,-19.0867474],[-52.0124826,-19.0899513],[-52.0128635,-19.090808],[-52.0138103,-19.0927876],[-52.0147839,-19.0948102],[-52.0149207,-19.0949674],[-52.0150629,-19.0950713],[-52.0156717,-19.0953121],[-52.0159292,-19.0954059],[-52.0160902,-19.0955047],[-52.0186919,-19.0978061],[-52.019797,-19.0987566],[-52.0201162,-19.0990557],[-52.0205319,-19.0995322],[-52.0205909,-19.099555],[-52.0206392,-19.0995398],[-52.0221332,-19.0977174],[-52.0222163,-19.0976642],[-52.0223464,-19.0976389],[-52.0271623,-19.0969165],[-52.0326448,-19.0960192],[-52.0375451,-19.0952829],[-52.0376363,-19.0953007],[-52.0377101,-19.0953691],[-52.0384786,-19.0966478],[-52.0389211,-19.0974259],[-52.0397285,-19.0988225],[-52.0401804,-19.0996513],[-52.0416449,-19.1021998],[-52.0423758,-19.1034658],[-52.0435935,-19.1054731],[-52.0445618,-19.1072244],[-52.0450553,-19.1080519],[-52.0452189,-19.1082306],[-52.0454711,-19.1083902],[-52.0457366,-19.1084232],[-52.0487943,-19.1078859],[-52.051329,-19.1074702],[-52.0522732,-19.1073942]]]}},
{"type":"Feature","properties":{"osm_id":"886154739","code":5121,"fclass":"unclassified","name":null,"ref":null,"oneway":"B","maxspeed":0,"layer":0,"bridge":"F","tunnel":"F"},"geometry":{"type":"MultiLineString","coordinates":[[[-52.203478,-19.2959068],[-52.2035497,-19.2957561],[-52.2037201,-19.2954118],[-52.2050464,-19.2929347],[-52.2071868,-19.2888461],[-52.2078252,-19.2876917],[-52.207974,-19.2873867],[-52.2080907,-19.2872094],[-52.2084112,-19.2867993],[-52.2096652,-19.2849778],[-52.2101614,-19.2842993],[-52.2111297,-19.282846],[-52.2118485,-19.2818435],[-52.2122133,-19.2812966],[-52.2126585,-19.2806941],[-52.2145495,-19.2779268],[-52.2151744,-19.2770331],[-52.2156653,-19.2763773],[-52.2163332,-19.2757418],[-52.219305,-19.2734986],[-52.2223198,-19.271149],[-52.224243,-19.2696602],[-52.2248518,-19.2692121],[-52.2256565,-19.2688348],[-52.2263297,-19.2685209],[-52.2275421,-19.2679436],[-52.229012,-19.2672599],[-52.2308426,-19.2663877],[-52.2310182,-19.2663054],[-52.2312529,-19.2665953],[-52.2320294,-19.2676347],[-52.232582,-19.2683588],[-52.2332659,-19.2692298],[-52.2344434,-19.2708097],[-52.2347116,-19.2711769],[-52.2348189,-19.2714326],[-52.2350898,-19.2726783]]]}},
{"type":"Feature","properties":{"osm_id":"886154740","code":5121,"fclass":"unclassified","name":null,"ref":null,"oneway":"B","maxspeed":0,"layer":0,"bridge":"F","tunnel":"F"},"geometry":{"type":"MultiLineString","coordinates":[[[-52.1990007,-19.3044265],[-52.203421,-19.296008],[-52.203478,-19.2959068],[-52.2036456,-19.2958998],[-52.2161883,-19.2979598],[-52.2172907,-19.2981623],[-52.2176836,-19.2982092],[-52.2187284,-19.2984281],[-52.219297,-19.2984433],[-52.2195679,-19.2985345],[-52.2197315,-19.298656],[-52.2199541,-19.2987395],[-52.2203296,-19.2988003],[-52.2209251,-19.29898]]]}},
{"type":"Feature","properties":{"osm_id":"888094259","code":5121,"fclass":"unclassified","name":null,"ref":null,"oneway":"B","maxspeed":0,"layer":0,"bridge":"F","tunnel":"F"},"geometry":{"type":"MultiLineString","coordinates":[[[-52.4713166,-19.0881152],[-52.4704389,-19.0886282],[-52.469181,-19.0892225],[-52.4683911,-19.0894938],[-52.4673691,-19.0897371],[-52.4667898,-19.0898461],[-52.4663298,-19.0898486],[-52.4653709,-19.0898081],[-52.4639654,-19.0898106],[-52.463197,-19.0897675],[-52.4619538,-19.0897472],[-52.4615206,-19.089751],[-52.4606328,-19.0898258],[-52.4602023,-19.0898524],[-52.4598469,-19.0899145],[-52.4577843,-19.0901452],[-52.4562152,-19.0903175],[-52.4554521,-19.0903961],[-52.4543618,-19.0905178],[-52.4532983,-19.0906179],[-52.4528208,-19.0906198],[-52.4526448,-19.0906036],[-52.4522817,-19.0905368],[-52.451005,-19.0903315],[-52.4491918,-19.090296],[-52.4477877,-19.0902833],[-52.4475221,-19.0902542],[-52.4460201,-19.0901173],[-52.4444282,-19.0899272],[-52.4440782,-19.0898752],[-52.4437644,-19.0897878],[-52.4433446,-19.0897016],[-52.44289,-19.0897041],[-52.4422462,-19.0897193],[-52.4413088,-19.089803],[-52.4402829,-19.0898588],[-52.4399677,-19.0899006],[-52.439509,-19.0899716],[-52.4389364,-19.0899589],[-52.4387245,-19.0899095],[-52.4384281,-19.0897206],[-52.4382752,-19.0896725],[-52.4379936,-19.0896509],[-52.4375255,-19.0896332],[-52.4371809,-19.089604],[-52.4367759,-19.0895267],[-52.4362582,-19.0893822],[-52.4358773,-19.0893151],[-52.4353328,-19.0892593],[-52.4349023,-19.0892479],[-52.434614,-19.089277],[-52.4345228,-19.0892682],[-52.4340333,-19.089149],[-52.4339488,-19.0891034],[-52.4338442,-19.0889894],[-52.433686,-19.0886915],[-52.433631,-19.0885293],[-52.4336337,-19.088438]]]}},
{"type":"Feature","properties":{"osm_id":"888094260","code":5121,"fclass":"unclassified","name":null,"ref":null,"oneway":"B","maxspeed":0,"layer":0,"bridge":"F","tunnel":"F"},"geometry":{"type":"MultiLineString","coordinates":[[[-52.467337,-19.0567725],[-52.4674898,-19.0561437],[-52.4675435,-19.0558725],[-52.4675569,-19.0556253],[-52.4675234,-19.0553882],[-52.4673718,-19.0551766],[-52.4670915,-19.0548318],[-52.4669588,-19.0547088],[-52.4668153,-19.054672],[-52.4665591,-19.0546492],[-52.4657115,-19.0546796],[-52.4653977,-19.0546454],[-52.4651121,-19.0545846],[-52.4649337,-19.0545795],[-52.4647017,-19.0546657],[-52.4644241,-19.0547684],[-52.4636623,-19.0550219],[-52.4634746,-19.0550536],[-52.4631876,-19.0551056],[-52.4630199,-19.0551829],[-52.4626619,-19.0553527],[-52.4624661,-19.0553794],[-52.462285,-19.0553692],[-52.4619068,-19.0552501],[-52.4613342,-19.0550663],[-52.4610861,-19.0550181],[-52.4605617,-19.0549813],[-52.4598952,-19.0549218],[-52.4594513,-19.0549306],[-52.4589323,-19.0549661],[-52.4586479,-19.0549953],[-52.4581088,-19.0549851],[-52.4579653,-19.0550168],[-52.457846,-19.0550865],[-52.4573524,-19.0555619],[-52.4571432,-19.0557204],[-52.4568629,-19.0560271],[-52.4566028,-19.0563364],[-52.4563788,-19.0564974],[-52.4560878,-19.0567852],[-52.4558061,-19.0571261],[-52.4556452,-19.0572821],[-52.455444,-19.0573911],[-52.4552321,-19.0574151],[-52.4549049,-19.0573606],[-52.4542746,-19.0572301],[-52.4541043,-19.0572301],[-52.453942,-19.0572529],[-52.4536537,-19.0573923],[-52.4534726,-19.0574405],[-52.4532191,-19.057514],[-52.453018,-19.057642],[-52.4525566,-19.0579184],[-52.451992,-19.0582454],[-52.4518244,-19.0583151],[-52.4509835,-19.0586194],[-52.4500139,-19.058992],[-52.4495445,-19.0591594],[-52.449051,-19.0593077],[-52.448473,-19.0594496],[-52.4458699,-19.0600758],[-52.4439333,-19.060536],[-52.4424649,-19.0609502]]]}},
{"type":"Feature","properties":{"osm_id":"888094261","code":5121,"fclass":"unclassified","name":null,"ref":null,"oneway":"B","maxspeed":0,"layer":0,"bridge":"F","tunnel":"F"},"geometry":{"type":"MultiLineString","coordinates":[[[-52.532124639285421,-19.113314626794008],[-52.5320023,-19.1132778],[-52.5314927,-19.1130966],[-52.5307766,-19.1127899],[-52.5301449,-19.1124947],[-52.5298941,-19.1123971],[-52.5294314,-19.1122362],[-52.5285436,-19.111965],[-52.5269933,-19.1116393],[-52.5262342,-19.1113124],[-52.5261229,-19.1112794],[-52.5244519,-19.1111388],[-52.5228761,-19.110936],[-52.5222123,-19.1108359],[-52.5217187,-19.1107599],[-52.5196615,-19.1105749],[-52.5194483,-19.1105394],[-52.5191438,-19.1104608],[-52.517572,-19.1098817],[-52.5152519,-19.1089402],[-52.5148174,-19.1087248],[-52.5146149,-19.108631],[-52.514399,-19.1085904],[-52.5136265,-19.108484],[-52.5130861,-19.1084447],[-52.5127454,-19.1084219],[-52.5119461,-19.1083053],[-52.5099036,-19.1080658],[-52.5093685,-19.1079974],[-52.5092411,-19.1079549],[-52.5091171,-19.1078985],[-52.508643,-19.1076451],[-52.5079831,-19.1073118],[-52.5075567,-19.1071357],[-52.507377,-19.1070394],[-52.5070739,-19.1067961],[-52.505938,-19.1059027],[-52.5042938,-19.1045657],[-52.5037104,-19.1040436],[-52.5016357,-19.1024076],[-52.5012481,-19.1021326],[-52.5004649,-19.1016612],[-52.4977988,-19.1001531],[-52.4971578,-19.099797],[-52.4965784,-19.0995347],[-52.4962686,-19.099375],[-52.4948725,-19.0986071],[-52.4940343,-19.0981876],[-52.4937004,-19.0980545],[-52.4927174,-19.0977504],[-52.4922346,-19.0975882],[-52.4898568,-19.0967264],[-52.4893284,-19.0965578],[-52.4886391,-19.0963576],[-52.487361,-19.0960674],[-52.4866006,-19.0958646],[-52.4852648,-19.0955174],[-52.4848236,-19.0954376],[-52.4842,-19.0953387],[-52.4830922,-19.0950206],[-52.4821548,-19.0947671],[-52.4816505,-19.0946459],[-52.4813743,-19.0945796],[-52.4807024,-19.0944934],[-52.4805334,-19.0944731],[-52.4800218,-19.0943337],[-52.4781597,-19.09379],[-52.4764632,-19.0932578],[-52.4753112,-19.0928383],[-52.4741511,-19.0924365],[-52.4737662,-19.0922971],[-52.4734725,-19.0920867],[-52.4732995,-19.0918536],[-52.4717425,-19.0889526],[-52.4713884,-19.0882568],[-52.4713166,-19.0881152],[-52.471202,-19.0878893],[-52.4709365,-19.0876193],[-52.4701278,-19.0869426],[-52.4696276,-19.0864356],[-52.4683025,-19.0847094],[-52.46694,-19.0828641],[-52.4666248,-19.0823736],[-52.4663255,-19.0817321],[-52.4662451,-19.0815598],[-52.4662037,-19.0814712],[-52.4658108,-19.0804332],[-52.4654648,-19.0793356],[-52.464817,-19.0774661],[-52.4643275,-19.0760238],[-52.464182,-19.0756872]]]}},
{"type":"Feature","properties":{"osm_id":"888094262","code":5121,"fclass":"unclassified","name":null,"ref":null,"oneway":"B","maxspeed":0,"layer":1,"bridge":"T","tunnel":"F"},"geometry":{"type":"MultiLineString","coordinates":[[[-52.4641052,-19.0755241],[-52.464182,-19.0756872]]]}},
{"type":"Feature","properties":{"osm_id":"888094263","code":5121,"fclass":"unclassified","name":null,"ref":null,"oneway":"B","maxspeed":0,"layer":0,"bridge":"F","tunnel":"F"},"geometry":{"type":"MultiLineString","coordinates":[[[-52.4381632,-19.0141717],[-52.4384882,-19.0143749],[-52.4385636,-19.0144506],[-52.4386065,-19.0145609],[-52.4385823,-19.0147143],[-52.4379493,-19.0155106],[-52.4331401,-19.0212656],[-52.431685,-19.023014],[-52.4314088,-19.0235034],[-52.4311191,-19.0242691],[-52.4307972,-19.0252251],[-52.4301642,-19.0270533],[-52.429719,-19.0283414],[-52.4291289,-19.0300251],[-52.4288151,-19.0310444],[-52.4287829,-19.0313183],[-52.4289304,-19.0322818],[-52.4291047,-19.033405],[-52.4293569,-19.034896],[-52.4295419,-19.0360705],[-52.4300234,-19.0389401],[-52.4304452,-19.0415802],[-52.4312009,-19.0462028],[-52.431394,-19.0473476],[-52.4317923,-19.0496585],[-52.4321169,-19.0516158],[-52.4322081,-19.0519758],[-52.432306,-19.0521875],[-52.4326184,-19.0524904],[-52.4348795,-19.0544325],[-52.4375188,-19.0567535],[-52.4414349,-19.0600695],[-52.4424649,-19.0609502],[-52.4444738,-19.062668],[-52.4477005,-19.0651638],[-52.4487948,-19.0659864],[-52.4492052,-19.0662019],[-52.449798,-19.0664985],[-52.4507542,-19.0668294],[-52.4533962,-19.0675949],[-52.4576113,-19.0685443],[-52.4591824,-19.0688225],[-52.4600695,-19.0689791],[-52.461412,-19.0691261],[-52.4624701,-19.0693314],[-52.4635765,-19.0695748],[-52.4637019,-19.069628],[-52.4638326,-19.0697542],[-52.4639815,-19.0699481],[-52.4642055,-19.0703632],[-52.4642685,-19.0705444],[-52.464294,-19.0707625],[-52.4643463,-19.0711871],[-52.464416,-19.0715039],[-52.4646252,-19.072016],[-52.4647191,-19.072291],[-52.4647406,-19.0725319],[-52.4647017,-19.0728158],[-52.4645273,-19.0738082],[-52.464412,-19.0743482],[-52.4642484,-19.074684],[-52.4640325,-19.0750972],[-52.4640137,-19.0752645],[-52.4640512,-19.0754116],[-52.4641052,-19.0755241]]]}},
{"type":"Feature","properties":{"osm_id":"888096227","code":5121,"fclass":"unclassified","name":null,"ref":null,"oneway":"B","maxspeed":0,"layer":0,"bridge":"F","tunnel":"F"},"geometry":{"type":"MultiLineString","coordinates":[[[-52.4527404,-19.0907928],[-52.4526448,-19.0906036]]]}},
{"type":"Feature","properties":{"osm_id":"888096228","code":5121,"fclass":"unclassified","name":null,"ref":null,"oneway":"B","maxspeed":0,"layer":0,"bridge":"F","tunnel":"F"},"geometry":{"type":"MultiLineString","coordinates":[[[-52.4527404,-19.0907928],[-52.4528208,-19.0906198]]]}},
{"type":"Feature","properties":{"osm_id":"888096229","code":5121,"fclass":"unclassified","name":null,"ref":null,"oneway":"B","maxspeed":0,"layer":0,"bridge":"F","tunnel":"F"},"geometry":{"type":"MultiLineString","coordinates":[[[-52.4559389,-19.1267346],[-52.4559014,-19.1258008],[-52.4557874,-19.1245704],[-52.4555795,-19.1220857],[-52.4553609,-19.1195236],[-52.4553059,-19.1186657],[-52.4552308,-19.1184592],[-52.4549827,-19.1181107],[-52.4549612,-19.1179194],[-52.454984,-19.117747],[-52.4551369,-19.1174391],[-52.4551597,-19.1172719],[-52.4551316,-19.1166852],[-52.4550511,-19.1158096],[-52.4549156,-19.1143625],[-52.4545804,-19.1104406],[-52.4544597,-19.1092975],[-52.4543765,-19.1079467],[-52.4542458,-19.1066339],[-52.4541935,-19.1060009],[-52.4541539,-19.1054997],[-52.4540506,-19.104695],[-52.453942,-19.1034062],[-52.4538803,-19.1029354],[-52.4538542,-19.1026807],[-52.4538025,-19.1017322],[-52.4536443,-19.0998059],[-52.4535531,-19.0989011],[-52.4533841,-19.0967391],[-52.4532265,-19.0949642],[-52.4531373,-19.0940422],[-52.4530113,-19.0931196],[-52.4529429,-19.0921843],[-52.4528919,-19.0914328],[-52.4528007,-19.0910564],[-52.4527404,-19.0907928]]]}},
{"type":"Feature","properties":{"osm_id":"888096230","code":5121,"fclass":"unclassified","name":null,"ref":null,"oneway":"B","maxspeed":0,"layer":0,"bridge":"F","tunnel":"F"},"geometry":{"type":"MultiLineString","coordinates":[[[-52.4665155,-19.0815365],[-52.4663814,-19.0815523],[-52.4662451,-19.0815598]]]}},
{"type":"Feature","properties":{"osm_id":"888096231","code":5121,"fclass":"unclassified","name":null,"ref":null,"oneway":"B","maxspeed":0,"layer":0,"bridge":"F","tunnel":"F"},"geometry":{"type":"MultiLineString","coordinates":[[[-52.4663255,-19.0817321],[-52.4663975,-19.0816423],[-52.4665155,-19.0815365]]]}},
{"type":"Feature","properties":{"osm_id":"888096232","code":5121,"fclass":"unclassified","name":null,"ref":null,"oneway":"B","maxspeed":0,"layer":0,"bridge":"F","tunnel":"F"},"geometry":{"type":"MultiLineString","coordinates":[[[-52.4816505,-19.0946459],[-52.4815969,-19.0945403],[-52.4815983,-19.0943996],[-52.4816479,-19.0935429],[-52.4817257,-19.0926634],[-52.4817458,-19.092434],[-52.4817793,-19.0923504],[-52.4818745,-19.0922642],[-52.4820502,-19.0921641],[-52.4820998,-19.0921058],[-52.4821226,-19.0918206],[-52.4821307,-19.0909221],[-52.4820824,-19.0907142],[-52.482018,-19.090647],[-52.481495,-19.0904101],[-52.4813247,-19.0902846],[-52.4811839,-19.0900996],[-52.481039,-19.0898283],[-52.4808741,-19.089419],[-52.4805254,-19.0885661],[-52.4803309,-19.0881047],[-52.4802605,-19.0880388],[-52.4801217,-19.0879628],[-52.4797019,-19.0877575],[-52.4791199,-19.0876371],[-52.4786653,-19.0875293],[-52.478212,-19.0873266],[-52.4777882,-19.0870427],[-52.4770935,-19.0865129],[-52.4767502,-19.0861606],[-52.4761802,-19.0854648],[-52.4757645,-19.0849743],[-52.4753675,-19.0844293],[-52.475169,-19.0841226],[-52.4750242,-19.0838894],[-52.4749504,-19.0835814],[-52.474886,-19.0834585],[-52.4747103,-19.083243],[-52.4743684,-19.0828755],[-52.474076,-19.082565],[-52.4737313,-19.0822862],[-52.4727564,-19.0815092],[-52.4718136,-19.0807513],[-52.4715668,-19.0806081],[-52.4712959,-19.0805371],[-52.4710183,-19.0805244],[-52.4701305,-19.0806702],[-52.4697214,-19.0807272],[-52.4695042,-19.0807361],[-52.4690871,-19.0807513],[-52.4689302,-19.0807893],[-52.4683267,-19.0809731],[-52.4675784,-19.0812025],[-52.4672417,-19.08129],[-52.4669534,-19.0814243],[-52.4668367,-19.0814674],[-52.4666275,-19.0815156],[-52.4665155,-19.0815365]]]}},
{"type":"Feature","properties":{"osm_id":"888137839","code":5121,"fclass":"unclassified","name":null,"ref":null,"oneway":"B","maxspeed":0,"layer":0,"bridge":"F","tunnel":"F"},"geometry":{"type":"MultiLineString","coordinates":[[[-52.417869,-18.7910709],[-52.4180755,-18.790996],[-52.4181171,-18.7909655],[-52.4182928,-18.7907776],[-52.4184094,-18.7907408],[-52.4185744,-18.7907459],[-52.419084,-18.7908208],[-52.4192986,-18.790836],[-52.4210286,-18.7906659],[-52.4213827,-18.7906354],[-52.4228767,-18.7904932],[-52.4238342,-18.7904272],[-52.4252424,-18.7902977],[-52.4258566,-18.7902164],[-52.4261275,-18.7902596],[-52.4279085,-18.790544],[-52.4313685,-18.7910988],[-52.4322926,-18.7912563],[-52.4372184,-18.7921031],[-52.4391899,-18.7924243],[-52.4406973,-18.7926706],[-52.441921,-18.7928776],[-52.4420296,-18.792936],[-52.442088,-18.7930528],[-52.4420692,-18.7932762],[-52.4418969,-18.7941764],[-52.4415348,-18.7962445],[-52.4408756,-18.7998565],[-52.4407026,-18.8007642],[-52.4402466,-18.80325],[-52.4400052,-18.8046845],[-52.43945,-18.8076615],[-52.4388801,-18.8107895],[-52.4388881,-18.8109063],[-52.438982,-18.8109584],[-52.4393642,-18.8110371],[-52.4436222,-18.8118927],[-52.4437429,-18.8119689],[-52.4437939,-18.8120984],[-52.4438006,-18.8124056],[-52.4438227,-18.8180451],[-52.4438515,-18.8197759],[-52.4438542,-18.8211342],[-52.4439079,-18.8218564],[-52.4439883,-18.8220875],[-52.4441654,-18.8224302],[-52.4443625,-18.822693],[-52.4451008,-18.8234311],[-52.4468932,-18.8253053],[-52.4481538,-18.8265417],[-52.4488699,-18.82725],[-52.4507019,-18.8289788],[-52.4525392,-18.8307584],[-52.453537,-18.8317079],[-52.4539447,-18.8322232],[-52.454465,-18.8329645],[-52.4547654,-18.8334621],[-52.4560006,-18.8356161],[-52.4565263,-18.8365465],[-52.4570198,-18.8372979],[-52.457335,-18.8377878]]]}},
{"type":"Feature","properties":{"osm_id":"888640167","code":5141,"fclass":"service","name":null,"ref":null,"oneway":"B","maxspeed":0,"layer":0,"bridge":"F","tunnel":"F"},"geometry":{"type":"MultiLineString","coordinates":[[[-51.7824115,-19.1682346],[-51.7826392,-19.1681271],[-51.7826879,-19.1677661],[-51.7824522,-19.1672208],[-51.7826392,-19.1668906]]]}},
{"type":"Feature","properties":{"osm_id":"888640168","code":5121,"fclass":"unclassified","name":null,"ref":null,"oneway":"B","maxspeed":0,"layer":0,"bridge":"F","tunnel":"F"},"geometry":{"type":"MultiLineString","coordinates":[[[-51.7804227,-19.1840295],[-51.7806244,-19.1844484],[-51.7806298,-19.1847322],[-51.7806083,-19.1848994],[-51.780839,-19.1857505],[-51.7807907,-19.1860444],[-51.780721,-19.1863332],[-51.7807585,-19.1865257],[-51.7809033,-19.1868145],[-51.7811126,-19.1871235],[-51.7812252,-19.1872705],[-51.7814559,-19.187311],[-51.7816007,-19.1872603],[-51.7818046,-19.1872502],[-51.7821747,-19.187311],[-51.7824483,-19.1874427],[-51.7826092,-19.1875947],[-51.783033,-19.1880355],[-51.7833924,-19.1880659],[-51.7836607,-19.1878278],[-51.7840737,-19.1875086],[-51.7843205,-19.1869817],[-51.7846853,-19.1866777],[-51.7849696,-19.1864902],[-51.7850071,-19.1863889],[-51.7849696,-19.1861913],[-51.7851466,-19.1845092],[-51.7852593,-19.1838911],[-51.7852593,-19.1836834],[-51.7849696,-19.1822496],[-51.784519,-19.1814592],[-51.7843151,-19.181216],[-51.7843795,-19.1794123],[-51.7841435,-19.1791083],[-51.7834461,-19.1780341],[-51.7832798,-19.1779581],[-51.7829096,-19.1782672],[-51.7826361,-19.1784192],[-51.7825073,-19.1783584],[-51.7824268,-19.1782013],[-51.7824161,-19.1780291],[-51.7824912,-19.1778771],[-51.7827755,-19.1777352],[-51.7828935,-19.1776085],[-51.7829526,-19.1774362],[-51.7828506,-19.1772842],[-51.7825985,-19.1770461],[-51.7824698,-19.1768232],[-51.7820728,-19.1760632],[-51.7819226,-19.1756072],[-51.781767,-19.1750042],[-51.7817831,-19.1744975],[-51.7820084,-19.1739503],[-51.7823678,-19.1737476],[-51.7823893,-19.1734943],[-51.782223,-19.1730991],[-51.7818528,-19.1721262],[-51.7816329,-19.1712243],[-51.7814612,-19.1710217],[-51.7814237,-19.1708595],[-51.7815149,-19.1707531],[-51.782105,-19.1704288],[-51.7826146,-19.1699677],[-51.7828775,-19.169765],[-51.7830974,-19.169608],[-51.7831135,-19.1694661],[-51.7828667,-19.1690506],[-51.7827487,-19.1686959],[-51.7825878,-19.1683919],[-51.7824115,-19.1682346]]]}},
{"type":"Feature","properties":{"osm_id":"888640169","code":5121,"fclass":"unclassified","name":null,"ref":null,"oneway":"B","maxspeed":0,"layer":0,"bridge":"F","tunnel":"F"},"geometry":{"type":"MultiLineString","coordinates":[[[-51.7804227,-19.1840295],[-51.7805454,-19.1839582],[-51.7805269,-19.1835566],[-51.7805639,-19.1829979]]]}},
{"type":"Feature","properties":{"osm_id":"889202530","code":5115,"fclass":"tertiary","name":null,"ref":"MS-426","oneway":"F","maxspeed":0,"layer":0,"bridge":"F","tunnel":"F"},"geometry":{"type":"MultiLineString","coordinates":[[[-51.9555605,-19.0553467],[-51.9555633,-19.0553874],[-51.9555571,-19.0554278]]]}},
{"type":"Feature","properties":{"osm_id":"889202531","code":5115,"fclass":"tertiary","name":null,"ref":"MS-426","oneway":"F","maxspeed":0,"layer":0,"bridge":"F","tunnel":"F"},"geometry":{"type":"MultiLineString","coordinates":[[[-51.9551575,-19.0554098],[-51.9551562,-19.0553591],[-51.9551689,-19.0553099]]]}},
{"type":"Feature","properties":{"osm_id":"889202532","code":5115,"fclass":"tertiary","name":null,"ref":"MS-426","oneway":"F","maxspeed":0,"layer":0,"bridge":"F","tunnel":"F"},"geometry":{"type":"MultiLineString","coordinates":[[[-51.9554316,-19.0551993],[-51.9554781,-19.0552228],[-51.9555167,-19.0552568],[-51.9555448,-19.0552991],[-51.9555605,-19.0553467]]]}},
{"type":"Feature","properties":{"osm_id":"889202533","code":5115,"fclass":"tertiary","name":null,"ref":"MS-426","oneway":"F","maxspeed":0,"layer":0,"bridge":"F","tunnel":"F"},"geometry":{"type":"MultiLineString","coordinates":[[[-51.9552485,-19.055542],[-51.9552053,-19.0555067],[-51.9551742,-19.0554614],[-51.9551575,-19.0554098]]]}},
{"type":"Feature","properties":{"osm_id":"889422490","code":5141,"fclass":"service","name":null,"ref":null,"oneway":"B","maxspeed":0,"layer":0,"bridge":"F","tunnel":"F"},"geometry":{"type":"MultiLineString","coordinates":[[[-51.9489114,-19.0565921],[-51.9492428,-19.056538],[-51.9497538,-19.0563884],[-51.9501703,-19.0562107]]]}},
{"type":"Feature","properties":{"osm_id":"889422491","code":5121,"fclass":"unclassified","name":null,"ref":null,"oneway":"B","maxspeed":0,"layer":0,"bridge":"F","tunnel":"F"},"geometry":{"type":"MultiLineString","coordinates":[[[-51.9409561,-19.113388],[-51.9407831,-19.1128799],[-51.9403794,-19.1117534],[-51.9401568,-19.1108562],[-51.9399932,-19.1102023],[-51.9399208,-19.1097917],[-51.9398698,-19.1096954],[-51.9393307,-19.1090669],[-51.93737,-19.1069532],[-51.9351196,-19.1045176],[-51.9332099,-19.1025077],[-51.9320512,-19.1012278],[-51.9315738,-19.1008299],[-51.9311526,-19.1006651],[-51.9305921,-19.1004573],[-51.9301012,-19.1002089],[-51.9286904,-19.0994485],[-51.927647,-19.0988757],[-51.9273788,-19.098749],[-51.9269148,-19.0986375],[-51.9248655,-19.0985133],[-51.9241253,-19.0985006],[-51.9232348,-19.0984271],[-51.9230202,-19.098455],[-51.9217166,-19.0987819],[-51.9211695,-19.0988935],[-51.9209629,-19.0989923],[-51.9207591,-19.0991875],[-51.9201475,-19.1001151],[-51.9197318,-19.1007082],[-51.9183478,-19.1027865],[-51.9179307,-19.10332],[-51.9178516,-19.1033568],[-51.9177778,-19.1033504],[-51.9172078,-19.1030907],[-51.9170442,-19.1030425],[-51.9169275,-19.1030463],[-51.9160344,-19.1033504],[-51.9155382,-19.1034455],[-51.9152136,-19.1034734],[-51.9149937,-19.1035367],[-51.9141957,-19.1038054],[-51.9131497,-19.1041982],[-51.9130115,-19.1042261],[-51.912746,-19.1042261],[-51.9126052,-19.1041894],[-51.9124523,-19.1040132],[-51.9123597,-19.103979],[-51.9122498,-19.1039841],[-51.9118555,-19.1041222],[-51.9118099,-19.1041197],[-51.9117495,-19.1040766],[-51.9115028,-19.1037319]]]}},
{"type":"Feature","properties":{"osm_id":"889422492","code":5121,"fclass":"unclassified","name":null,"ref":null,"oneway":"B","maxspeed":0,"layer":0,"bridge":"F","tunnel":"F"},"geometry":{"type":"MultiLineString","coordinates":[[[-51.9409897,-19.1136858],[-51.940991,-19.1135718],[-51.9409668,-19.1134539],[-51.9409561,-19.113388]]]}},
{"type":"Feature","properties":{"osm_id":"889422493","code":5121,"fclass":"unclassified","name":null,"ref":null,"oneway":"B","maxspeed":0,"layer":0,"bridge":"F","tunnel":"F"},"geometry":{"type":"MultiLineString","coordinates":[[[-51.9411613,-19.1134869],[-51.9410446,-19.1134489],[-51.9409561,-19.113388]]]}},
{"type":"Feature","properties":{"osm_id":"889461689","code":5121,"fclass":"unclassified","name":null,"ref":null,"oneway":"B","maxspeed":0,"layer":0,"bridge":"F","tunnel":"F"},"geometry":{"type":"MultiLineString","coordinates":[[[-51.7399728,-19.2414348],[-51.7398924,-19.2415052],[-51.7398414,-19.2417179],[-51.7397717,-19.2423383],[-51.7397931,-19.2425308],[-51.7398414,-19.2428119],[-51.7397851,-19.2431588],[-51.739832,-19.2433918],[-51.7398065,-19.2435564],[-51.7397448,-19.2437919],[-51.7397274,-19.2440616],[-51.7396832,-19.2443946],[-51.7396295,-19.2446579],[-51.7395262,-19.245015],[-51.73949,-19.2452936],[-51.7394914,-19.2453771],[-51.7395289,-19.2454809],[-51.739537,-19.2455987],[-51.7395128,-19.2457582],[-51.7394082,-19.2459532],[-51.7392178,-19.2462381],[-51.739144,-19.2463647],[-51.7390837,-19.2465243],[-51.7390434,-19.2466623],[-51.7390206,-19.2469028],[-51.7389818,-19.247075],[-51.7389254,-19.2471776],[-51.7388973,-19.2473181],[-51.7388946,-19.2474713],[-51.7388651,-19.2476575],[-51.7388128,-19.2479056],[-51.7387658,-19.2481816],[-51.7387028,-19.2483019],[-51.7386062,-19.2484412],[-51.7384654,-19.2487197],[-51.7383608,-19.2488641],[-51.7382549,-19.2489552],[-51.7379987,-19.2491515],[-51.7377694,-19.249249],[-51.7374636,-19.2494807],[-51.7373376,-19.2496402],[-51.7372946,-19.2497326],[-51.7372826,-19.2498719],[-51.7372651,-19.2503568],[-51.7372524,-19.2514248],[-51.7372195,-19.2525725],[-51.7372035,-19.2527131],[-51.7372262,-19.2528346],[-51.7372517,-19.2530385],[-51.7372289,-19.2532018],[-51.7372155,-19.2535487],[-51.737241,-19.2537348],[-51.7372866,-19.2538171],[-51.7374194,-19.2539437],[-51.7376634,-19.2540817],[-51.7378961,-19.2541311],[-51.7380477,-19.2541678],[-51.7381885,-19.2542324],[-51.7383588,-19.2543419],[-51.7385942,-19.2544755],[-51.7391038,-19.2545578],[-51.7392808,-19.2546401],[-51.7393492,-19.2547667],[-51.7394163,-19.2551136],[-51.7393693,-19.2552845],[-51.7392446,-19.2554972],[-51.7390005,-19.2558201],[-51.7387672,-19.2560821],[-51.738389,-19.256505],[-51.73811,-19.2568355],[-51.7380443,-19.257],[-51.7379612,-19.2572241],[-51.7377292,-19.2575698],[-51.7375521,-19.2577774],[-51.7373322,-19.2581914],[-51.7369996,-19.2587396],[-51.7369339,-19.2590004],[-51.736895,-19.2592017],[-51.7368279,-19.2597056],[-51.7367448,-19.260174],[-51.7366992,-19.2606526],[-51.7367475,-19.2609476],[-51.7369942,-19.2617743],[-51.7371431,-19.2624719],[-51.7373738,-19.2631252],[-51.7374757,-19.2634037],[-51.7375025,-19.2636847],[-51.7374247,-19.2638519],[-51.7371216,-19.2641506],[-51.7369714,-19.2643722],[-51.7368789,-19.2644823],[-51.7367327,-19.2645532],[-51.7365946,-19.2646963],[-51.7365597,-19.2647976],[-51.7365865,-19.2649849],[-51.7366013,-19.2651305],[-51.7365758,-19.2652331],[-51.7365168,-19.2654242],[-51.736431,-19.2655394],[-51.7358208,-19.2660901],[-51.7357671,-19.2668396],[-51.735971,-19.2673967],[-51.7363894,-19.2679436],[-51.7369688,-19.2678322],[-51.7372263,-19.2678625],[-51.7373335,-19.268136],[-51.7372584,-19.2682879],[-51.73710519052473,-19.268420270082192]]]}},
{"type":"Feature","properties":{"osm_id":"890044162","code":5121,"fclass":"unclassified","name":null,"ref":null,"oneway":"B","maxspeed":0,"layer":0,"bridge":"F","tunnel":"F"},"geometry":{"type":"MultiLineString","coordinates":[[[-52.4385735,-19.0140981],[-52.4385139,-19.014211],[-52.4384925,-19.0143124],[-52.4384882,-19.0143749]]]}},
{"type":"Feature","properties":{"osm_id":"890044163","code":5121,"fclass":"unclassified","name":null,"ref":null,"oneway":"B","maxspeed":0,"layer":0,"bridge":"F","tunnel":"F"},"geometry":{"type":"MultiLineString","coordinates":[[[-52.4395963,-19.0135144],[-52.44056,-19.0138798],[-52.4406973,-19.0139383],[-52.4409641,-19.0140727],[-52.4412806,-19.0141716],[-52.4424005,-19.014623],[-52.4462334,-19.0163195],[-52.4469288,-19.0166233],[-52.4472123,-19.0167024],[-52.4474564,-19.0167481],[-52.449232,-19.0170524],[-52.4525936,-19.0177635],[-52.4579331,-19.0179323],[-52.4632305,-19.0180362],[-52.4635336,-19.0180413],[-52.4639171,-19.0180895],[-52.4650142,-19.0182518],[-52.4657169,-19.0183177],[-52.4666798,-19.0183507],[-52.4675515,-19.0183405],[-52.4680719,-19.0182848],[-52.4686968,-19.0181884],[-52.4688926,-19.0181935],[-52.4690402,-19.0182467],[-52.472747,-19.0200852],[-52.4730326,-19.0202804],[-52.4731305,-19.0204047],[-52.4733055,-19.0207318],[-52.4733907,-19.0208307],[-52.4738051,-19.021116],[-52.4738936,-19.0211565],[-52.4741551,-19.0211958],[-52.4745253,-19.0211743],[-52.4746473,-19.0211794],[-52.474831,-19.0212034],[-52.4751596,-19.0211679],[-52.4752817,-19.0211071],[-52.4755754,-19.0208408]]]}},
{"type":"Feature","properties":{"osm_id":"891798289","code":5121,"fclass":"unclassified","name":null,"ref":null,"oneway":"B","maxspeed":0,"layer":0,"bridge":"F","tunnel":"F"},"geometry":{"type":"MultiLineString","coordinates":[[[-52.494814436531598,-18.88230673458968],[-52.494655499560722,-18.882132798947339]]]}},
{"type":"Feature","properties":{"osm_id":"892191478","code":5141,"fclass":"service","name":null,"ref":null,"oneway":"B","maxspeed":0,"layer":0,"bridge":"F","tunnel":"F"},"geometry":{"type":"MultiLineString","coordinates":[[[-51.7504246,-19.1034317],[-51.7507768,-19.1034328],[-51.7509377,-19.1033923],[-51.7528635,-19.1023987],[-51.7536011,-19.1019881],[-51.7537044,-19.1019096],[-51.7537339,-19.1018424],[-51.7537607,-19.1017398]]]}},
{"type":"Feature","properties":{"osm_id":"892219373","code":5122,"fclass":"residential","name":null,"ref":null,"oneway":"B","maxspeed":0,"layer":0,"bridge":"F","tunnel":"F"},"geometry":{"type":"MultiLineString","coordinates":[[[-51.7345852,-19.1023072],[-51.7345805,-19.1023891]]]}},
{"type":"Feature","properties":{"osm_id":"892219374","code":5122,"fclass":"residential","name":null,"ref":null,"oneway":"B","maxspeed":0,"layer":0,"bridge":"F","tunnel":"F"},"geometry":{"type":"MultiLineString","coordinates":[[[-51.7392205,-19.1016903],[-51.7393224,-19.1020249],[-51.7393278,-19.1020997],[-51.7393197,-19.1021415],[-51.7391159,-19.1023455],[-51.7390663,-19.1024313]]]}},
{"type":"Feature","properties":{"osm_id":"892226450","code":5122,"fclass":"residential","name":null,"ref":null,"oneway":"F","maxspeed":0,"layer":0,"bridge":"F","tunnel":"F"},"geometry":{"type":"MultiLineString","coordinates":[[[-51.7327851,-19.1004756],[-51.7328668,-19.1004178]]]}},
{"type":"Feature","properties":{"osm_id":"894147866","code":5121,"fclass":"unclassified","name":null,"ref":null,"oneway":"B","maxspeed":0,"layer":0,"bridge":"F","tunnel":"F"},"geometry":{"type":"MultiLineString","coordinates":[[[-52.169851506468881,-19.351799151656309],[-52.171374,-19.3490527],[-52.172302,-19.3476102],[-52.1738255,-19.3453756],[-52.1740428,-19.3448669],[-52.1743646,-19.3437205],[-52.1745363,-19.3434446],[-52.1747536,-19.3432852],[-52.174808376695758,-19.343256426731891]],[[-52.177425144865921,-19.341334044283151],[-52.1774988,-19.3412251],[-52.1777295,-19.3410378],[-52.178061254572782,-19.340900004050766]],[[-52.184850617226104,-19.336547953918803],[-52.1850143,-19.3364],[-52.1855876,-19.3358124],[-52.1861422,-19.335156],[-52.1876872,-19.3335286],[-52.1892858,-19.3317266],[-52.1932195,-19.3274244],[-52.1939863,-19.3265266],[-52.1941982,-19.3259862],[-52.194331,-19.325275],[-52.1942733,-19.3245637],[-52.1927901,-19.3184042],[-52.1928107,-19.3180161],[-52.193647,-19.31492],[-52.1940628,-19.3138974],[-52.1945751,-19.3127963],[-52.1950785,-19.3119048],[-52.1986923,-19.3049846],[-52.1990007,-19.3044265]]]}},
{"type":"Feature","properties":{"osm_id":"894226382","code":5121,"fclass":"unclassified","name":null,"ref":null,"oneway":"B","maxspeed":0,"layer":0,"bridge":"F","tunnel":"F"},"geometry":{"type":"MultiLineString","coordinates":[[[-52.4722159,-18.9690462],[-52.4719329,-18.9688407],[-52.4718109,-18.9688154],[-52.4716607,-18.9688534],[-52.4712986,-18.9690969],[-52.4709325,-18.9692009],[-52.470843154735014,-18.969213250311462]],[[-52.470442734243683,-18.969252887046178],[-52.4703075,-18.9692542],[-52.4701975,-18.9692009],[-52.4699883,-18.9689714],[-52.4698663,-18.9689346],[-52.4696571,-18.968946],[-52.469421,-18.9690525],[-52.4686606,-18.969518],[-52.4685091,-18.9695535],[-52.4682865,-18.969537],[-52.4679673,-18.969362],[-52.4676481,-18.9690957],[-52.4673879,-18.9689574],[-52.4671532,-18.9689156],[-52.4666463,-18.9689244],[-52.4658752,-18.9688927],[-52.4651054,-18.9688902],[-52.4647956,-18.968861],[-52.4645756,-18.9687634],[-52.4644576,-18.968596],[-52.4643584,-18.9682129],[-52.4642202,-18.9680405],[-52.4638219,-18.9676815],[-52.4637187,-18.967457],[-52.4636999,-18.9671514],[-52.4638112,-18.9651297],[-52.4637777,-18.9645666],[-52.4637012,-18.9643738],[-52.4635001,-18.9640694],[-52.4634115,-18.963732],[-52.4632989,-18.9634847],[-52.462973,-18.9629926],[-52.4628215,-18.9628544],[-52.4625626,-18.9627605],[-52.4622206,-18.9626578],[-52.4618384,-18.9624472],[-52.4616292,-18.9622912],[-52.4614294,-18.9620388],[-52.4610351,-18.9617256],[-52.4602479,-18.9611066],[-52.4593775,-18.9603811],[-52.4589738,-18.9599676],[-52.4584924,-18.9593905],[-52.4580605,-18.9588033],[-52.4576059,-18.9583315],[-52.457335,-18.9579953],[-52.457048,-18.9575502],[-52.4566939,-18.9569794],[-52.4565075,-18.9565253],[-52.4563922,-18.9559254],[-52.4563868,-18.9557123],[-52.4564123,-18.955451],[-52.4563479,-18.9553673],[-52.4561843,-18.9553343],[-52.455959,-18.9554282],[-52.4552831,-18.9560345],[-52.4550739,-18.9563515],[-52.4546126,-18.9567828],[-52.4540305,-18.9572876],[-52.4539098,-18.9574601],[-52.453765,-18.9576681],[-52.453545,-18.9577569],[-52.4533734,-18.9578026],[-52.4532285,-18.9577391],[-52.4527806,-18.9574474],[-52.4522924,-18.9568919],[-52.4519733,-18.9565139]]]}},
{"type":"Feature","properties":{"osm_id":"894461232","code":5121,"fclass":"unclassified","name":null,"ref":null,"oneway":"B","maxspeed":0,"layer":0,"bridge":"F","tunnel":"F"},"geometry":{"type":"MultiLineString","coordinates":[[[-52.5043488,-18.9733037],[-52.5014091,-18.9719416],[-52.5012481,-18.9718021],[-52.5011489,-18.9716449],[-52.5010523,-18.9712695],[-52.5010362,-18.970922],[-52.5009933,-18.9708281],[-52.5006446,-18.970511],[-52.5005883,-18.9704007],[-52.5006031,-18.9702536],[-52.5006795,-18.9698566],[-52.5008284,-18.9696474],[-52.5009249,-18.9691882],[-52.5010751,-18.9688103],[-52.5010818,-18.9686086],[-52.5011033,-18.9681483],[-52.5010644,-18.9679656],[-52.500532,-18.9655216],[-52.4997528,-18.9619678],[-52.4995637,-18.9612017],[-52.499384188960853,-18.960105409844555]]]}},
{"type":"Feature","properties":{"osm_id":"896960186","code":5121,"fclass":"unclassified","name":null,"ref":null,"oneway":"B","maxspeed":0,"layer":0,"bridge":"F","tunnel":"F"},"geometry":{"type":"MultiLineString","coordinates":[[[-51.6676945,-19.1496793],[-51.6674841,-19.1495036],[-51.6673842,-19.1493724],[-51.6672193,-19.1489639],[-51.6670328,-19.1484672],[-51.6669041,-19.1482367],[-51.6664857,-19.1475766],[-51.6662054,-19.1472345],[-51.6660921,-19.1470382],[-51.666027,-19.1469888],[-51.6659305,-19.146997],[-51.6653397,-19.1472453],[-51.6644814,-19.1475658],[-51.6639523,-19.1477603],[-51.6637793,-19.1478655],[-51.663719,-19.1479402],[-51.6636989,-19.1480656],[-51.6637257,-19.1481961],[-51.6639114,-19.1485971],[-51.6642246,-19.1491843],[-51.6644163,-19.1494922]]]}},
{"type":"Feature","properties":{"osm_id":"896960187","code":5121,"fclass":"unclassified","name":null,"ref":null,"oneway":"B","maxspeed":0,"layer":0,"bridge":"F","tunnel":"F"},"geometry":{"type":"MultiLineString","coordinates":[[[-51.6466326,-19.1374453],[-51.646925,-19.137135],[-51.6473454,-19.1366289],[-51.6477424,-19.1360866],[-51.648201,-19.135481],[-51.6485457,-19.135021],[-51.6485913,-19.1349083],[-51.6486637,-19.13466],[-51.6486584,-19.1345725],[-51.6484062,-19.1341734],[-51.6481206,-19.1336793],[-51.6476619,-19.1328887],[-51.6473126,-19.1323109],[-51.647096,-19.1318959],[-51.6470953,-19.1318231],[-51.6471657,-19.1317331],[-51.6474514,-19.1313695]]]}},
{"type":"Feature","properties":{"osm_id":"896960188","code":5121,"fclass":"unclassified","name":null,"ref":null,"oneway":"B","maxspeed":0,"layer":0,"bridge":"F","tunnel":"F"},"geometry":{"type":"MultiLineString","coordinates":[[[-51.6490245,-19.1351059],[-51.6495676,-19.1357508],[-51.6502355,-19.1364806],[-51.6504031,-19.1367024],[-51.6504166,-19.1367999],[-51.650383,-19.1369127],[-51.6498774,-19.1376045],[-51.6493396,-19.1383596],[-51.6491559,-19.1385952],[-51.6490714,-19.1386662],[-51.6487375,-19.1388841],[-51.6486959,-19.1389411],[-51.6486959,-19.1391126]]]}},
{"type":"Feature","properties":{"osm_id":"896960189","code":5121,"fclass":"unclassified","name":null,"ref":null,"oneway":"B","maxspeed":0,"layer":0,"bridge":"F","tunnel":"F"},"geometry":{"type":"MultiLineString","coordinates":[[[-51.6440517,-19.135747],[-51.6444051,-19.1357401],[-51.6445398,-19.1357686],[-51.6446612,-19.1358503],[-51.6452231,-19.1362988],[-51.6466326,-19.1374453],[-51.6477001,-19.1383137],[-51.6485517,-19.1389981],[-51.6486959,-19.1391126],[-51.6489242,-19.139294],[-51.6495985,-19.1398217],[-51.6504675,-19.1404843],[-51.6509061,-19.14082],[-51.6513795,-19.1411456],[-51.6514854,-19.1412394],[-51.6515994,-19.1413902],[-51.651759,-19.1415017],[-51.6521157,-19.1417437],[-51.6523585,-19.1419248],[-51.6525194,-19.142049],[-51.6527005,-19.1421161],[-51.6528922,-19.1422378],[-51.6531283,-19.1424151],[-51.6532691,-19.1424721],[-51.6536607,-19.1426178],[-51.6537666,-19.1427268],[-51.6544325,-19.1435725],[-51.6547986,-19.1440033],[-51.6552915,-19.144645],[-51.6558172,-19.145343],[-51.6562235,-19.145891],[-51.6564415,-19.1461317],[-51.6566084,-19.1463217],[-51.6570269,-19.146876],[-51.6573628,-19.1473093],[-51.6580528,-19.148217],[-51.6585718,-19.1488511],[-51.6587958,-19.1490595],[-51.6589021,-19.1491292]]]}},
{"type":"Feature","properties":{"osm_id":"896960190","code":5121,"fclass":"unclassified","name":null,"ref":null,"oneway":"B","maxspeed":0,"layer":0,"bridge":"F","tunnel":"F"},"geometry":{"type":"MultiLineString","coordinates":[[[-51.6673708,-19.1371407],[-51.6675291,-19.1371889]]]}},
{"type":"Feature","properties":{"osm_id":"896960191","code":5121,"fclass":"unclassified","name":null,"ref":null,"oneway":"B","maxspeed":0,"layer":0,"bridge":"F","tunnel":"F"},"geometry":{"type":"MultiLineString","coordinates":[[[-51.6673708,-19.1371407],[-51.6674667,-19.137044]]]}},
{"type":"Feature","properties":{"osm_id":"896960192","code":5121,"fclass":"unclassified","name":null,"ref":null,"oneway":"B","maxspeed":0,"layer":0,"bridge":"F","tunnel":"F"},"geometry":{"type":"MultiLineString","coordinates":[[[-51.6652256,-19.1382701],[-51.6654758,-19.13802],[-51.6658553,-19.1377299],[-51.6662161,-19.137448],[-51.6664025,-19.137308],[-51.6665581,-19.1372079],[-51.6668049,-19.1371319],[-51.6673708,-19.1371407]]]}},
{"type":"Feature","properties":{"osm_id":"896960193","code":5121,"fclass":"unclassified","name":null,"ref":null,"oneway":"B","maxspeed":0,"layer":0,"bridge":"F","tunnel":"F"},"geometry":{"type":"MultiLineString","coordinates":[[[-51.6664655,-19.1412237],[-51.6666707,-19.1410291],[-51.6669711,-19.1408618],[-51.6675773,-19.1406047],[-51.6677852,-19.1405489],[-51.6682251,-19.1405856],[-51.668441,-19.1405907],[-51.6687146,-19.1405172],[-51.6688514,-19.1404273],[-51.6688849,-19.1403133],[-51.668669,-19.1398039],[-51.6683431,-19.1390742],[-51.6681661,-19.1386789],[-51.6677396,-19.1376779],[-51.6675291,-19.1371889],[-51.6674667,-19.137044],[-51.6674063,-19.1369038],[-51.6669896,-19.1359846],[-51.6666875,-19.1352795],[-51.6665111,-19.1348956],[-51.6663368,-19.1344927],[-51.6662698,-19.1344408],[-51.6661088,-19.1344154],[-51.665968,-19.1343318]]]}},
{"type":"Feature","properties":{"osm_id":"896960194","code":5121,"fclass":"unclassified","name":null,"ref":null,"oneway":"B","maxspeed":0,"layer":0,"bridge":"F","tunnel":"F"},"geometry":{"type":"MultiLineString","coordinates":[[[-51.6669081,-19.142291],[-51.6658151,-19.1428497],[-51.6647463,-19.1434046],[-51.6643198,-19.1436149],[-51.6641092,-19.1436225],[-51.6639188,-19.143525],[-51.6636466,-19.1432057],[-51.6632751,-19.1424215],[-51.6624945,-19.1405109],[-51.6625147,-19.1404197],[-51.6626447,-19.1402866],[-51.6632147,-19.1397406],[-51.6637056,-19.1393352],[-51.6643453,-19.138822],[-51.6646443,-19.1386358],[-51.6652639,-19.138371]]]}},
{"type":"Feature","properties":{"osm_id":"896960195","code":5121,"fclass":"unclassified","name":null,"ref":null,"oneway":"B","maxspeed":0,"layer":0,"bridge":"F","tunnel":"F"},"geometry":{"type":"MultiLineString","coordinates":[[[-51.6697256,-19.1488743],[-51.6694777,-19.1483139],[-51.6689513,-19.1470325],[-51.6684933,-19.1459917],[-51.66793,-19.1444384],[-51.6676028,-19.1436453],[-51.6674271,-19.1433096],[-51.6669081,-19.142291],[-51.6664655,-19.1412237],[-51.6657642,-19.1395328],[-51.6652639,-19.138371],[-51.6652256,-19.1382701],[-51.664883,-19.1373688],[-51.6645612,-19.1366149]]]}},
{"type":"Feature","properties":{"osm_id":"896986288","code":5141,"fclass":"service","name":null,"ref":null,"oneway":"B","maxspeed":0,"layer":0,"bridge":"F","tunnel":"F"},"geometry":{"type":"MultiLineString","coordinates":[[[-51.6600242,-19.1494134],[-51.659292,-19.1495999],[-51.6589165,-19.1497265],[-51.6586188,-19.1498507],[-51.6585597,-19.1499166],[-51.6587435,-19.1502561],[-51.6589165,-19.1504512],[-51.6593108,-19.1507616],[-51.6594663,-19.1508997],[-51.6596487,-19.1512544],[-51.6598378,-19.1518156],[-51.6598378,-19.1519005],[-51.6597989,-19.1519727],[-51.6597252,-19.1520424],[-51.6597185,-19.1520918],[-51.6597909,-19.1522578],[-51.6599277,-19.152515],[-51.6600081,-19.152558],[-51.6601315,-19.1525555],[-51.6607444,-19.1522844]]]}},
{"type":"Feature","properties":{"osm_id":"897056155","code":5122,"fclass":"residential","name":null,"ref":null,"oneway":"B","maxspeed":0,"layer":0,"bridge":"F","tunnel":"F"},"geometry":{"type":"MultiLineString","coordinates":[[[-51.6612409,-19.1513898],[-51.6609774,-19.150901]]]}},
{"type":"Feature","properties":{"osm_id":"899120711","code":5121,"fclass":"unclassified","name":null,"ref":null,"oneway":"B","maxspeed":0,"layer":0,"bridge":"F","tunnel":"F"},"geometry":{"type":"MultiLineString","coordinates":[[[-52.2973061,-19.1338204],[-52.3006216,-19.130181],[-52.3053235,-19.1250266],[-52.3053879,-19.1249024],[-52.305408,-19.1246832],[-52.3053148,-19.1197295],[-52.3053409,-19.1196249],[-52.3054301,-19.1195356],[-52.3071072,-19.1190782],[-52.3073291,-19.1189717],[-52.3075484,-19.1187874],[-52.3078448,-19.1185948],[-52.3087218,-19.11815],[-52.3102681,-19.1172326],[-52.3104438,-19.1171109],[-52.3106369,-19.1170641],[-52.3109119,-19.1171008],[-52.3128008,-19.118086],[-52.3131716,-19.1183325],[-52.3133647,-19.1183869],[-52.3135538,-19.1183743],[-52.3159933,-19.1175988],[-52.3201427,-19.1163247],[-52.3216514,-19.1158932],[-52.3218613,-19.1158793],[-52.3219136,-19.1158672],[-52.3219606,-19.1158203],[-52.3219773,-19.1157],[-52.3218244,-19.1057693],[-52.3217098,-19.0987363],[-52.3216635,-19.0961168]]]}},
{"type":"Feature","properties":{"osm_id":"899120712","code":5121,"fclass":"unclassified","name":null,"ref":null,"oneway":"B","maxspeed":0,"layer":0,"bridge":"F","tunnel":"F"},"geometry":{"type":"MultiLineString","coordinates":[[[-52.2703779,-19.1200459],[-52.2687636,-19.1218475],[-52.2629862,-19.128449],[-52.2623464,-19.1291496],[-52.2622767,-19.1292966],[-52.2622539,-19.1295209],[-52.2613406,-19.1379427],[-52.2613272,-19.1383507],[-52.2613956,-19.1388676],[-52.261975,-19.1423594],[-52.2647826,-19.1522366],[-52.2649187,-19.1525555],[-52.2653344,-19.1530356],[-52.2654082,-19.1531421],[-52.2654511,-19.1532611],[-52.2654551,-19.1539604],[-52.2650561,-19.1551494],[-52.2650233,-19.155302],[-52.2650474,-19.1554154],[-52.2661418,-19.1572315],[-52.2661605,-19.1573315],[-52.2661411,-19.157443],[-52.2629111,-19.1626648],[-52.2585256,-19.1698664],[-52.2584197,-19.1701223],[-52.2575024,-19.1747179],[-52.2572261,-19.1759517],[-52.257037,-19.1767307],[-52.2568573,-19.1774249],[-52.2566293,-19.1780354],[-52.2562605,-19.178784],[-52.2558528,-19.1797289],[-52.2554612,-19.1805903],[-52.2545359,-19.1826714]]]}},
{"type":"Feature","properties":{"osm_id":"900681446","code":5121,"fclass":"unclassified","name":null,"ref":null,"oneway":"B","maxspeed":0,"layer":0,"bridge":"F","tunnel":"F"},"geometry":{"type":"MultiLineString","coordinates":[[[-52.2383016,-18.9526431],[-52.2384292,-18.9529599],[-52.2385123,-18.9536905],[-52.2385392,-18.9541877],[-52.2385258,-18.954383],[-52.238456,-18.9548143],[-52.2384453,-18.9551593],[-52.2385043,-18.9557656],[-52.2385754,-18.9566433],[-52.2386679,-18.9572546],[-52.2388034,-18.9574335],[-52.238908,-18.9575882],[-52.238971,-18.958041],[-52.2390454,-18.959057],[-52.2390997,-18.9593322],[-52.2391038,-18.9598484],[-52.2390904,-18.960598],[-52.2390541,-18.960806],[-52.2390273,-18.9609823],[-52.2390743,-18.9614123],[-52.2391614,-18.9618739],[-52.2393063,-18.9622037],[-52.2394002,-18.9626146],[-52.2395021,-18.9636395],[-52.2394162,-18.9639261],[-52.2393116,-18.9641671],[-52.2392955,-18.9643421],[-52.2393841,-18.9644791],[-52.2395155,-18.9646363],[-52.2395825,-18.9648139],[-52.239596,-18.9650726],[-52.2395799,-18.9658006],[-52.2395423,-18.9665084],[-52.239376,-18.9677386],[-52.2392714,-18.9682053],[-52.2392017,-18.9685478],[-52.2389737,-18.9693721],[-52.2387859,-18.969901],[-52.2384587,-18.9707076],[-52.2382924,-18.9710532],[-52.2380416,-18.9715269],[-52.2377412,-18.9720545],[-52.2372879,-18.9727907],[-52.2366301,-18.9736779],[-52.2360816,-18.9742517],[-52.2360239,-18.9743107],[-52.2360159,-18.9743329],[-52.2360232,-18.9743722],[-52.2361124,-18.9744501],[-52.2362754,-18.9745771],[-52.236498,-18.9747407],[-52.2365248,-18.9748142],[-52.2365168,-18.9748738],[-52.2364551,-18.9749334],[-52.2361828,-18.9750983],[-52.2357631,-18.9755333],[-52.2347935,-18.9765872],[-52.2345212,-18.9768992],[-52.234434,-18.977343],[-52.2343261,-18.9778434],[-52.2343107,-18.9781141],[-52.2342879,-18.9801521],[-52.2343683,-18.9814127],[-52.2344542,-18.9817018],[-52.23465,-18.9819783],[-52.2352494,-18.9826492],[-52.2366884,-18.9841583],[-52.236966,-18.9844867],[-52.2370572,-18.9846541],[-52.2379109,-18.9865538],[-52.2382374,-18.9872944],[-52.2382669,-18.9874897],[-52.2384426,-18.9881783],[-52.2386237,-18.9890178],[-52.2387993,-18.9900412],[-52.2389442,-18.9915033],[-52.2391212,-18.99381],[-52.2392043,-18.9952429],[-52.2391695,-18.9956512],[-52.2388986,-18.9967341],[-52.2387403,-18.9974798]]]}},
{"type":"Feature","properties":{"osm_id":"900681447","code":5121,"fclass":"unclassified","name":null,"ref":null,"oneway":"B","maxspeed":0,"layer":0,"bridge":"F","tunnel":"F"},"geometry":{"type":"MultiLineString","coordinates":[[[-52.2109084,-18.9781268],[-52.2109902,-18.9778833],[-52.2110626,-18.9775789],[-52.211182,-18.9772276],[-52.2117171,-18.9759062],[-52.2120376,-18.9751262],[-52.2120711,-18.9749715],[-52.2120738,-18.9748573],[-52.2120175,-18.9746151],[-52.211988,-18.9744413],[-52.2119719,-18.9741382],[-52.2119612,-18.9736386],[-52.2120577,-18.9733963],[-52.2123005,-18.9728091],[-52.2125512,-18.9722092],[-52.2128476,-18.9714876],[-52.213026,-18.9710513],[-52.2132151,-18.9705821],[-52.2135249,-18.9698642],[-52.213779,-18.9692123],[-52.2140721,-18.9685046],[-52.214355,-18.9678553],[-52.2144677,-18.967608],[-52.2147305,-18.9671996],[-52.215039,-18.9666948],[-52.2154011,-18.9661672],[-52.2156304,-18.9658273],[-52.2157122,-18.9656814],[-52.2157739,-18.9655026],[-52.215849,-18.9651094],[-52.2159415,-18.964805],[-52.2160475,-18.9644524],[-52.2161226,-18.9641163],[-52.2161803,-18.9637409],[-52.2162768,-18.9632032],[-52.2163653,-18.9628125],[-52.2163989,-18.9626311],[-52.2164471,-18.9621035],[-52.216486,-18.9615657],[-52.2165383,-18.9609747],[-52.2165531,-18.9607921],[-52.2164834,-18.9606208],[-52.2164265,-18.9604846]]]}},
{"type":"Feature","properties":{"osm_id":"900697107","code":5121,"fclass":"unclassified","name":null,"ref":null,"oneway":"B","maxspeed":0,"layer":0,"bridge":"F","tunnel":"F"},"geometry":{"type":"MultiLineString","coordinates":[[[-52.2502008,-18.9483959],[-52.2493592,-18.9467116],[-52.2483225,-18.944651],[-52.248236,-18.9445483],[-52.248122,-18.94449],[-52.2480127,-18.9444861],[-52.2478384,-18.9445331],[-52.246681,-18.9449028],[-52.2465161,-18.9449333],[-52.2463699,-18.9449231],[-52.2462264,-18.9449574],[-52.2459447,-18.9450436],[-52.245812,-18.9450753],[-52.2457664,-18.9451337],[-52.2456551,-18.9451997],[-52.245364,-18.9453049],[-52.2450026,-18.9453868],[-52.2447766,-18.9454889],[-52.244444,-18.9455675],[-52.2440243,-18.9456944],[-52.2433698,-18.9459227],[-52.2431378,-18.9459962]]]}},
{"type":"Feature","properties":{"osm_id":"900697108","code":5121,"fclass":"unclassified","name":null,"ref":null,"oneway":"B","maxspeed":0,"layer":0,"bridge":"F","tunnel":"F"},"geometry":{"type":"MultiLineString","coordinates":[[[-52.2147411,-18.9610888],[-52.2147218,-18.9606963],[-52.2146809,-18.9605454],[-52.2143188,-18.9595998],[-52.214009,-18.9588312],[-52.2139245,-18.958698],[-52.2138172,-18.9584837],[-52.2137515,-18.95832],[-52.2136724,-18.9579586],[-52.2135074,-18.9574119],[-52.2134055,-18.9570961],[-52.2133626,-18.9569654],[-52.2133479,-18.9567625],[-52.2132781,-18.9562349],[-52.2132137,-18.955933],[-52.2131011,-18.9550096],[-52.2131172,-18.9544718],[-52.2131386,-18.953849],[-52.2131708,-18.9531844],[-52.2131588,-18.9527417],[-52.2131527,-18.9522223],[-52.2131749,-18.9519769],[-52.2131534,-18.951902],[-52.2131058,-18.9518215],[-52.2129616,-18.9517612],[-52.211418,-18.9516357],[-52.2093768,-18.9514581],[-52.2084723,-18.9513934],[-52.2083167,-18.951415],[-52.2081397,-18.9514606],[-52.2079445,-18.9514467],[-52.2076763,-18.9513915],[-52.2075241,-18.9513909],[-52.2074007,-18.9514175],[-52.2072639,-18.9514663],[-52.2070755,-18.9515209],[-52.2068878,-18.9515995],[-52.2066155,-18.9517549],[-52.2064204,-18.9519268],[-52.2061421,-18.9521786],[-52.2059416,-18.9522978],[-52.2053871,-18.9525071],[-52.205322,-18.9525045],[-52.2052885,-18.9524887],[-52.2052315,-18.9524278],[-52.2051229,-18.9522534],[-52.2050706,-18.9520504],[-52.2050276,-18.9517333],[-52.2049901,-18.9514771],[-52.2050129,-18.9512082],[-52.205096,-18.9509609],[-52.2052208,-18.9505271],[-52.2053696,-18.950021],[-52.2054367,-18.9497914]]]}},
{"type":"Feature","properties":{"osm_id":"902585172","code":5121,"fclass":"unclassified","name":null,"ref":null,"oneway":"B","maxspeed":0,"layer":0,"bridge":"F","tunnel":"F"},"geometry":{"type":"MultiLineString","coordinates":[[[-52.0265371,-19.1958994],[-52.0280823,-19.1952904],[-52.0285879,-19.1950396],[-52.0291793,-19.1947053],[-52.030786,-19.1940948],[-52.031545,-19.1938972],[-52.0324275,-19.1936895],[-52.0328245,-19.1936844],[-52.0339751,-19.1937718],[-52.0343708,-19.193763],[-52.0347235,-19.1938326],[-52.0355912,-19.1939099],[-52.0358983,-19.1938972],[-52.0361611,-19.1938453],[-52.0364803,-19.193711],[-52.037171,-19.1933589],[-52.037749,-19.1929549],[-52.0381567,-19.1926383],[-52.0388675,-19.1920189],[-52.0390901,-19.1918454],[-52.03918,-19.1917149],[-52.0392068,-19.191568],[-52.039192,-19.1914211],[-52.0390968,-19.1912387],[-52.0389265,-19.1910335],[-52.0387557,-19.1907955],[-52.0385865,-19.1905598]]]}},
{"type":"Feature","properties":{"osm_id":"902585173","code":5121,"fclass":"unclassified","name":null,"ref":null,"oneway":"B","maxspeed":0,"layer":0,"bridge":"F","tunnel":"F"},"geometry":{"type":"MultiLineString","coordinates":[[[-52.0168935,-19.1587859],[-52.0170625,-19.1588783],[-52.0178001,-19.1597828],[-52.0182654,-19.1602174],[-52.0202301,-19.162058],[-52.0236781,-19.1653808],[-52.0256402,-19.1675951],[-52.0260492,-19.1679891],[-52.0262678,-19.1681386],[-52.0265803,-19.1682652],[-52.0269638,-19.1683134],[-52.0273273,-19.1683222],[-52.0276384,-19.1683602],[-52.0284082,-19.1685604],[-52.0286,-19.168554],[-52.0288628,-19.1684578],[-52.0290841,-19.1683463],[-52.0292249,-19.1681867],[-52.0320868,-19.165118],[-52.0321941,-19.1650337],[-52.0329452,-19.1641964],[-52.0334655,-19.1639227],[-52.0340422,-19.1635832],[-52.0352532,-19.16268],[-52.0357172,-19.1623519],[-52.0364763,-19.1618959],[-52.0378107,-19.1612118],[-52.0402703,-19.1601084],[-52.0406163,-19.1600451],[-52.0412064,-19.1600261],[-52.041842,-19.1599083],[-52.0429015,-19.1595599],[-52.0439945,-19.1593762],[-52.0444411,-19.1592482],[-52.0445772,-19.1590519],[-52.04483,-19.1584983],[-52.0449541,-19.158428],[-52.0450795,-19.1584172],[-52.0452122,-19.1584717],[-52.045742,-19.1589467],[-52.0460397,-19.1592938],[-52.0464461,-19.1593458],[-52.0467921,-19.1595485],[-52.0470254,-19.1596144],[-52.0474345,-19.1595903],[-52.0495185,-19.1590912],[-52.0508865,-19.1588682],[-52.0523,-19.1589442],[-52.0526272,-19.1589683],[-52.0527868,-19.159057],[-52.0531563,-19.1593281],[-52.0534252,-19.1594281],[-52.0536488,-19.1595583],[-52.0537229,-19.1595776],[-52.0550613,-19.1596828],[-52.056106,-19.1595238],[-52.0569891,-19.1595478],[-52.0589565,-19.1587459],[-52.0592777,-19.1586896],[-52.0603453,-19.1582639],[-52.0606738,-19.158098],[-52.0609072,-19.1578813],[-52.0610775,-19.1577623],[-52.0613149,-19.157666],[-52.0615576,-19.1575418],[-52.0616823,-19.1575152],[-52.0618486,-19.1574886],[-52.062318,-19.1574278],[-52.0624347,-19.1574329],[-52.0625621,-19.1574848],[-52.062652,-19.157557],[-52.0627056,-19.157671],[-52.0627955,-19.1584197],[-52.0628568,-19.158541],[-52.0629423,-19.1587162],[-52.0630154,-19.1593179],[-52.0631053,-19.1595244],[-52.0633534,-19.1597423],[-52.0633983,-19.1598221],[-52.0634145,-19.1598364],[-52.0634385,-19.1598354],[-52.0638241,-19.1597562],[-52.0639656,-19.1598069],[-52.0642599,-19.1601794],[-52.0643692,-19.1602756],[-52.0645959,-19.1602927],[-52.0647964,-19.1603858],[-52.067604,-19.1625799],[-52.0676583,-19.1626414],[-52.0676871,-19.1627117],[-52.0679775,-19.1667147],[-52.0681492,-19.1692292],[-52.0685488,-19.1763672],[-52.0686467,-19.1775199],[-52.0686641,-19.1782849],[-52.0682484,-19.1796935],[-52.0681679,-19.1800127],[-52.0681599,-19.1801951],[-52.0683081,-19.1805681],[-52.0683002,-19.1806683],[-52.0683051,-19.1806832],[-52.0683203,-19.1806841],[-52.0683912,-19.1806511],[-52.0686427,-19.1805491],[-52.0687084,-19.1805523],[-52.0687667,-19.1805795],[-52.0688479,-19.1806979],[-52.0691107,-19.1815238],[-52.0698302,-19.1839291],[-52.0707227,-19.1868322],[-52.0710754,-19.1879633],[-52.0710677,-19.1881498],[-52.0710476,-19.1882274],[-52.071058,-19.1882888],[-52.0711137,-19.1883477],[-52.0711975,-19.1884015],[-52.071284,-19.1884123],[-52.071345,-19.188361],[-52.0715663,-19.1879709],[-52.0727438,-19.1858772],[-52.0748171,-19.1822192],[-52.0749472,-19.1820621],[-52.0751899,-19.1818607],[-52.075599,-19.1816846],[-52.0759061,-19.1815149],[-52.0763084,-19.181411],[-52.0766598,-19.1812742],[-52.0777997,-19.180722],[-52.0795861,-19.1797847],[-52.0798865,-19.1796605],[-52.0801574,-19.1795997],[-52.0803747,-19.1795896],[-52.0805866,-19.1796073],[-52.0808736,-19.1796605],[-52.0822683,-19.1798961],[-52.0842665,-19.1802483]]]}},
{"type":"Feature","properties":{"osm_id":"902591703","code":5121,"fclass":"unclassified","name":null,"ref":null,"oneway":"B","maxspeed":0,"layer":0,"bridge":"F","tunnel":"F"},"geometry":{"type":"MultiLineString","coordinates":[[[-52.0347449,-19.2077173],[-52.0342648,-19.2082466],[-52.0324422,-19.2100184],[-52.032208690364556,-19.210209389738441]]]}},
{"type":"Feature","properties":{"osm_id":"904013703","code":5121,"fclass":"unclassified","name":null,"ref":null,"oneway":"B","maxspeed":0,"layer":0,"bridge":"F","tunnel":"F"},"geometry":{"type":"MultiLineString","coordinates":[[[-51.9568858,-19.185325],[-51.9570856,-19.1851894],[-51.9572971,-19.1850994]]]}},
{"type":"Feature","properties":{"osm_id":"904093868","code":5121,"fclass":"unclassified","name":null,"ref":null,"oneway":"B","maxspeed":0,"layer":0,"bridge":"F","tunnel":"F"},"geometry":{"type":"MultiLineString","coordinates":[[[-52.2026241,-18.9654322],[-52.1993333,-18.9575362],[-52.1990222,-18.9569654],[-52.198475,-18.9558543],[-52.1983677,-18.95573],[-52.1934056,-18.9522242],[-52.1932876,-18.952072],[-52.1927887,-18.9512095],[-52.1918178,-18.9494362],[-52.1884234,-18.944814],[-52.185351,-18.940831],[-52.1831878,-18.9380036],[-52.1828216,-18.9378298],[-52.180751,-18.9377942],[-52.1778649,-18.9377841],[-52.1745658,-18.9370331],[-52.1675116,-18.9354982],[-52.1669751,-18.9353435],[-52.1668437,-18.9351557],[-52.1669161,-18.9345519],[-52.167179,-18.9326389],[-52.1674499,-18.9308503],[-52.1675491,-18.92998],[-52.1672809,-18.9295309],[-52.1653068,-18.9262149],[-52.1649796,-18.9261134],[-52.1614766,-18.926225],[-52.1570993,-18.9263722],[-52.1522552,-18.9265701],[-52.1491331,-18.9266563],[-52.147631,-18.9267515],[-52.1475318,-18.9267502],[-52.1471845,-18.926683],[-52.1469243,-18.9261933],[-52.1466909,-18.92567],[-52.1465635,-18.9255926],[-52.1461156,-18.9255222],[-52.1440905,-18.9251848],[-52.1406372,-18.9246012],[-52.1406037,-18.9245771],[-52.1406305,-18.9245327],[-52.1406774,-18.9244134],[-52.1406855,-18.9242663],[-52.1408826,-18.922905],[-52.1409564,-18.9223126],[-52.1411119,-18.9214119],[-52.1413949,-18.9194988],[-52.1414747,-18.9193573],[-52.1417785,-18.9191137],[-52.1420708,-18.9187756],[-52.1422868,-18.9184534],[-52.1423391,-18.9180956],[-52.1421808,-18.9178038],[-52.142162,-18.9175399],[-52.1422184,-18.9172913],[-52.1422023,-18.9168168],[-52.1422693,-18.9165466],[-52.1422814,-18.9164184],[-52.1422425,-18.9159795],[-52.1421137,-18.9156953],[-52.1419635,-18.9155532],[-52.1414781,-18.9154492],[-52.1394771,-18.9151117],[-52.1366125,-18.9146753],[-52.13514,-18.9143898],[-52.1343099,-18.9142756],[-52.1333416,-18.9140917],[-52.1325624,-18.9139585],[-52.1318771,-18.9138646],[-52.1311113,-18.913725],[-52.1303348,-18.9136159],[-52.1297501,-18.9135005],[-52.1287832,-18.9133419],[-52.1277183,-18.9131757],[-52.1233705,-18.9124677],[-52.1191876,-18.9117382],[-52.1151549,-18.9111026],[-52.1147794,-18.910996],[-52.1143663,-18.9109148],[-52.113732,-18.9108463],[-52.1133403,-18.9107093],[-52.1131539,-18.9106674],[-52.1130547,-18.9105951],[-52.1128777,-18.910382],[-52.1127838,-18.910217]]]}},
{"type":"Feature","properties":{"osm_id":"904170401","code":5142,"fclass":"track","name":null,"ref":null,"oneway":"B","maxspeed":0,"layer":0,"bridge":"F","tunnel":"F"},"geometry":{"type":"MultiLineString","coordinates":[[[-52.1827619,-18.9728708],[-52.1828657,-18.9732468],[-52.1826752,-18.9759367],[-52.1830054,-18.9767413],[-52.1833864,-18.9769094],[-52.1831197,-18.9774738],[-52.1821419,-18.9780382],[-52.181926,-18.9781223],[-52.1803514,-18.9782664],[-52.1798307,-18.9786626],[-52.1798307,-18.9788067],[-52.180872,-18.9800556],[-52.1827133,-18.9845346]]]}},
{"type":"Feature","properties":{"osm_id":"904170407","code":5141,"fclass":"service","name":null,"ref":null,"oneway":"B","maxspeed":0,"layer":0,"bridge":"F","tunnel":"F"},"geometry":{"type":"MultiLineString","coordinates":[[[-51.7631735,-19.0969046],[-51.7628658,-19.0959881],[-51.7629477,-19.0958978],[-51.7636094,-19.0957431]]]}},
{"type":"Feature","properties":{"osm_id":"904170408","code":5122,"fclass":"residential","name":"Rua Isaias Candido Barbosa","ref":null,"oneway":"B","maxspeed":40,"layer":0,"bridge":"F","tunnel":"F"},"geometry":{"type":"MultiLineString","coordinates":[[[-51.7379267,-19.1031249],[-51.737916,-19.1033023],[-51.7378866,-19.1039789],[-51.7378486,-19.1048446],[-51.73781,-19.1057226],[-51.7377731,-19.1065636],[-51.7377363,-19.107403],[-51.7376985,-19.1082642],[-51.7376541,-19.1092766],[-51.7376347,-19.1097553],[-51.7376313,-19.1098202]]]}},
{"type":"Feature","properties":{"osm_id":"904209873","code":5141,"fclass":"service","name":null,"ref":null,"oneway":"B","maxspeed":0,"layer":0,"bridge":"F","tunnel":"F"},"geometry":{"type":"MultiLineString","coordinates":[[[-51.6852972,-19.1444071],[-51.6826632,-19.145521],[-51.6825113,-19.1454888],[-51.6823811,-19.145398],[-51.6822138,-19.1452926],[-51.6820743,-19.1452956]]]}},
{"type":"Feature","properties":{"osm_id":"904209874","code":5142,"fclass":"track","name":null,"ref":null,"oneway":"B","maxspeed":0,"layer":0,"bridge":"F","tunnel":"F"},"geometry":{"type":"MultiLineString","coordinates":[[[-51.6852972,-19.1444071],[-51.6851567,-19.1445944],[-51.6825371,-19.1456682],[-51.6824718,-19.1457423],[-51.6824196,-19.1459027],[-51.6824,-19.1462977],[-51.6822824,-19.1466001],[-51.6824326,-19.1471246]]]}},
{"type":"Feature","properties":{"osm_id":"904209875","code":5142,"fclass":"track","name":null,"ref":null,"oneway":"B","maxspeed":0,"layer":0,"bridge":"F","tunnel":"F"},"geometry":{"type":"MultiLineString","coordinates":[[[-51.6746608,-19.1469343],[-51.6714678,-19.1396623],[-51.6708235,-19.1393782]]]}},
{"type":"Feature","properties":{"osm_id":"906490244","code":5121,"fclass":"unclassified","name":null,"ref":null,"oneway":"B","maxspeed":0,"layer":0,"bridge":"F","tunnel":"F"},"geometry":{"type":"MultiLineString","coordinates":[[[-52.2263297,-19.2685209],[-52.2261661,-19.2681714],[-52.2255439,-19.265642],[-52.2250047,-19.2633379],[-52.2247607,-19.2622162],[-52.2243771,-19.2607045],[-52.2242725,-19.2599348],[-52.2241277,-19.2592258],[-52.2240928,-19.258927],[-52.2241196,-19.2581496],[-52.2241196,-19.2579015],[-52.2239667,-19.2567164],[-52.223897,-19.255501],[-52.2237092,-19.2535462],[-52.2235671,-19.2518091],[-52.2234464,-19.2505911],[-52.2233927,-19.2493629],[-52.2233713,-19.2486995],[-52.2233498,-19.248545],[-52.2232506,-19.2480791],[-52.2229475,-19.2467344],[-52.2226015,-19.2452075],[-52.2225103,-19.2447111],[-52.2224969,-19.2438425],[-52.2224379,-19.2435032],[-52.2223118,-19.2430474],[-52.2222608,-19.2429284],[-52.2221509,-19.24286],[-52.2219256,-19.2428017],[-52.2217968,-19.2427916],[-52.2193614,-19.2431411],[-52.2161374,-19.2436425],[-52.2145307,-19.243921],[-52.2136563,-19.2440122],[-52.2129455,-19.2440932],[-52.2124922,-19.2441743],[-52.2123447,-19.2441464],[-52.2121489,-19.2440401],[-52.2118297,-19.243797],[-52.2113925,-19.2430752],[-52.2113,-19.2429993],[-52.2111565,-19.2429587],[-52.2110318,-19.2429423],[-52.210962,-19.2429056],[-52.210903,-19.2428245],[-52.2106791,-19.242275],[-52.210267690331541,-19.241461583002216]]]}},
{"type":"Feature","properties":{"osm_id":"906504866","code":5121,"fclass":"unclassified","name":null,"ref":null,"oneway":"B","maxspeed":0,"layer":0,"bridge":"F","tunnel":"F"},"geometry":{"type":"MultiLineString","coordinates":[[[-52.2920184,-19.1927921],[-52.292064,-19.1925547],[-52.2921056,-19.1922912],[-52.2921619,-19.1920898],[-52.2921927,-19.1919036],[-52.2922048,-19.1917403],[-52.2921914,-19.1915553],[-52.2922316,-19.1911678],[-52.2923282,-19.1903002],[-52.2924113,-19.1901076],[-52.2924757,-19.1899379],[-52.2924972,-19.1895301],[-52.2925052,-19.1891526],[-52.292528,-19.189069],[-52.2925696,-19.1890222],[-52.2926635,-19.1890171],[-52.2927225,-19.1890196],[-52.2927721,-19.1889892],[-52.292819,-19.1889259],[-52.2928821,-19.1887385],[-52.2929488,-19.1886048],[-52.2930973,-19.1884136],[-52.2931255,-19.1883515],[-52.2931302,-19.1882863],[-52.2930899,-19.1881292],[-52.2930577,-19.1880102],[-52.293051,-19.187881],[-52.292984,-19.1877492],[-52.2928774,-19.1875213],[-52.2928371,-19.18738],[-52.2927895,-19.1872147],[-52.2927526,-19.187083],[-52.2927359,-19.1867182],[-52.2927077,-19.1864079],[-52.2926795,-19.1859874],[-52.2926192,-19.1855973],[-52.2925924,-19.1853598],[-52.2925843,-19.1850716],[-52.2925387,-19.184793],[-52.2924824,-19.184627],[-52.2924308,-19.1842958],[-52.2924127,-19.1840229],[-52.2923872,-19.1836815],[-52.292304,-19.1828322],[-52.2922772,-19.1826866],[-52.2922786,-19.1823984],[-52.2922598,-19.1820798],[-52.2922598,-19.1818772],[-52.2922236,-19.1812059],[-52.2921954,-19.1809665],[-52.2921807,-19.1807524],[-52.2921619,-19.1805168],[-52.292123,-19.1803154],[-52.2921029,-19.1799823],[-52.2920667,-19.1796352],[-52.2918615,-19.1782115],[-52.2917756,-19.1780544],[-52.2917059,-19.1780113],[-52.2914511,-19.1780189],[-52.2911467,-19.1780291],[-52.2907899,-19.1780354],[-52.2894971,-19.1780392],[-52.2893241,-19.1780012],[-52.2891887,-19.1779708],[-52.2891444,-19.1778745],[-52.2890988,-19.1776313],[-52.2890747,-19.1773514],[-52.2890385,-19.1767674],[-52.2888789,-19.1747331],[-52.2887796,-19.1729737],[-52.2887072,-19.1722972],[-52.2886831,-19.1720388],[-52.2886173,-19.1713801],[-52.2886214,-19.1709976],[-52.2885919,-19.1708418],[-52.2886059,-19.1705992],[-52.2885865,-19.1703687],[-52.2885369,-19.1698563],[-52.2885261,-19.1695776],[-52.2884899,-19.1693762],[-52.2884846,-19.1690367],[-52.2884712,-19.168568],[-52.2884162,-19.1682906],[-52.2884108,-19.1680841],[-52.2883236,-19.1676775],[-52.288278,-19.1675672],[-52.2880822,-19.1674811],[-52.2873473,-19.1672075],[-52.2869678,-19.1670631],[-52.2867103,-19.166887],[-52.2864313,-19.1667502],[-52.286076,-19.1664905],[-52.2859244,-19.1663993],[-52.2857246,-19.166303],[-52.2855167,-19.1661193],[-52.285388,-19.1659851],[-52.285286,-19.1659585],[-52.2851627,-19.1658153],[-52.2848891,-19.1655468],[-52.2847724,-19.1654023],[-52.2846799,-19.1652313],[-52.2844827,-19.1651135],[-52.2842507,-19.1650071],[-52.2841622,-19.164826],[-52.2841595,-19.1647373],[-52.2842628,-19.1646271],[-52.2843339,-19.1645409],[-52.2844059,-19.1643937],[-52.2844827,-19.1641723],[-52.2845082,-19.1639696],[-52.2845712,-19.1637365],[-52.2847268,-19.1631627],[-52.284826,-19.1628016],[-52.2849172,-19.1624799],[-52.2849776,-19.1622012]]]}},
{"type":"Feature","properties":{"osm_id":"906504867","code":5121,"fclass":"unclassified","name":null,"ref":null,"oneway":"B","maxspeed":0,"layer":0,"bridge":"F","tunnel":"F"},"geometry":{"type":"MultiLineString","coordinates":[[[-52.2310182,-19.2663054],[-52.2321421,-19.2658218],[-52.232708,-19.2655989],[-52.2333893,-19.2651331],[-52.2349691,-19.2638898],[-52.2359321,-19.2630821],[-52.2378284,-19.2615755],[-52.2403711,-19.2596081],[-52.2420287,-19.2583497],[-52.2443166,-19.256605],[-52.2459045,-19.2553719],[-52.2469237,-19.2543463],[-52.2481066,-19.2530245],[-52.248297,-19.252827],[-52.2484016,-19.252665],[-52.249386,-19.2507835],[-52.2505769,-19.2484716],[-52.2516136,-19.2464572],[-52.2516927,-19.246347],[-52.2518697,-19.2462381],[-52.2538438,-19.2454354],[-52.2557113,-19.2446421],[-52.2558401,-19.2445642],[-52.2559333,-19.2444604],[-52.2577277,-19.2422649],[-52.2595489,-19.2399933],[-52.261287,-19.2378306],[-52.2630358,-19.2356831],[-52.2646263,-19.2336394],[-52.2659969,-19.2318401],[-52.2661096,-19.2317476],[-52.266233,-19.2317122],[-52.2664475,-19.2317096],[-52.2683117,-19.2318489],[-52.2686979,-19.2318109],[-52.2697493,-19.2316134],[-52.2715907,-19.2312791],[-52.2730592,-19.2310221],[-52.2731611,-19.2309676],[-52.2732939,-19.2308359],[-52.2743775,-19.2293911],[-52.2752707,-19.2282806],[-52.2758433,-19.2275752],[-52.2761196,-19.2273929],[-52.2791746,-19.22571],[-52.2809087,-19.2247121],[-52.2809958,-19.2246551],[-52.2810482,-19.2245589],[-52.2811742,-19.2241018],[-52.2811514,-19.2239422],[-52.2798801,-19.2218857],[-52.2775063,-19.2182107],[-52.2765622,-19.2167164],[-52.2759345,-19.2157236],[-52.2757598,-19.2154472],[-52.2756012,-19.2151962],[-52.2750896,-19.2143103],[-52.2744995,-19.2134238],[-52.2740543,-19.2126741],[-52.2735044,-19.2118028],[-52.2721982,-19.2097841],[-52.2711173,-19.2080516],[-52.2698244,-19.2060532],[-52.2694007,-19.2054174],[-52.2692987,-19.205349],[-52.2691298,-19.2052983],[-52.268824,-19.205273],[-52.2685745,-19.2052629],[-52.2682875,-19.2052806],[-52.2678342,-19.2052148],[-52.2676197,-19.205154],[-52.2671637,-19.2048627],[-52.2660908,-19.2041281],[-52.2658199,-19.2039609],[-52.2655785,-19.2039002],[-52.2652513,-19.2038343],[-52.264621,-19.2035873]]]}},
{"type":"Feature","properties":{"osm_id":"906506586","code":5121,"fclass":"unclassified","name":null,"ref":null,"oneway":"B","maxspeed":0,"layer":0,"bridge":"F","tunnel":"F"},"geometry":{"type":"MultiLineString","coordinates":[[[-52.2644104,-19.2034924],[-52.2638686,-19.2032644],[-52.2627541,-19.2027907],[-52.2619884,-19.2024336],[-52.2607183,-19.2018738],[-52.2594322,-19.2013051],[-52.2593397,-19.2011924],[-52.2589065,-19.2005338],[-52.25802,-19.1992243],[-52.2571993,-19.1979603],[-52.2566253,-19.1971649],[-52.2559521,-19.1960731],[-52.25537,-19.1952702],[-52.2550884,-19.194994],[-52.2546271,-19.1946191],[-52.2535247,-19.1937959],[-52.2522882,-19.1928206],[-52.2511053,-19.1919087],[-52.2507606,-19.191632],[-52.250711,-19.1915699],[-52.250701,-19.1915142],[-52.2507083,-19.1914654],[-52.2514862,-19.1894832],[-52.2518134,-19.1888094],[-52.2520347,-19.1882622],[-52.2523029,-19.1876884],[-52.2526704,-19.1868474],[-52.2530043,-19.1860938],[-52.2534388,-19.1851312],[-52.2537419,-19.1844332],[-52.2545359,-19.1826714]]]}},
{"type":"Feature","properties":{"osm_id":"906506587","code":5121,"fclass":"unclassified","name":null,"ref":null,"oneway":"B","maxspeed":0,"layer":1,"bridge":"T","tunnel":"F"},"geometry":{"type":"MultiLineString","coordinates":[[[-52.264621,-19.2035873],[-52.2644104,-19.2034924]]]}},
{"type":"Feature","properties":{"osm_id":"906506588","code":5121,"fclass":"unclassified","name":null,"ref":null,"oneway":"B","maxspeed":0,"layer":1,"bridge":"T","tunnel":"F"},"geometry":{"type":"MultiLineString","coordinates":[[[-52.2919751,-19.1929622],[-52.2920184,-19.1927921]]]}},
{"type":"Feature","properties":{"osm_id":"906506589","code":5121,"fclass":"unclassified","name":null,"ref":null,"oneway":"B","maxspeed":0,"layer":0,"bridge":"F","tunnel":"F"},"geometry":{"type":"MultiLineString","coordinates":[[[-52.2757598,-19.2154472],[-52.2758742,-19.2152613],[-52.2760203,-19.215179],[-52.2764415,-19.2151214],[-52.276831,-19.2150771],[-52.2779515,-19.2149308],[-52.2797003,-19.2147029],[-52.2821841,-19.2143559],[-52.282632,-19.2142292],[-52.2847939,-19.2139595],[-52.2848998,-19.2139164],[-52.2850943,-19.2137645],[-52.2854564,-19.2134377],[-52.2855113,-19.2133491],[-52.2855288,-19.2132718],[-52.285502,-19.2131224],[-52.2854899,-19.2130413],[-52.2855127,-19.2129919],[-52.2855744,-19.2129096],[-52.2856441,-19.2127944],[-52.2857031,-19.2125145],[-52.2857474,-19.2122752],[-52.2857581,-19.2119573],[-52.285793,-19.211842],[-52.2858399,-19.211761],[-52.2858815,-19.2117116],[-52.2858855,-19.2116192],[-52.2858721,-19.2113849],[-52.2858949,-19.2111835],[-52.285966,-19.2108796],[-52.2860572,-19.2106453],[-52.2863013,-19.210197],[-52.2864669,-19.2099354],[-52.2865185,-19.2098405],[-52.2866218,-19.2097259],[-52.286717,-19.2095384],[-52.2867961,-19.2093991],[-52.2868538,-19.2091243],[-52.286953,-19.2087748],[-52.2875029,-19.2068865],[-52.28827,-19.204351],[-52.2889593,-19.2022031],[-52.2893643,-19.200701],[-52.2896862,-19.1996067],[-52.2900765,-19.1982668],[-52.2903058,-19.1975145],[-52.2905619,-19.1967837],[-52.2908315,-19.1958325],[-52.2910139,-19.1952423],[-52.2912312,-19.1947407],[-52.2914511,-19.1942569],[-52.2915503,-19.1940948],[-52.2916093,-19.1938769],[-52.2916617,-19.1937376],[-52.2917368,-19.1935882],[-52.2918186,-19.1932918],[-52.2918561,-19.1931689],[-52.2919326,-19.1930689],[-52.2919751,-19.1929622]]]}},
{"type":"Feature","properties":{"osm_id":"909953883","code":5121,"fclass":"unclassified","name":null,"ref":null,"oneway":"B","maxspeed":0,"layer":0,"bridge":"F","tunnel":"F"},"geometry":{"type":"MultiLineString","coordinates":[[[-52.535823883597111,-19.155338188122176],[-52.5350493,-19.1555465],[-52.5317918,-19.1564536],[-52.531592,-19.156465],[-52.5312111,-19.156484]]]}},
{"type":"Feature","properties":{"osm_id":"910395538","code":5121,"fclass":"unclassified","name":null,"ref":null,"oneway":"B","maxspeed":0,"layer":0,"bridge":"F","tunnel":"F"},"geometry":{"type":"MultiLineString","coordinates":[[[-52.090733768066933,-19.337287892526408],[-52.091906961786925,-19.338874864313773]],[[-52.110610926415539,-19.363308637314908],[-52.110748,-19.3638998],[-52.110919030314754,-19.36421261964627]],[[-52.1195045854002,-19.366204386501426],[-52.1195081,-19.3662075],[-52.1195591,-19.3663518],[-52.119565588428948,-19.366511956285265]],[[-52.125881882913355,-19.373788056742818],[-52.1260379,-19.3738493],[-52.1260889,-19.3738835],[-52.126089908154924,-19.373886974385165]]]}},
{"type":"Feature","properties":{"osm_id":"910679293","code":5121,"fclass":"unclassified","name":null,"ref":null,"oneway":"B","maxspeed":0,"layer":0,"bridge":"F","tunnel":"F"},"geometry":{"type":"MultiLineString","coordinates":[[[-52.1675116,-18.9354982],[-52.1674767,-18.9353219],[-52.1674714,-18.9352344],[-52.1675317,-18.934699],[-52.1683028,-18.9263062],[-52.1690726,-18.9180652],[-52.1691155,-18.9177683],[-52.1692228,-18.9174892],[-52.1705693,-18.9150508],[-52.1713176,-18.9137161],[-52.1726668,-18.9112777],[-52.1734124,-18.9100217],[-52.1741608,-18.9085753],[-52.1744102,-18.908168],[-52.1745805,-18.9078927],[-52.174594,-18.9078229],[-52.1745229,-18.9076453],[-52.1745095,-18.9075578],[-52.1745631,-18.9073878],[-52.1748528,-18.9066189],[-52.1752203,-18.9055912],[-52.1756923,-18.904599],[-52.1758452,-18.9042083],[-52.1759337,-18.9038149],[-52.1759605,-18.9033074],[-52.176092,-18.9022366],[-52.1761322,-18.9017215],[-52.1761751,-18.901389],[-52.1762234,-18.9008536],[-52.1762744,-18.9006836],[-52.1764058,-18.9005745],[-52.1772131,-18.9000111],[-52.1776208,-18.899803],[-52.1785381,-18.8994681],[-52.1789297,-18.8993082],[-52.1796271,-18.8988819],[-52.1800509,-18.8985266],[-52.1803165,-18.898179],[-52.1804291,-18.8981003],[-52.1806759,-18.8980648],[-52.1811211,-18.8981282],[-52.1813357,-18.8981764]]]}},
{"type":"Feature","properties":{"osm_id":"910679294","code":5121,"fclass":"unclassified","name":null,"ref":null,"oneway":"B","maxspeed":0,"layer":0,"bridge":"F","tunnel":"F"},"geometry":{"type":"MultiLineString","coordinates":[[[-52.147631,-18.9267515],[-52.1476083,-18.9264572],[-52.1476002,-18.9263506],[-52.1476257,-18.9262022],[-52.1477196,-18.9258876],[-52.1477383,-18.9256694],[-52.1477035,-18.9254791],[-52.147741,-18.925068],[-52.1491867,-18.9128839],[-52.1495193,-18.9102424],[-52.149632,-18.9098034],[-52.1497554,-18.9086413],[-52.1500182,-18.905812],[-52.1500799,-18.9051446],[-52.1500316,-18.9047894],[-52.1500504,-18.904594],[-52.1501282,-18.9044646],[-52.1502972,-18.9043529],[-52.1506485,-18.9041702],[-52.1509355,-18.9039748],[-52.1512574,-18.9036449]]]}},
{"type":"Feature","properties":{"osm_id":"910682115","code":5121,"fclass":"unclassified","name":null,"ref":null,"oneway":"B","maxspeed":0,"layer":0,"bridge":"F","tunnel":"F"},"geometry":{"type":"MultiLineString","coordinates":[[[-52.2129643,-18.8987956],[-52.211237,-18.8976385],[-52.2109795,-18.8975243],[-52.2075838,-18.8964128],[-52.2048345,-18.8955322],[-52.2018452,-18.8945996],[-52.2010084,-18.8943471],[-52.2005765,-18.8941949],[-52.2005336,-18.8941949],[-52.200496,-18.894224],[-52.2004733,-18.8942786],[-52.2005215,-18.894573],[-52.2006248,-18.8956642],[-52.2006543,-18.8958075],[-52.2007012,-18.8958926],[-52.2007535,-18.8959941],[-52.2007737,-18.8961641]]]}},
{"type":"Feature","properties":{"osm_id":"910682116","code":5121,"fclass":"unclassified","name":null,"ref":null,"oneway":"B","maxspeed":0,"layer":0,"bridge":"F","tunnel":"F"},"geometry":{"type":"MultiLineString","coordinates":[[[-52.2136617,-18.9218001],[-52.2133693,-18.921762],[-52.2129643,-18.9217163],[-52.2094935,-18.9211175],[-52.2078842,-18.9208524],[-52.2076187,-18.9207953],[-52.2073062,-18.9207509],[-52.2058658,-18.9205124],[-52.2032627,-18.9200722],[-52.2011156,-18.9197055],[-52.2008139,-18.9196294],[-52.2005256,-18.9195825],[-52.2001205,-18.9195178],[-52.2000387,-18.9194759],[-52.1999918,-18.9194214],[-52.199973,-18.9192945],[-52.2000025,-18.9188784],[-52.2000629,-18.9184255],[-52.2000897,-18.9182694],[-52.200079,-18.9179789],[-52.2001272,-18.9174816],[-52.2002909,-18.9156509],[-52.2003298,-18.9154923],[-52.2004491,-18.9153502],[-52.2005229,-18.9152056],[-52.2006033,-18.9151015],[-52.200657,-18.9150901],[-52.2007093,-18.9150952],[-52.2008863,-18.9153109],[-52.2009842,-18.9153997],[-52.2011264,-18.9155126],[-52.2012337,-18.9155367],[-52.2013409,-18.9155342],[-52.2013892,-18.915486],[-52.2013959,-18.915321],[-52.2014134,-18.9152525],[-52.201459,-18.9152233],[-52.2016427,-18.9151967],[-52.2017473,-18.9151586],[-52.2018546,-18.9150533]]]}},
{"type":"Feature","properties":{"osm_id":"910686283","code":5121,"fclass":"unclassified","name":null,"ref":null,"oneway":"B","maxspeed":0,"layer":0,"bridge":"F","tunnel":"F"},"geometry":{"type":"MultiLineString","coordinates":[[[-52.2118592,-18.8804223],[-52.2117674,-18.8796812],[-52.2117627,-18.8793716],[-52.211823,-18.8789769],[-52.2123206,-18.8772702],[-52.2127631,-18.8759022],[-52.2135222,-18.8748134],[-52.2136885,-18.8746231],[-52.213773,-18.8745736],[-52.2139393,-18.874585],[-52.2143121,-18.8746256],[-52.2147681,-18.8745977],[-52.2166483,-18.8743807],[-52.2171727,-18.8742639],[-52.2173095,-18.8742043],[-52.2173765,-18.8741231],[-52.21751,-18.873849],[-52.2176179,-18.8737094],[-52.2178821,-18.8735774],[-52.2183113,-18.8734385],[-52.218609,-18.8732805],[-52.2189859,-18.8729924],[-52.2203028,-18.8718643],[-52.2208701,-18.8713084],[-52.2213838,-18.8709188],[-52.2217552,-18.8707234],[-52.2218719,-18.8706117],[-52.2219497,-18.8704886],[-52.2220463,-18.8702285],[-52.2221254,-18.8700508],[-52.2222186,-18.8698814],[-52.2222769,-18.8696879],[-52.2223708,-18.8692285],[-52.2224419,-18.8690026],[-52.2225237,-18.8687983],[-52.2225907,-18.8684912],[-52.2226417,-18.8681282],[-52.2226424,-18.8679423],[-52.2225894,-18.8676219],[-52.2225612,-18.8672704],[-52.2224124,-18.8667589],[-52.2221683,-18.8660178],[-52.222112,-18.8658275],[-52.2220422,-18.8657589],[-52.2218022,-18.8656752],[-52.221023,-18.8653827],[-52.2205321,-18.8651422],[-52.2202975,-18.8650305],[-52.2201124,-18.8649772],[-52.2198428,-18.8647576],[-52.2195598,-18.8645977],[-52.2194794,-18.864467],[-52.2191133,-18.863736],[-52.2189765,-18.8633883],[-52.2189671,-18.8631859],[-52.2189751,-18.8629594],[-52.2190489,-18.8626522],[-52.2191776,-18.8623223],[-52.2192561,-18.8621656],[-52.2193573,-18.8620532],[-52.2197852,-18.8617715],[-52.2200762,-18.8616129],[-52.2202867,-18.8615164],[-52.2206005,-18.8614504],[-52.2210686,-18.861326],[-52.2213395,-18.861274],[-52.2215407,-18.8612359],[-52.2216855,-18.861156],[-52.2218813,-18.8609872],[-52.2221066,-18.860642],[-52.2222327,-18.8603958],[-52.2223051,-18.8602016],[-52.2223467,-18.8600735],[-52.2224513,-18.8598526],[-52.2225277,-18.8595354],[-52.2225519,-18.8593589],[-52.2225773,-18.8590531],[-52.2226001,-18.8587764],[-52.2226404,-18.8585696],[-52.2226806,-18.8583449],[-52.2227369,-18.8581343],[-52.2228281,-18.8578677],[-52.2229475,-18.8574489],[-52.2231379,-18.8567547],[-52.223323,-18.8561481],[-52.2234551,-18.8558371],[-52.2235416,-18.855735],[-52.2236757,-18.855596],[-52.2238447,-18.8554615],[-52.2239345,-18.8553422],[-52.2239694,-18.8552432],[-52.2239868,-18.8551163],[-52.2239868,-18.8546492],[-52.2239211,-18.8545058],[-52.2238366,-18.854356],[-52.2237964,-18.8542076],[-52.2238306,-18.8540273],[-52.2238112,-18.8538344],[-52.2237562,-18.8535844],[-52.2237065,-18.8532747],[-52.2236811,-18.8530717],[-52.2235711,-18.8529003],[-52.2233646,-18.8525602],[-52.2233042,-18.852314],[-52.2232197,-18.8520805],[-52.2231849,-18.8518031],[-52.2230494,-18.8515842],[-52.2230065,-18.8514433],[-52.2230414,-18.8512758],[-52.2231942,-18.8510791],[-52.2234719,-18.850857],[-52.2236234,-18.8507821],[-52.2244656,-18.8505308],[-52.2248626,-18.85048],[-52.2251281,-18.8505359],[-52.225289,-18.8506273],[-52.2253883,-18.8507567],[-52.2255787,-18.8508862],[-52.2262037,-18.8512136],[-52.2266918,-18.85147],[-52.2268702,-18.8515956]]]}},
{"type":"Feature","properties":{"osm_id":"910689834","code":5121,"fclass":"unclassified","name":null,"ref":null,"oneway":"B","maxspeed":0,"layer":0,"bridge":"F","tunnel":"F"},"geometry":{"type":"MultiLineString","coordinates":[[[-52.273483,-18.8474797],[-52.2733811,-18.8474809],[-52.2733073,-18.8474835],[-52.2726193,-18.8476434],[-52.2725254,-18.8476726],[-52.2720265,-18.8478541],[-52.2714955,-18.8480635],[-52.2709537,-18.848297],[-52.2698486,-18.8488047],[-52.268309,-18.8495612],[-52.2670591,-18.8501983],[-52.2659259,-18.8508418],[-52.2653881,-18.8511438],[-52.2649227,-18.8514395],[-52.2641529,-18.8518812],[-52.26376,-18.8521084],[-52.2635373,-18.8522543],[-52.2627354,-18.8528267],[-52.2623384,-18.8531681],[-52.2621788,-18.8533103],[-52.2620259,-18.8534569],[-52.2616169,-18.8539715],[-52.2610013,-18.8547165],[-52.2595704,-18.8562318],[-52.2591734,-18.8567382],[-52.2591385,-18.8568182],[-52.2591332,-18.8569299],[-52.2593109,-18.8575682],[-52.2592954,-18.8576076],[-52.2592552,-18.8576685],[-52.2591318,-18.8577802],[-52.2589146,-18.8579172],[-52.2569579,-18.8586647],[-52.2568667,-18.858718],[-52.2568358,-18.8587599],[-52.2568466,-18.858845],[-52.2568761,-18.8592904],[-52.2568291,-18.8594554],[-52.2567004,-18.859977],[-52.2567071,-18.8601331],[-52.2567715,-18.8603235],[-52.2568949,-18.8606966],[-52.2569592,-18.8609123],[-52.2569767,-18.8610989],[-52.256927,-18.8613438],[-52.2568586,-18.8614695],[-52.2568533,-18.8615837],[-52.2568265,-18.861807],[-52.2567607,-18.8618667],[-52.2566749,-18.8619009],[-52.2563209,-18.8620748],[-52.2562149,-18.8622296],[-52.2556128,-18.8636485],[-52.2547531,-18.8656092],[-52.2542381,-18.8669556],[-52.2541362,-18.8674328],[-52.2537875,-18.8692996],[-52.2532055,-18.8715419],[-52.253058,-18.8717805],[-52.2525309,-18.8725318],[-52.2523297,-18.872646],[-52.252032,-18.8728021],[-52.2519341,-18.8729137],[-52.2518738,-18.8730977],[-52.251623,-18.8740964],[-52.2511134,-18.8761002],[-52.2511187,-18.8763578],[-52.2511067,-18.876793],[-52.2514433,-18.8778514],[-52.2519422,-18.8788056],[-52.2525094,-18.8796216],[-52.2541791,-18.8815212],[-52.2552413,-18.8826632],[-52.2563303,-18.8837494],[-52.2580549,-18.8857797],[-52.2594094,-18.887244],[-52.2605923,-18.8885839],[-52.2620185,-18.8901834],[-52.2634549,-18.8918189],[-52.2646759,-18.893247],[-52.2672415,-18.8961615],[-52.2678906,-18.8968569],[-52.2683063,-18.8974799],[-52.2696508,-18.8990614],[-52.274749,-18.9048579],[-52.2764777,-18.9067699],[-52.2795716,-18.9100673],[-52.2798291,-18.9104708],[-52.2798412,-18.9105482],[-52.2798076,-18.9106002],[-52.2793235,-18.9109174],[-52.2787803,-18.9112498],[-52.2783525,-18.9115631],[-52.2764562,-18.9132658],[-52.2759908,-18.9137225],[-52.2759533,-18.9137885],[-52.2759587,-18.9138658],[-52.2760673,-18.9139496],[-52.2762001,-18.9140853],[-52.2762778,-18.9141462],[-52.2764307,-18.9142135],[-52.2768022,-18.9141703],[-52.2772434,-18.9140663],[-52.2776552,-18.9140016],[-52.2791947,-18.9137238],[-52.2796682,-18.9136349],[-52.2806002,-18.9135347],[-52.2819185,-18.9133482],[-52.2830665,-18.9132087],[-52.2841635,-18.9130437],[-52.2846437,-18.9129854],[-52.2850057,-18.9130107],[-52.2868162,-18.912757],[-52.2869343,-18.9127748],[-52.2870067,-18.9128306],[-52.2870362,-18.9130209],[-52.2873312,-18.9171999],[-52.2875351,-18.9199859],[-52.2879428,-18.9259129],[-52.288105,-18.9280505],[-52.2884229,-18.9322406],[-52.2885671,-18.9345758]]]}},
{"type":"Feature","properties":{"osm_id":"910697294","code":5121,"fclass":"unclassified","name":null,"ref":null,"oneway":"B","maxspeed":0,"layer":0,"bridge":"F","tunnel":"F"},"geometry":{"type":"MultiLineString","coordinates":[[[-52.2195598,-18.8645977],[-52.2188933,-18.8643998],[-52.2183716,-18.8642259],[-52.2182831,-18.8641358],[-52.2181785,-18.863934],[-52.2179036,-18.8630368],[-52.2177064,-18.862387],[-52.2176273,-18.8621192],[-52.2175254,-18.8618997],[-52.2173564,-18.8617347],[-52.2170131,-18.8615558],[-52.2163345,-18.8612791],[-52.213899,-18.8602562],[-52.2131279,-18.8599592],[-52.2127806,-18.8598717],[-52.2125593,-18.8598374]]]}},
{"type":"Feature","properties":{"osm_id":"910725357","code":5122,"fclass":"residential","name":null,"ref":null,"oneway":"B","maxspeed":0,"layer":0,"bridge":"F","tunnel":"F"},"geometry":{"type":"MultiLineString","coordinates":[[[-51.7424765,-19.1059621],[-51.7425665,-19.1059242],[-51.7426537,-19.1058723],[-51.7430279,-19.1055745]]]}},
{"type":"Feature","properties":{"osm_id":"910810086","code":5122,"fclass":"residential","name":"Rua Amim José","ref":null,"oneway":"F","maxspeed":0,"layer":0,"bridge":"F","tunnel":"F"},"geometry":{"type":"MultiLineString","coordinates":[[[-51.7298434,-19.1133127],[-51.7290019,-19.1132456]]]}},
{"type":"Feature","properties":{"osm_id":"910810087","code":5122,"fclass":"residential","name":"Rua Juscelino Gomes Dias","ref":null,"oneway":"F","maxspeed":0,"layer":0,"bridge":"F","tunnel":"F"},"geometry":{"type":"MultiLineString","coordinates":[[[-51.7244008,-19.1140137],[-51.7253661,-19.1137242],[-51.7256275,-19.1136364],[-51.7259776,-19.1135498],[-51.7262944,-19.1134576],[-51.7266448,-19.1133423],[-51.7272447,-19.1131917],[-51.7275868,-19.1131148],[-51.7279183,-19.113067]]]}},
{"type":"Feature","properties":{"osm_id":"910810088","code":5122,"fclass":"residential","name":"Rua Joaquim Balduino de Souza","ref":null,"oneway":"F","maxspeed":0,"layer":0,"bridge":"F","tunnel":"F"},"geometry":{"type":"MultiLineString","coordinates":[[[-51.7289801,-19.1122178],[-51.7298569,-19.1122385]]]}},
{"type":"Feature","properties":{"osm_id":"911108704","code":5121,"fclass":"unclassified","name":null,"ref":null,"oneway":"B","maxspeed":0,"layer":0,"bridge":"F","tunnel":"F"},"geometry":{"type":"MultiLineString","coordinates":[[[-52.1850143,-19.3364],[-52.18503453724626,-19.336422138908286]],[[-52.201631746245162,-19.347529817761632],[-52.200892082608867,-19.349137925756615]],[[-52.202541246790098,-19.362285543874368],[-52.2025922,-19.3626877],[-52.2025573,-19.3629584],[-52.202465583514993,-19.363248265456519]],[[-52.201749971328297,-19.36517256271339],[-52.2014952,-19.3657546],[-52.2013879,-19.3660734],[-52.2013141,-19.3661936],[-52.2011653,-19.3663796],[-52.201161415287693,-19.366383732574093]],[[-52.202465399263957,-19.368895864673096],[-52.2025761,-19.3690695],[-52.20285907372773,-19.369529805733972]]]}},
{"type":"Feature","properties":{"osm_id":"911184526","code":5121,"fclass":"unclassified","name":null,"ref":null,"oneway":"B","maxspeed":0,"layer":0,"bridge":"F","tunnel":"F"},"geometry":{"type":"MultiLineString","coordinates":[[[-52.2545359,-19.1826714],[-52.2514862,-19.1812058],[-52.2483292,-19.1796377],[-52.247825,-19.1793565],[-52.2476493,-19.1791995],[-52.2475769,-19.1791361],[-52.247487,-19.1788423],[-52.2474897,-19.1787511],[-52.2475447,-19.1786193],[-52.2477163,-19.1783508],[-52.2477579,-19.1782317],[-52.2477177,-19.1771221],[-52.2476184,-19.1754805],[-52.2475487,-19.1744646],[-52.2475165,-19.1742923],[-52.2473663,-19.1738667],[-52.2472899,-19.1737084],[-52.2470538,-19.1734601],[-52.2467722,-19.1732511],[-52.2464101,-19.1729306],[-52.2460949,-19.1727305]]]}},
{"type":"Feature","properties":{"osm_id":"912266110","code":5121,"fclass":"unclassified","name":null,"ref":null,"oneway":"B","maxspeed":0,"layer":1,"bridge":"T","tunnel":"F"},"geometry":{"type":"MultiLineString","coordinates":[[[-52.2791371,-18.8298318],[-52.279262921602005,-18.829744215652958]]]}},
{"type":"Feature","properties":{"osm_id":"912266111","code":5121,"fclass":"unclassified","name":null,"ref":null,"oneway":"B","maxspeed":0,"layer":0,"bridge":"F","tunnel":"F"},"geometry":{"type":"MultiLineString","coordinates":[[[-52.3321994,-18.9189275],[-52.3320919,-18.9188035],[-52.3320443,-18.9187451],[-52.3320839,-18.9186691],[-52.3326364,-18.9174105],[-52.3333418,-18.9158831],[-52.3339883,-18.9142718],[-52.3346508,-18.9127291],[-52.3350799,-18.9118385],[-52.3357612,-18.9105951],[-52.3367751,-18.9088443],[-52.3382288,-18.9066823],[-52.3388189,-18.9058551],[-52.338945,-18.9057359],[-52.3391032,-18.9056597],[-52.3393956,-18.905576],[-52.3395377,-18.9055024],[-52.3396182,-18.9054263],[-52.3396665,-18.9053146],[-52.3396665,-18.9052106],[-52.3393258,-18.9040535],[-52.3388404,-18.9027314],[-52.3387653,-18.902498],[-52.3386982,-18.9022848],[-52.3383227,-18.9011201],[-52.3380491,-18.900034],[-52.337687,-18.8989834],[-52.337172,-18.8971665],[-52.3370862,-18.8969127],[-52.3369923,-18.8966209],[-52.3367858,-18.8958951],[-52.3367268,-18.8958266],[-52.3366195,-18.8957758],[-52.3345006,-18.8951414],[-52.333083,-18.8947328],[-52.3329596,-18.894724],[-52.3328322,-18.8947468],[-52.3327182,-18.8947899],[-52.3308152,-18.8956185],[-52.3306409,-18.8956845],[-52.3304558,-18.8957327],[-52.3303083,-18.8957378],[-52.3301178,-18.8956819],[-52.329576,-18.8954358],[-52.3289484,-18.8951439],[-52.3288116,-18.8950475],[-52.3286694,-18.894875],[-52.3280203,-18.8939284],[-52.3274571,-18.8931392],[-52.3270118,-18.8925758],[-52.3268187,-18.8924108],[-52.3266014,-18.8922764],[-52.3262796,-18.8921723],[-52.3237368,-18.8916267],[-52.3212773,-18.8910811],[-52.3198423,-18.8907309],[-52.3188633,-18.8904568],[-52.3185414,-18.8903426],[-52.3156822,-18.8892463],[-52.3150894,-18.8890103],[-52.3148721,-18.8889367],[-52.3147783,-18.8888758],[-52.314679,-18.8887362],[-52.3139575,-18.8872922],[-52.3131958,-18.8858406],[-52.3120371,-18.883653],[-52.3113987,-18.8824424],[-52.3104277,-18.8805796],[-52.3098108,-18.8794731],[-52.308872,-18.8776635],[-52.3076275,-18.875255],[-52.3063266,-18.8727678],[-52.3062301,-18.8726181],[-52.3061228,-18.872547],[-52.3058707,-18.872481],[-52.3033977,-18.8719201],[-52.299833,-18.8710622],[-52.2958553,-18.8701206],[-52.2933367,-18.8695343],[-52.2932267,-18.869476],[-52.2931784,-18.8693795],[-52.2931865,-18.869278],[-52.2933877,-18.868179],[-52.2936049,-18.8665775],[-52.2937605,-18.865646],[-52.2937819,-18.8655089],[-52.2937846,-18.8653693],[-52.2937739,-18.8648541],[-52.2937283,-18.8643363],[-52.2936854,-18.8638312],[-52.2936612,-18.8636865],[-52.2933608,-18.8623362],[-52.2932482,-18.8618311],[-52.2932267,-18.861656],[-52.2932294,-18.8614453],[-52.2931945,-18.8612397],[-52.2931489,-18.8610519],[-52.2930899,-18.8607194],[-52.292878,-18.8592219],[-52.2926286,-18.8571811],[-52.2924516,-18.8556023],[-52.2924113,-18.8554678],[-52.2923711,-18.8553561],[-52.2922853,-18.8552419],[-52.2916523,-18.8545946],[-52.2909978,-18.8538966],[-52.2905955,-18.8534905],[-52.2903487,-18.8531986],[-52.2901422,-18.8529981],[-52.2900349,-18.8529244],[-52.2899236,-18.8528965],[-52.2898015,-18.8529016],[-52.2896647,-18.8529219],[-52.2870979,-18.8536326],[-52.2861135,-18.8538585],[-52.2859231,-18.8538865],[-52.2858077,-18.8538814],[-52.2856763,-18.8538509],[-52.2855234,-18.8537976],[-52.2834501,-18.8530057],[-52.2805318,-18.8518888],[-52.2788849,-18.851272],[-52.2759345,-18.8502135],[-52.2740704,-18.8494672],[-52.2733489,-18.8492312],[-52.2732496,-18.8491499],[-52.2731933,-18.8490408],[-52.2731879,-18.8488733],[-52.273483,-18.8474797],[-52.2738987,-18.8458449],[-52.2743976,-18.843738],[-52.2751245,-18.840598],[-52.2756636,-18.838359],[-52.2761518,-18.8362088],[-52.2765997,-18.8344014],[-52.277061,-18.8322842],[-52.277222,-18.831581],[-52.2772756,-18.8314413],[-52.2773963,-18.8312992],[-52.2775304,-18.8311672],[-52.2777692,-18.8309285],[-52.2791371,-18.8298318]]]}},
{"type":"Feature","properties":{"osm_id":"912303358","code":5121,"fclass":"unclassified","name":null,"ref":null,"oneway":"B","maxspeed":0,"layer":0,"bridge":"F","tunnel":"F"},"geometry":{"type":"MultiLineString","coordinates":[[[-52.3320443,-18.9187451],[-52.3316916,-18.9191137]]]}},
{"type":"Feature","properties":{"osm_id":"912669833","code":5113,"fclass":"primary","name":null,"ref":"MS-306","oneway":"F","maxspeed":0,"layer":0,"bridge":"F","tunnel":"F"},"geometry":{"type":"MultiLineString","coordinates":[[[-51.7454285,-19.1069849],[-51.7454769,-19.1069564],[-51.7455095,-19.1069372],[-51.7456135,-19.1068835]]]}},
{"type":"Feature","properties":{"osm_id":"912669834","code":5113,"fclass":"primary","name":null,"ref":"MS-306","oneway":"F","maxspeed":0,"layer":0,"bridge":"F","tunnel":"F"},"geometry":{"type":"MultiLineString","coordinates":[[[-51.7456135,-19.1068835],[-51.74558,-19.1069686],[-51.7455498,-19.1070443]]]}},
{"type":"Feature","properties":{"osm_id":"912669835","code":5113,"fclass":"primary","name":"Avenida Presidente Dutra","ref":"MS-306","oneway":"F","maxspeed":0,"layer":0,"bridge":"F","tunnel":"F"},"geometry":{"type":"MultiLineString","coordinates":[[[-51.7453352,-19.1073289],[-51.7453418,-19.1072666],[-51.7453469,-19.107219],[-51.7453563,-19.1071566]]]}},
{"type":"Feature","properties":{"osm_id":"912669836","code":5113,"fclass":"primary","name":"Avenida Presidente Dutra","ref":"MS-306","oneway":"F","maxspeed":0,"layer":0,"bridge":"F","tunnel":"F"},"geometry":{"type":"MultiLineString","coordinates":[[[-51.7454585,-19.1071981],[-51.74539,-19.1072755],[-51.7453352,-19.1073289]]]}},
{"type":"Feature","properties":{"osm_id":"912669837","code":5141,"fclass":"service","name":null,"ref":null,"oneway":"B","maxspeed":0,"layer":0,"bridge":"F","tunnel":"F"},"geometry":{"type":"MultiLineString","coordinates":[[[-51.7472378,-19.1049341],[-51.7465574,-19.1053719]]]}},
{"type":"Feature","properties":{"osm_id":"912747524","code":5122,"fclass":"residential","name":null,"ref":null,"oneway":"F","maxspeed":0,"layer":0,"bridge":"F","tunnel":"F"},"geometry":{"type":"MultiLineString","coordinates":[[[-51.7279183,-19.113067],[-51.7278312,-19.1132723]]]}},
{"type":"Feature","properties":{"osm_id":"926627281","code":5121,"fclass":"unclassified","name":"Rua Delegacia Izanópolis","ref":null,"oneway":"B","maxspeed":0,"layer":0,"bridge":"F","tunnel":"F"},"geometry":{"type":"MultiLineString","coordinates":[[[-51.7224097,-19.1352149],[-51.7226672,-19.1352098],[-51.7227262,-19.1351794],[-51.7227691,-19.1351186],[-51.7227745,-19.1349336],[-51.7227316,-19.134703],[-51.722745,-19.1346701],[-51.7228121,-19.1346067],[-51.7228362,-19.1345789],[-51.7228496,-19.134518],[-51.7228255,-19.1340493],[-51.7228416,-19.1338769],[-51.7229113,-19.1337224],[-51.7233968,-19.1327696],[-51.7235336,-19.1324148],[-51.7235926,-19.1322045],[-51.7235738,-19.1321158],[-51.7234826,-19.1320474],[-51.7232412,-19.1320068],[-51.7221442,-19.131723],[-51.7218116,-19.1316318],[-51.7217781,-19.1316102],[-51.7217606,-19.1315748],[-51.7218653,-19.130122]]]}},
{"type":"Feature","properties":{"osm_id":"926712113","code":5122,"fclass":"residential","name":null,"ref":null,"oneway":"B","maxspeed":0,"layer":0,"bridge":"F","tunnel":"F"},"geometry":{"type":"MultiLineString","coordinates":[[[-51.7369039,-19.1014596],[-51.7371216,-19.1013026]]]}},
{"type":"Feature","properties":{"osm_id":"926712114","code":5122,"fclass":"residential","name":null,"ref":null,"oneway":"F","maxspeed":40,"layer":0,"bridge":"F","tunnel":"F"},"geometry":{"type":"MultiLineString","coordinates":[[[-51.7354721,-19.1024159],[-51.7355049,-19.1024101],[-51.7355547,-19.1023751],[-51.7356716,-19.102293]]]}},
{"type":"Feature","properties":{"osm_id":"941880390","code":5113,"fclass":"primary","name":null,"ref":"MS-306","oneway":"B","maxspeed":80,"layer":0,"bridge":"F","tunnel":"F"},"geometry":{"type":"MultiLineString","coordinates":[[[-52.0456529,-19.0316444],[-52.0472708,-19.0308354],[-52.0562664,-19.0263985],[-52.062955,-19.0230995],[-52.0709422,-19.0191496],[-52.0772805,-19.016015],[-52.0786985,-19.0153138],[-52.0846698,-19.0123704],[-52.090818,-19.0093397]]]}},
{"type":"Feature","properties":{"osm_id":"941880391","code":5113,"fclass":"primary","name":null,"ref":"MS-306","oneway":"F","maxspeed":40,"layer":0,"bridge":"F","tunnel":"F"},"geometry":{"type":"MultiLineString","coordinates":[[[-52.0439185,-19.0325116],[-52.0438376,-19.0325489],[-52.0437445,-19.0325952]]]}},
{"type":"Feature","properties":{"osm_id":"953549050","code":5122,"fclass":"residential","name":null,"ref":null,"oneway":"F","maxspeed":0,"layer":0,"bridge":"F","tunnel":"F"},"geometry":{"type":"MultiLineString","coordinates":[[[-51.7286945,-19.1121964],[-51.7287222,-19.1121967],[-51.7289801,-19.1122178]]]}},
{"type":"Feature","properties":{"osm_id":"953549051","code":5122,"fclass":"residential","name":null,"ref":null,"oneway":"F","maxspeed":0,"layer":1,"bridge":"T","tunnel":"F"},"geometry":{"type":"MultiLineString","coordinates":[[[-51.7285192,-19.1121948],[-51.7285898,-19.1121955],[-51.7286945,-19.1121964]]]}},
{"type":"Feature","properties":{"osm_id":"953615702","code":5122,"fclass":"residential","name":null,"ref":null,"oneway":"B","maxspeed":0,"layer":0,"bridge":"F","tunnel":"F"},"geometry":{"type":"MultiLineString","coordinates":[[[-51.8246663,-19.1598414],[-51.8249559,-19.160186],[-51.8257499,-19.1630287],[-51.825825,-19.1633631],[-51.8263239,-19.1651214],[-51.8263292,-19.1651873],[-51.8267047,-19.16653],[-51.8267476,-19.1667327],[-51.8269408,-19.1673864],[-51.8270051,-19.1676752],[-51.827327,-19.1687799],[-51.8276596,-19.1700517],[-51.8284535,-19.1729096],[-51.8285501,-19.1733504],[-51.8289685,-19.1749618],[-51.8290651,-19.1754026],[-51.8293011,-19.1762083],[-51.8293548,-19.1764566],[-51.8293548,-19.1774041],[-51.8292743,-19.1796742],[-51.8292797,-19.180191],[-51.8292582,-19.1806572],[-51.8292475,-19.1820405],[-51.8292153,-19.1836975],[-51.82931,-19.1839063]]]}},
{"type":"Feature","properties":{"osm_id":"953615703","code":5122,"fclass":"residential","name":null,"ref":null,"oneway":"B","maxspeed":0,"layer":0,"bridge":"F","tunnel":"F"},"geometry":{"type":"MultiLineString","coordinates":[[[-51.8246663,-19.1598414],[-51.8264794,-19.1582554],[-51.8277401,-19.1571913],[-51.8280083,-19.1569329],[-51.8280995,-19.1567404],[-51.8281424,-19.1565427],[-51.8282175,-19.1564161],[-51.8284589,-19.1561576],[-51.828829,-19.1558029],[-51.8290007,-19.1556307],[-51.8290436,-19.1555394],[-51.8290436,-19.1553013],[-51.8290061,-19.1549365],[-51.8289363,-19.1547794],[-51.82877,-19.154521],[-51.8287539,-19.1543993],[-51.8288773,-19.1542473],[-51.8290383,-19.1541105],[-51.830433,-19.1527424],[-51.8307227,-19.1524992],[-51.8308783,-19.1523117],[-51.8308568,-19.1522559],[-51.8305939,-19.1519469],[-51.8304545,-19.151734],[-51.8304276,-19.1515618],[-51.830433,-19.1513287],[-51.8304008,-19.1511919],[-51.8302935,-19.1509486],[-51.8302613,-19.1507814],[-51.8302882,-19.1506243],[-51.8304115,-19.1504267],[-51.830492,-19.1502291],[-51.8305564,-19.1499251],[-51.8305457,-19.1498491],[-51.8304974,-19.1497883],[-51.8304276,-19.1497579],[-51.8298805,-19.149697],[-51.8295908,-19.149621],[-51.8294513,-19.1495197],[-51.8293977,-19.1494285],[-51.8293708,-19.1493119],[-51.8293977,-19.1491194],[-51.829446,-19.1489826],[-51.8297088,-19.1484607],[-51.8297678,-19.148258],[-51.8297946,-19.1480046],[-51.8298161,-19.1472446],[-51.8298107,-19.1468595],[-51.8298429,-19.1466669],[-51.8298912,-19.1465656],[-51.8299824,-19.1462159],[-51.8300414,-19.1455825],[-51.8299287,-19.1452076]]]}},
{"type":"Feature","properties":{"osm_id":"953615704","code":5122,"fclass":"residential","name":null,"ref":null,"oneway":"B","maxspeed":0,"layer":0,"bridge":"F","tunnel":"F"},"geometry":{"type":"MultiLineString","coordinates":[[[-51.8270531,-19.1391467],[-51.8271124,-19.1392997],[-51.8226814,-19.1418741],[-51.8225849,-19.1421174],[-51.8252349,-19.1446918],[-51.8258142,-19.1439864],[-51.8259537,-19.1438141],[-51.826179,-19.1435861],[-51.8264472,-19.1431858],[-51.8267262,-19.1428564],[-51.8267584,-19.1427095],[-51.8267906,-19.1424511],[-51.8268281,-19.142375],[-51.8269944,-19.1422028],[-51.8275845,-19.1419849],[-51.8276918,-19.1419697],[-51.8280029,-19.1419747],[-51.8282497,-19.1420609],[-51.8283516,-19.1421116],[-51.8285072,-19.142223],[-51.8285876,-19.1423193],[-51.8287808,-19.1426183],[-51.8289471,-19.1428108],[-51.8291831,-19.142973],[-51.8294352,-19.1430946],[-51.8295908,-19.143201],[-51.8296659,-19.1432973],[-51.8297464,-19.1434695],[-51.8297678,-19.1436672],[-51.8298107,-19.143809],[-51.8299824,-19.1440624],[-51.8300521,-19.1442043],[-51.830095,-19.1444272],[-51.8299287,-19.1452076]]]}},
{"type":"Feature","properties":{"osm_id":"974924974","code":5121,"fclass":"unclassified","name":null,"ref":null,"oneway":"B","maxspeed":60,"layer":1,"bridge":"T","tunnel":"F"},"geometry":{"type":"MultiLineString","coordinates":[[[-52.3750851,-18.7887132],[-52.3750025673057,-18.788661145217656]]]}},
{"type":"Feature","properties":{"osm_id":"974924975","code":5121,"fclass":"unclassified","name":null,"ref":null,"oneway":"B","maxspeed":60,"layer":0,"bridge":"F","tunnel":"F"},"geometry":{"type":"MultiLineString","coordinates":[[[-52.3966434,-18.8639903],[-52.3968136,-18.8637627],[-52.3970604,-18.8636307],[-52.4014592,-18.8631231],[-52.4017274,-18.8630215],[-52.4019098,-18.8628794],[-52.4019849,-18.862656],[-52.4038732,-18.8503303],[-52.404753,-18.8448778],[-52.4051499,-18.8424104],[-52.4053002,-18.8421261],[-52.4057937,-18.8419332],[-52.4071026,-18.8415169],[-52.4077034,-18.8411716],[-52.4078429,-18.8408467],[-52.4077678,-18.8402679],[-52.4074888,-18.8357392],[-52.4075532,-18.8352822],[-52.4094415,-18.8278796],[-52.4097419,-18.8267219],[-52.4097204,-18.8264782],[-52.4095166,-18.8261634],[-52.4092269,-18.8257268],[-52.4091089,-18.8253917],[-52.4088514,-18.8252393],[-52.4085617,-18.8251784],[-52.4082077,-18.8252495],[-52.4077356,-18.8255034],[-52.4074781,-18.8254932],[-52.4026501,-18.8247113],[-52.4024141,-18.8245488],[-52.4022853,-18.8243558],[-52.4022532,-18.8240004],[-52.4025965,-18.8216749],[-52.4027145,-18.8213093],[-52.402693,-18.8206696],[-52.4028003,-18.8202633],[-52.4028218,-18.8198571],[-52.4027574,-18.8196693],[-52.4026501,-18.8195829],[-52.4023873,-18.8195271],[-52.3989111,-18.8189482],[-52.3956335,-18.8183135],[-52.3951507,-18.818212],[-52.3947108,-18.8181003],[-52.3920179,-18.8167496],[-52.3917282,-18.8164856],[-52.3914385,-18.8160793],[-52.3911166,-18.8157036],[-52.3903442,-18.8150841],[-52.3896039,-18.8142513],[-52.3888099,-18.8135811],[-52.3879302,-18.8129413],[-52.3873186,-18.8126264],[-52.3863423,-18.8122405],[-52.3855806,-18.8119866],[-52.3852372,-18.8117327],[-52.3846364,-18.8109],[-52.3828232,-18.8082087],[-52.3826945,-18.8077821],[-52.3825765,-18.8071829],[-52.3826087,-18.8067259],[-52.3827267,-18.8061775],[-52.3829091,-18.8056595],[-52.3828876,-18.8052025],[-52.3825228,-18.8038517],[-52.3824692,-18.8029783],[-52.3826623,-18.7964984],[-52.3826087,-18.7962648],[-52.3823834,-18.7958789],[-52.3807202,-18.7928813],[-52.3807097,-18.7928623],[-52.3800552,-18.7916029],[-52.3798192,-18.7913083],[-52.3778987,-18.7893175],[-52.377609,-18.7891144],[-52.3773086,-18.7890636],[-52.3760748,-18.7891042],[-52.3755974,-18.7889773],[-52.3750851,-18.7887132]]]}},
{"type":"Feature","properties":{"osm_id":"978743310","code":5146,"fclass":"track_grade4","name":null,"ref":null,"oneway":"B","maxspeed":0,"layer":0,"bridge":"F","tunnel":"F"},"geometry":{"type":"MultiLineString","coordinates":[[[-52.4716587,-19.133803],[-52.4716909,-19.1338601],[-52.4717231,-19.1339172]]]}},
{"type":"Feature","properties":{"osm_id":"978743311","code":5146,"fclass":"track_grade4","name":null,"ref":null,"oneway":"B","maxspeed":0,"layer":0,"bridge":"F","tunnel":"F"},"geometry":{"type":"MultiLineString","coordinates":[[[-52.4717231,-19.1339172],[-52.4717795,-19.1340266],[-52.4718133,-19.1342329],[-52.4718133,-19.1346051],[-52.4717773,-19.1350198],[-52.471703,-19.1354856],[-52.4715994,-19.1361747],[-52.4715116,-19.136749],[-52.4714283,-19.1373467],[-52.4713698,-19.1377869],[-52.471318,-19.1381953],[-52.4712369,-19.1386887],[-52.4711446,-19.1392949],[-52.4710478,-19.1399329],[-52.4709285,-19.1405986],[-52.4707979,-19.1412835],[-52.4707934,-19.1417578],[-52.4707732,-19.1422533],[-52.4708249,-19.1427893],[-52.470852,-19.1434422],[-52.47087,-19.14411],[-52.4709218,-19.1449395],[-52.4709848,-19.1454095],[-52.4706066,-19.145284],[-52.4700077,-19.1451139],[-52.4693931,-19.1449437],[-52.4688641,-19.1448204],[-52.47087,-19.14411]]]}},
{"type":"Feature","properties":{"osm_id":"997278044","code":5153,"fclass":"footway","name":null,"ref":null,"oneway":"B","maxspeed":0,"layer":0,"bridge":"F","tunnel":"F"},"geometry":{"type":"MultiLineString","coordinates":[[[-51.7338358,-19.1133733],[-51.7337502,-19.1133721],[-51.7336887,-19.1133707],[-51.7336277,-19.1133697]]]}},
{"type":"Feature","properties":{"osm_id":"1101940012","code":5124,"fclass":"pedestrian","name":null,"ref":null,"oneway":"B","maxspeed":0,"layer":0,"bridge":"F","tunnel":"F"},"geometry":{"type":"MultiLineString","coordinates":[[[-51.7452326,-19.1077119],[-51.7456054,-19.1079048],[-51.7455366,-19.1080246]]]}},
{"type":"Feature","properties":{"osm_id":"1187678840","code":5115,"fclass":"tertiary","name":"Avenida Candido Barbosa Dias","ref":"BR-158","oneway":"B","maxspeed":40,"layer":0,"bridge":"F","tunnel":"F"},"geometry":{"type":"MultiLineString","coordinates":[[[-51.7312288,-19.1158424],[-51.7311308,-19.1159125],[-51.7306957,-19.1162423],[-51.7304044,-19.1164647],[-51.7302264,-19.1166132],[-51.730008,-19.1167758],[-51.7296262,-19.117078]]]}},
{"type":"Feature","properties":{"osm_id":"1187678841","code":5115,"fclass":"tertiary","name":null,"ref":null,"oneway":"F","maxspeed":0,"layer":0,"bridge":"F","tunnel":"F"},"geometry":{"type":"MultiLineString","coordinates":[[[-51.7295847,-19.1171492],[-51.729566,-19.1171421],[-51.7295508,-19.1171284],[-51.7295461,-19.1171085],[-51.7295489,-19.1170886],[-51.72956,-19.117072],[-51.7295676,-19.1170675],[-51.7295773,-19.1170618],[-51.7295972,-19.1170601],[-51.729616,-19.1170672],[-51.7296262,-19.117078],[-51.7296297,-19.1170818],[-51.7296358,-19.1171008],[-51.729633,-19.1171207],[-51.7296249,-19.1171356],[-51.7296047,-19.1171475],[-51.7295847,-19.1171492]]]}},
{"type":"Feature","properties":{"osm_id":"1237323291","code":5121,"fclass":"unclassified","name":null,"ref":null,"oneway":"B","maxspeed":0,"layer":0,"bridge":"F","tunnel":"F"},"geometry":{"type":"MultiLineString","coordinates":[[[-52.4248758,-18.9989402],[-52.4249214,-18.9989149],[-52.424865,-18.9988337],[-52.4248087,-18.9987323],[-52.4247443,-18.9986587],[-52.4246746,-18.9986156],[-52.4245914,-18.9985649],[-52.4244546,-18.9984888],[-52.4242723,-18.9984153],[-52.4240738,-18.9983214],[-52.4239209,-18.9982504],[-52.4237385,-18.9981946],[-52.4236366,-18.9981921],[-52.4234917,-18.9982175],[-52.4233549,-18.9982758],[-52.4231806,-18.9984127],[-52.4230358,-18.9985243],[-52.4227354,-18.9987247],[-52.4225396,-18.9988718],[-52.4214023,-18.9997061],[-52.4204608,-19.0003452],[-52.4202302,-19.0005963],[-52.4200719,-19.0009006],[-52.4199834,-19.001139],[-52.4200022,-19.0013799],[-52.4197635,-19.0017604],[-52.4193209,-19.0027469],[-52.4192865,-19.002828]]]}},
{"type":"Feature","properties":{"osm_id":"1238311359","code":5121,"fclass":"unclassified","name":null,"ref":null,"oneway":"B","maxspeed":0,"layer":0,"bridge":"F","tunnel":"F"},"geometry":{"type":"MultiLineString","coordinates":[[[-52.2360239,-18.9743107],[-52.2357768,-18.9745871],[-52.2352168,-18.9751776],[-52.2343499,-18.9761881],[-52.2338027,-18.9767562],[-52.2328286,-18.9778378],[-52.2319466,-18.9787813],[-52.2311441,-18.9796356],[-52.2302021,-18.9806806],[-52.2292365,-18.9817438],[-52.2282881,-18.9827928],[-52.2275113,-18.9836004],[-52.2271401,-18.9839169],[-52.2265436,-18.9846149],[-52.226284,-18.9848807],[-52.2256274,-18.9856558],[-52.2255415,-18.9857532],[-52.2254342,-18.9858526],[-52.2253248,-18.9859074],[-52.2251424,-18.9860048],[-52.2248527,-18.9861469],[-52.224754,-18.9862341],[-52.2245566,-18.9864735],[-52.2242905,-18.9868043],[-52.2239472,-18.9872121],[-52.223649,-18.9876402],[-52.223458,-18.9880278],[-52.2233271,-18.9883727],[-52.2232026,-18.988742],[-52.2231511,-18.9891254],[-52.2230589,-18.9894298],[-52.2229215,-18.9898011],[-52.2228507,-18.9901115],[-52.2227413,-18.9905234],[-52.2226362,-18.9910672],[-52.2225353,-18.9916738],[-52.2225053,-18.9920107],[-52.2224902,-18.9925605],[-52.2224838,-18.9929561],[-52.222546,-18.9939442],[-52.2226662,-18.9954132],[-52.2227027,-18.9960564],[-52.2227932,-18.997414],[-52.222767,-18.9978012],[-52.2227842,-18.9980832],[-52.2228057,-18.9993148],[-52.2228336,-18.9997205],[-52.2227327,-19.0003677],[-52.2226877,-19.0006071],[-52.222501,-19.0013111],[-52.2223036,-19.0020517],[-52.2222564,-19.002356],[-52.2221383,-19.0026563],[-52.2219495,-19.0032548],[-52.2218465,-19.0035003],[-52.2217285,-19.0036687],[-52.2214131,-19.0042712],[-52.2211685,-19.004677],[-52.220823,-19.0051943],[-52.2207157,-19.0053749],[-52.2206148,-19.0055554],[-52.2203874,-19.0058679],[-52.220205,-19.0060464],[-52.2198767,-19.0064684],[-52.2196063,-19.0068234],[-52.2193596,-19.0070689],[-52.2192201,-19.0073367],[-52.2190806,-19.0075031],[-52.2188982,-19.0076735],[-52.217276,-19.0089678],[-52.2159735,-19.0100268],[-52.215008,-19.0107795],[-52.2146925,-19.0110432],[-52.2136626,-19.0118426],[-52.213345,-19.0121144],[-52.2127613,-19.012577],[-52.2122657,-19.0130476],[-52.2117013,-19.0136948],[-52.2113966,-19.0141046],[-52.210725,-19.0149323],[-52.2103195,-19.0157458],[-52.2101692,-19.0159912],[-52.2101199,-19.0162063],[-52.210062,-19.0163402],[-52.2099182,-19.0167195],[-52.2097294,-19.0171881],[-52.2097058,-19.017391],[-52.2096671,-19.0180544],[-52.2095448,-19.0190606],[-52.2094161,-19.0201256],[-52.2093345,-19.020436],[-52.2091607,-19.0207768],[-52.2091758,-19.0210425],[-52.2092015,-19.0216024],[-52.2091371,-19.0227121],[-52.2090942,-19.0230975],[-52.2090191,-19.0239089],[-52.2089869,-19.0245459],[-52.2089397,-19.0249252],[-52.2089505,-19.0254182],[-52.2089998,-19.0255967],[-52.2089354,-19.0262113],[-52.2089183,-19.0267672],[-52.208811,-19.0273514],[-52.2087981,-19.0278037],[-52.2087895,-19.0282277],[-52.2086608,-19.0289641],[-52.2086543,-19.0290959],[-52.2086951,-19.029532],[-52.2086629,-19.0300392],[-52.2086243,-19.0305098],[-52.2086415,-19.0308303],[-52.2085621,-19.0312928],[-52.2084827,-19.0320798],[-52.2084891,-19.03238],[-52.2083432,-19.0332178],[-52.2082381,-19.0336945],[-52.2082252,-19.0341002],[-52.2080771,-19.034802],[-52.2079849,-19.0351752],[-52.2079827,-19.0355241],[-52.2077789,-19.0360799],[-52.2075536,-19.0366134],[-52.2071823,-19.0374045],[-52.2065515,-19.0385607],[-52.2061073,-19.0391712],[-52.2056073,-19.0398325],[-52.2052061,-19.0403071],[-52.2050516,-19.0404085],[-52.2048048,-19.0406154],[-52.2042512,-19.0410799],[-52.2036161,-19.0416438],[-52.2030775,-19.0421428],[-52.2023179,-19.042735],[-52.2020947,-19.0428912],[-52.2015776,-19.0433517],[-52.2013373,-19.0435951],[-52.2004854,-19.0444551],[-52.2000992,-19.0448283],[-52.1997322,-19.0451366],[-52.1991829,-19.0456599],[-52.1987387,-19.046027],[-52.1980736,-19.0466152],[-52.1977453,-19.0469377],[-52.1968655,-19.0476841],[-52.1964535,-19.0479944],[-52.1960823,-19.0484549],[-52.1959215,-19.0486102],[-52.1954173,-19.0490437],[-52.1949023,-19.0495153],[-52.1945241,-19.0499209],[-52.1942049,-19.0502911],[-52.193926,-19.0506562],[-52.1936383,-19.0510612],[-52.1932821,-19.0516859],[-52.1928615,-19.0525641],[-52.192634,-19.0531705],[-52.1924388,-19.0534119],[-52.1923272,-19.053927],[-52.1922285,-19.0545761],[-52.1921963,-19.0549188],[-52.1922049,-19.0559187],[-52.1922199,-19.0566935],[-52.1923036,-19.0572168],[-52.1924516,-19.0579854],[-52.1926619,-19.0588981],[-52.1928229,-19.0593402],[-52.1929902,-19.0598412],[-52.1932112,-19.0605186],[-52.1935374,-19.0613663],[-52.1936769,-19.0617071],[-52.194046,-19.0625852],[-52.1945695,-19.063869],[-52.1950437,-19.065096],[-52.1955222,-19.0662662],[-52.1956231,-19.0664771],[-52.1959514,-19.067341],[-52.1959686,-19.0675499],[-52.1961037,-19.0678562],[-52.1962518,-19.0681097],[-52.1965458,-19.0688235],[-52.1969642,-19.0697868],[-52.1971337,-19.070233],[-52.19755,-19.0712795],[-52.1976315,-19.0715532],[-52.1980478,-19.0721839],[-52.1982559,-19.0725186],[-52.1987666,-19.0737232],[-52.1991851,-19.0748122],[-52.1995327,-19.0756436],[-52.1999425,-19.0766454],[-52.2004897,-19.0779453],[-52.201127,-19.0795636],[-52.2013888,-19.0801537],[-52.201584,-19.0806566],[-52.2016699,-19.0811453],[-52.2017493,-19.0815164],[-52.201805,-19.0816929],[-52.2019724,-19.081851],[-52.2020604,-19.082137],[-52.2021677,-19.0824939],[-52.2021784,-19.0827027],[-52.2021913,-19.0830941],[-52.2021773,-19.0831636],[-52.202114,-19.0832624],[-52.2020547,-19.083329]]]}},
{"type":"Feature","properties":{"osm_id":"1240850715","code":5121,"fclass":"unclassified","name":null,"ref":null,"oneway":"B","maxspeed":0,"layer":0,"bridge":"F","tunnel":"F"},"geometry":{"type":"MultiLineString","coordinates":[[[-52.3893427,-18.7846868],[-52.3892996,-18.7845556],[-52.3892349,-18.7844156],[-52.3891116,-18.7842901],[-52.3889545,-18.7841472],[-52.3887296,-18.7840422],[-52.3884615,-18.7839664],[-52.3881411,-18.783908],[-52.3879501,-18.7839255],[-52.3875958,-18.784188],[-52.3873369,-18.7843981],[-52.3869672,-18.7846985],[-52.3867023,-18.7848502],[-52.3866037,-18.7849319],[-52.3861107,-18.7856028],[-52.3856886,-18.7861628],[-52.3852357,-18.78686],[-52.3846318,-18.7877292],[-52.3839262,-18.7887822],[-52.3832176,-18.7897039],[-52.3825706,-18.7905235],[-52.3820129,-18.7912615],[-52.3813967,-18.792052],[-52.3812889,-18.7922036],[-52.3811471,-18.7924049],[-52.3810547,-18.7925157],[-52.3809653,-18.7926266],[-52.3808606,-18.7927607],[-52.380762,-18.792857],[-52.3807202,-18.7928813]]]}},
{"type":"Feature","properties":{"osm_id":"1248262781","code":5121,"fclass":"unclassified","name":null,"ref":null,"oneway":"B","maxspeed":0,"layer":0,"bridge":"F","tunnel":"F"},"geometry":{"type":"MultiLineString","coordinates":[[[-52.4381997,-19.2738503],[-52.4381675,-19.2737921],[-52.4381407,-19.273744],[-52.4381031,-19.2736959],[-52.4380495,-19.2736453],[-52.4380119,-19.2735921],[-52.4379771,-19.2735364],[-52.4379503,-19.2734528],[-52.4378993,-19.2733617],[-52.4378644,-19.273344],[-52.4377759,-19.273344],[-52.4376659,-19.2733414],[-52.4375721,-19.2733642],[-52.4375205,-19.2734311]]]}},
{"type":"Feature","properties":{"osm_id":"1253588530","code":5122,"fclass":"residential","name":"Rua Domingos de Souza França","ref":null,"oneway":"B","maxspeed":40,"layer":0,"bridge":"F","tunnel":"F"},"geometry":{"type":"MultiLineString","coordinates":[[[-51.7336848,-19.1134856],[-51.7336409,-19.114567],[-51.7335981,-19.115619],[-51.7335516,-19.1166611],[-51.7335069,-19.1177273],[-51.7334633,-19.1187646],[-51.733413,-19.1198125],[-51.7333957,-19.1205864],[-51.7333972,-19.1208742]]]}},
{"type":"Feature","properties":{"osm_id":"1253588531","code":5122,"fclass":"residential","name":"Rua Sebastião Leal","ref":null,"oneway":"B","maxspeed":40,"layer":0,"bridge":"F","tunnel":"F"},"geometry":{"type":"MultiLineString","coordinates":[[[-51.7352183,-19.1135559],[-51.7352137,-19.1136844],[-51.7351797,-19.1146351],[-51.7351102,-19.115671],[-51.7350608,-19.1167351],[-51.735012,-19.117789],[-51.7349636,-19.1188317],[-51.7349197,-19.1198776]]]}},
{"type":"Feature","properties":{"osm_id":"1253588532","code":5122,"fclass":"residential","name":"Rua Amim José","ref":null,"oneway":"F","maxspeed":0,"layer":0,"bridge":"F","tunnel":"F"},"geometry":{"type":"MultiLineString","coordinates":[[[-51.7352183,-19.1135559],[-51.733908,-19.1134959],[-51.7337474,-19.1134885],[-51.7336848,-19.1134856]]]}},
{"type":"Feature","properties":{"osm_id":"1253588533","code":5122,"fclass":"residential","name":"Rua Amim José","ref":null,"oneway":"B","maxspeed":0,"layer":0,"bridge":"F","tunnel":"F"},"geometry":{"type":"MultiLineString","coordinates":[[[-51.7336848,-19.1134856],[-51.7325732,-19.1134397],[-51.7316857,-19.113403],[-51.7307837,-19.1133658],[-51.7298434,-19.1133127]]]}},
{"type":"Feature","properties":{"osm_id":"1253588534","code":5122,"fclass":"residential","name":"Rua Joaquim Balduino de Souza","ref":null,"oneway":"F","maxspeed":0,"layer":0,"bridge":"F","tunnel":"F"},"geometry":{"type":"MultiLineString","coordinates":[[[-51.7337216,-19.1123895],[-51.7344848,-19.1124186],[-51.7352566,-19.1124481]]]}},
{"type":"Feature","properties":{"osm_id":"1253588535","code":5122,"fclass":"residential","name":"Rua Joaquim Balduino de Souza","ref":null,"oneway":"B","maxspeed":0,"layer":0,"bridge":"F","tunnel":"F"},"geometry":{"type":"MultiLineString","coordinates":[[[-51.7337216,-19.1123895],[-51.7335835,-19.1123867],[-51.7325938,-19.112354],[-51.7316904,-19.1123158],[-51.7307976,-19.112293],[-51.7298569,-19.1122385]]]}},
{"type":"Feature","properties":{"osm_id":"1253598069","code":5122,"fclass":"residential","name":"Rua Domingos de Souza França","ref":null,"oneway":"F","maxspeed":40,"layer":0,"bridge":"F","tunnel":"F"},"geometry":{"type":"MultiLineString","coordinates":[[[-51.7336848,-19.1134856],[-51.7336887,-19.1133707],[-51.7337062,-19.1128481],[-51.7337216,-19.1123895]]]}},
{"type":"Feature","properties":{"osm_id":"1253598070","code":5122,"fclass":"residential","name":"Rua Sebastião Leal","ref":null,"oneway":"F","maxspeed":40,"layer":0,"bridge":"F","tunnel":"F"},"geometry":{"type":"MultiLineString","coordinates":[[[-51.7352566,-19.1124481],[-51.7352183,-19.1135559]]]}},
{"type":"Feature","properties":{"osm_id":"1257340543","code":5122,"fclass":"residential","name":"Rua Joaquim José Dias","ref":null,"oneway":"F","maxspeed":0,"layer":0,"bridge":"F","tunnel":"F"},"geometry":{"type":"MultiLineString","coordinates":[[[-51.7304044,-19.1164647],[-51.7303397,-19.1166051],[-51.7303127,-19.1166963],[-51.7302937,-19.1168077],[-51.7302327,-19.1171094]]]}},
{"type":"Feature","properties":{"osm_id":"1280873143","code":5141,"fclass":"service","name":null,"ref":null,"oneway":"B","maxspeed":0,"layer":0,"bridge":"F","tunnel":"F"},"geometry":{"type":"MultiLineString","coordinates":[[[-51.797681,-19.1150518],[-51.7976781,-19.1151617],[-51.7976959,-19.115294],[-51.7977198,-19.1154263],[-51.7977854,-19.1155981],[-51.7977873,-19.1157146]]]}},
{"type":"Feature","properties":{"osm_id":"1282983254","code":5113,"fclass":"primary","name":null,"ref":"MS-306","oneway":"F","maxspeed":40,"layer":0,"bridge":"F","tunnel":"F"},"geometry":{"type":"MultiLineString","coordinates":[[[-52.0438542,-19.0323807],[-52.0445961,-19.0320366],[-52.0450299,-19.0318706],[-52.0456529,-19.0316444]]]}},
{"type":"Feature","properties":{"osm_id":"1282983255","code":5113,"fclass":"primary","name":null,"ref":"MS-306","oneway":"F","maxspeed":40,"layer":0,"bridge":"F","tunnel":"F"},"geometry":{"type":"MultiLineString","coordinates":[[[-52.0456529,-19.0316444],[-52.0439185,-19.0325116]]]}},
{"type":"Feature","properties":{"osm_id":"1282983256","code":5113,"fclass":"primary","name":null,"ref":"MS-306","oneway":"F","maxspeed":40,"layer":0,"bridge":"F","tunnel":"F"},"geometry":{"type":"MultiLineString","coordinates":[[[-52.0419207,-19.033474],[-52.042617,-19.0330391],[-52.0430115,-19.0328049],[-52.0436765,-19.0324622]]]}},
{"type":"Feature","properties":{"osm_id":"1282983257","code":5113,"fclass":"primary","name":null,"ref":"MS-306","oneway":"F","maxspeed":40,"layer":0,"bridge":"F","tunnel":"F"},"geometry":{"type":"MultiLineString","coordinates":[[[-52.0436765,-19.0324622],[-52.0437682,-19.0324201],[-52.0438542,-19.0323807]]]}},
{"type":"Feature","properties":{"osm_id":"1282983258","code":5113,"fclass":"primary","name":null,"ref":"MS-306","oneway":"F","maxspeed":40,"layer":0,"bridge":"F","tunnel":"F"},"geometry":{"type":"MultiLineString","coordinates":[[[-52.0437445,-19.0325952],[-52.0419207,-19.033474]]]}},
{"type":"Feature","properties":{"osm_id":"1283031230","code":5113,"fclass":"primary","name":null,"ref":"MS-112","oneway":"B","maxspeed":0,"layer":0,"bridge":"F","tunnel":"F"},"geometry":{"type":"MultiLineString","coordinates":[[[-51.7281175,-19.1781138],[-51.7287411,-19.1798673],[-51.7311183,-19.1867018],[-51.732333,-19.1901941],[-51.7327683,-19.1910284],[-51.7333098,-19.191947],[-51.7338413,-19.1926405],[-51.7341771,-19.1930141],[-51.7343766,-19.1933331],[-51.7344841,-19.1935944],[-51.7345257,-19.1938432],[-51.7345574,-19.1941454],[-51.7345363,-19.1946268],[-51.7344211,-19.1953758],[-51.7344181,-19.195568],[-51.7344152,-19.1957596],[-51.734451,-19.1960572],[-51.7345174,-19.1963498],[-51.7346524,-19.1966524],[-51.7348213,-19.1969163],[-51.735289,-19.1973992],[-51.7355085,-19.1975719],[-51.7412539,-19.2024097],[-51.7451831,-19.2057502],[-51.7457151,-19.2062025],[-51.7491504,-19.2092753]]]}},
{"type":"Feature","properties":{"osm_id":"1283031231","code":5113,"fclass":"primary","name":null,"ref":"MS-112","oneway":"F","maxspeed":0,"layer":0,"bridge":"F","tunnel":"F"},"geometry":{"type":"MultiLineString","coordinates":[[[-51.7278756,-19.1774336],[-51.7278956,-19.1774899],[-51.727914,-19.1775417]]]}},
{"type":"Feature","properties":{"osm_id":"1283031232","code":5113,"fclass":"primary","name":null,"ref":"MS-112","oneway":"F","maxspeed":0,"layer":0,"bridge":"F","tunnel":"F"},"geometry":{"type":"MultiLineString","coordinates":[[[-51.727828,-19.1775739],[-51.7278081,-19.1775109],[-51.7277901,-19.1774541]]]}},
{"type":"Feature","properties":{"osm_id":"1283031233","code":5113,"fclass":"primary","name":null,"ref":"MS-112","oneway":"F","maxspeed":0,"layer":0,"bridge":"F","tunnel":"F"},"geometry":{"type":"MultiLineString","coordinates":[[[-51.7277901,-19.1774541],[-51.7277288,-19.1771859],[-51.7276943,-19.1769093]]]}},
{"type":"Feature","properties":{"osm_id":"1283031234","code":5113,"fclass":"primary","name":null,"ref":"MS-112","oneway":"F","maxspeed":0,"layer":0,"bridge":"F","tunnel":"F"},"geometry":{"type":"MultiLineString","coordinates":[[[-51.7276943,-19.1769093],[-51.7278756,-19.1774336]]]}},
{"type":"Feature","properties":{"osm_id":"1283031235","code":5113,"fclass":"primary","name":null,"ref":"MS-112","oneway":"F","maxspeed":0,"layer":0,"bridge":"F","tunnel":"F"},"geometry":{"type":"MultiLineString","coordinates":[[[-51.7281175,-19.1781138],[-51.7279349,-19.177829],[-51.7278425,-19.1776093],[-51.727828,-19.1775739]]]}},
{"type":"Feature","properties":{"osm_id":"1283031236","code":5113,"fclass":"primary","name":null,"ref":"MS-112","oneway":"F","maxspeed":0,"layer":0,"bridge":"F","tunnel":"F"},"geometry":{"type":"MultiLineString","coordinates":[[[-51.727914,-19.1775417],[-51.7279281,-19.1775814],[-51.7281175,-19.1781138]]]}},
{"type":"Feature","properties":{"osm_id":"1305100565","code":5121,"fclass":"unclassified","name":null,"ref":null,"oneway":"B","maxspeed":0,"layer":0,"bridge":"F","tunnel":"F"},"geometry":{"type":"MultiLineString","coordinates":[[[-51.7041083,-19.190026],[-51.7040681,-19.1900197],[-51.7040111,-19.1899817],[-51.7039206,-19.1898993],[-51.7037764,-19.1896745],[-51.7034948,-19.1892977],[-51.7033774,-19.1891046],[-51.7032366,-19.1887499],[-51.7030723,-19.1882749],[-51.7029818,-19.1880311],[-51.7025493,-19.1869608],[-51.7024621,-19.1867582],[-51.7024252,-19.1866347],[-51.7024206,-19.1865545]]]}},
{"type":"Feature","properties":{"osm_id":"1305297756","code":5121,"fclass":"unclassified","name":null,"ref":null,"oneway":"B","maxspeed":0,"layer":0,"bridge":"F","tunnel":"F"},"geometry":{"type":"MultiLineString","coordinates":[[[-52.181218,-19.0194943],[-52.1813253,-19.0190093],[-52.1813622,-19.0185465],[-52.181389,-19.0183944],[-52.1816404,-19.0176114],[-52.1817276,-19.0170852],[-52.1816907,-19.0167841],[-52.1815365,-19.0162991],[-52.1812213,-19.0155637],[-52.180644,-19.0146014],[-52.1804361,-19.0142654],[-52.1803154,-19.0141576],[-52.1792828,-19.0137265],[-52.1790213,-19.0134729],[-52.1781898,-19.0129658],[-52.1778143,-19.0128009],[-52.1770163,-19.012503],[-52.1763927,-19.012205],[-52.1762794,-19.0121715],[-52.1760708,-19.0121099],[-52.1760641,-19.0120148],[-52.1761379,-19.0118119],[-52.1763659,-19.010937],[-52.1767449,-19.0092535],[-52.1766492,-19.0088614],[-52.1756604,-19.0052726],[-52.1755647,-19.0050917],[-52.1752777,-19.0048806],[-52.1712746,-19.001925],[-52.1683082,-18.9996933],[-52.1681168,-18.9995123],[-52.1679573,-18.9993012],[-52.1672715,-18.9974615],[-52.1670482,-18.9968432],[-52.1667931,-18.9966622],[-52.1640659,-18.9950487],[-52.1631409,-18.9944907],[-52.1628538,-18.9943399],[-52.1626305,-18.9942947],[-52.1615939,-18.9947018],[-52.158755,-18.9957273],[-52.15598,-18.9967527],[-52.1554218,-18.9970091],[-52.1552144,-18.9970845],[-52.1551028,-18.9969789],[-52.1546881,-18.9965265],[-52.149531,-18.9909745]]]}},
{"type":"Feature","properties":{"osm_id":"1305961748","code":5141,"fclass":"service","name":null,"ref":null,"oneway":"B","maxspeed":0,"layer":0,"bridge":"F","tunnel":"F"},"geometry":{"type":"MultiLineString","coordinates":[[[-52.1852771,-19.0155604],[-52.1851631,-19.0155635],[-52.1850022,-19.0155667],[-52.184858,-19.015554],[-52.1847273,-19.0154938],[-52.1846669,-19.0154494],[-52.1845596,-19.0153321],[-52.1842311,-19.0149201],[-52.1832923,-19.0135802],[-52.1822159,-19.0121054],[-52.1817465,-19.0114553],[-52.1813435,-19.0110743],[-52.1806607,-19.0105901],[-52.1802292,-19.0104646],[-52.1800396,-19.0104332],[-52.1799447,-19.0104467],[-52.1797361,-19.0106708],[-52.1784443,-19.0121205],[-52.1783167,-19.0121959],[-52.1773598,-19.0121356],[-52.1766102,-19.0121205],[-52.1762794,-19.0121715]]]}},
{"type":"Feature","properties":{"osm_id":"1306212733","code":5141,"fclass":"service","name":null,"ref":null,"oneway":"B","maxspeed":0,"layer":0,"bridge":"F","tunnel":"F"},"geometry":{"type":"MultiLineString","coordinates":[[[-52.0105976,-19.023509],[-52.0105406,-19.0235598],[-52.0105172,-19.0236517],[-52.0105071,-19.0237499],[-52.0105037,-19.0238006],[-52.0105272,-19.0238545],[-52.0105775,-19.0239338],[-52.0106714,-19.0240352],[-52.0109497,-19.0240859],[-52.0111844,-19.0241366],[-52.0119879,-19.0245011],[-52.0134711,-19.0250439],[-52.0149703,-19.0256998],[-52.0172988,-19.0267476],[-52.0220934,-19.0295392],[-52.0224103,-19.0296971]]]}},
{"type":"Feature","properties":{"osm_id":"1306225246","code":5142,"fclass":"track","name":null,"ref":null,"oneway":"B","maxspeed":0,"layer":0,"bridge":"F","tunnel":"F"},"geometry":{"type":"MultiLineString","coordinates":[[[-52.0389302,-19.1905368],[-52.0388933,-19.1906254],[-52.0388229,-19.1907204],[-52.0387557,-19.1907955]]]}},
{"type":"Feature","properties":{"osm_id":"1309531733","code":5122,"fclass":"residential","name":"Rua Ricardo Dutra de Oliveira","ref":null,"oneway":"F","maxspeed":0,"layer":0,"bridge":"F","tunnel":"F"},"geometry":{"type":"MultiLineString","coordinates":[[[-51.723993,-19.1162044],[-51.7236896,-19.1164465]]]}},
{"type":"Feature","properties":{"osm_id":"1309531734","code":5122,"fclass":"residential","name":"Avenida Doutor Adaias M. Moreira","ref":null,"oneway":"F","maxspeed":0,"layer":0,"bridge":"F","tunnel":"F"},"geometry":{"type":"MultiLineString","coordinates":[[[-51.7236896,-19.1164465],[-51.7236147,-19.1160517],[-51.7236207,-19.115745]]]}},
{"type":"Feature","properties":{"osm_id":"1309531735","code":5122,"fclass":"residential","name":"Rua Onofre José Gregório","ref":null,"oneway":"F","maxspeed":0,"layer":0,"bridge":"F","tunnel":"F"},"geometry":{"type":"MultiLineString","coordinates":[[[-51.7236207,-19.115745],[-51.7237981,-19.1159873],[-51.723993,-19.1162044]]]}},
{"type":"Feature","properties":{"osm_id":"1309531736","code":5122,"fclass":"residential","name":"Rua Onofre José Gregório","ref":null,"oneway":"B","maxspeed":0,"layer":0,"bridge":"F","tunnel":"F"},"geometry":{"type":"MultiLineString","coordinates":[[[-51.7230897,-19.1144855],[-51.7232763,-19.1149478],[-51.7235194,-19.1155497],[-51.7236207,-19.115745]]]}},
{"type":"Feature","properties":{"osm_id":"1317511793","code":5122,"fclass":"residential","name":"Rua Januário Barbosa","ref":null,"oneway":"F","maxspeed":0,"layer":0,"bridge":"F","tunnel":"F"},"geometry":{"type":"MultiLineString","coordinates":[[[-51.7298757,-19.1143777],[-51.7298589,-19.1143536],[-51.7298529,-19.1143362],[-51.7298508,-19.1143169],[-51.7298434,-19.1133127]]]}},
{"type":"Feature","properties":{"osm_id":"1317511794","code":5122,"fclass":"residential","name":"Rua Doutor Manoel Tomas da Silva","ref":null,"oneway":"F","maxspeed":0,"layer":0,"bridge":"F","tunnel":"F"},"geometry":{"type":"MultiLineString","coordinates":[[[-51.7316184,-19.1144777],[-51.7307752,-19.1144287],[-51.7298757,-19.1143777]]]}},
{"type":"Feature","properties":{"osm_id":"1361586765","code":5141,"fclass":"service","name":null,"ref":null,"oneway":"B","maxspeed":0,"layer":0,"bridge":"F","tunnel":"F"},"geometry":{"type":"MultiLineString","coordinates":[[[-51.7353521,-19.1096701],[-51.7356746,-19.1096764],[-51.7357631,-19.1096828],[-51.7358208,-19.1096878],[-51.7358516,-19.1097081],[-51.7358691,-19.1097335],[-51.7358664,-19.1098703]]]}},
{"type":"Feature","properties":{"osm_id":"1387427489","code":5141,"fclass":"service","name":null,"ref":null,"oneway":"B","maxspeed":0,"layer":0,"bridge":"F","tunnel":"F"},"geometry":{"type":"MultiLineString","coordinates":[[[-51.7338789,-19.1096029],[-51.7338078,-19.1095611],[-51.7337528,-19.1094914],[-51.7337407,-19.1094015],[-51.7337421,-19.1092469],[-51.7337582,-19.1091341],[-51.733785,-19.1090492],[-51.7338239,-19.1090112],[-51.7338681,-19.1089972],[-51.7339123,-19.1089973]]]}},
{"type":"Feature","properties":{"osm_id":"1420422768","code":5121,"fclass":"unclassified","name":null,"ref":null,"oneway":"B","maxspeed":0,"layer":0,"bridge":"F","tunnel":"F"},"geometry":{"type":"MultiLineString","coordinates":[[[-51.8876353,-19.1535664],[-51.8882486,-19.1538122],[-51.8890614,-19.154058],[-51.8896088,-19.1541937],[-51.8901732,-19.1543325],[-51.8906615,-19.1545017],[-51.8914218,-19.1545895],[-51.8915317,-19.1545688],[-51.8916888,-19.1544842],[-51.8918797,-19.1542256],[-51.8920555,-19.1539048],[-51.8922244,-19.1535999],[-51.892434,-19.1532296],[-51.8925286,-19.1528114],[-51.8926688,-19.1520708],[-51.8927432,-19.1515776],[-51.8928564,-19.1510828],[-51.8929814,-19.1503581],[-51.8932771,-19.148904],[-51.8935046,-19.1478153],[-51.893561,-19.1473908],[-51.8935911,-19.1473674]]]}},
{"type":"Feature","properties":{"osm_id":"1420422769","code":5141,"fclass":"service","name":null,"ref":null,"oneway":"B","maxspeed":0,"layer":0,"bridge":"F","tunnel":"F"},"geometry":{"type":"MultiLineString","coordinates":[[[-51.8876353,-19.1535664],[-51.8875895,-19.1534445],[-51.8869763,-19.1529104],[-51.8866924,-19.1524235],[-51.886199,-19.1519096],[-51.8859557,-19.1516558],[-51.8853592,-19.1510492],[-51.884952,-19.150631],[-51.8845566,-19.150315],[-51.8843978,-19.1501107],[-51.8842694,-19.1501155],[-51.8840869,-19.1502256],[-51.8835952,-19.15039],[-51.8833553,-19.1504682],[-51.8831998,-19.1504299],[-51.8831525,-19.1502065],[-51.8831339,-19.1499942],[-51.883112,-19.1498266],[-51.8830869,-19.1495229],[-51.8830869,-19.1493942],[-51.8830799,-19.149145],[-51.8830224,-19.1489088],[-51.8828687,-19.1486007],[-51.8827436,-19.1484842],[-51.8825172,-19.1484347],[-51.8820593,-19.148489]]]}},
{"type":"Feature","properties":{"osm_id":"1420422770","code":5141,"fclass":"service","name":null,"ref":null,"oneway":"B","maxspeed":0,"layer":0,"bridge":"F","tunnel":"F"},"geometry":{"type":"MultiLineString","coordinates":[[[-51.8808698,-19.1591528],[-51.8811807,-19.1589405],[-51.8816318,-19.1587474],[-51.8830985,-19.1580707],[-51.883874,-19.1577546],[-51.8840937,-19.1576397],[-51.8841984,-19.1575024],[-51.8843015,-19.1572838],[-51.8843978,-19.1570124],[-51.8845229,-19.1567251],[-51.8850348,-19.1558169],[-51.8854049,-19.1552679],[-51.8856009,-19.1550253],[-51.8857698,-19.1548241],[-51.8858391,-19.1546581],[-51.8858831,-19.1544794],[-51.8859067,-19.1541873],[-51.8860148,-19.1540261],[-51.8862936,-19.1537276],[-51.886613,-19.1535185],[-51.8868749,-19.1534371],[-51.8871317,-19.1534243],[-51.8874764,-19.1535648],[-51.8876353,-19.1535664]]]}},
{"type":"Feature","properties":{"osm_id":"1420425251","code":5141,"fclass":"service","name":null,"ref":null,"oneway":"B","maxspeed":0,"layer":0,"bridge":"F","tunnel":"F"},"geometry":{"type":"MultiLineString","coordinates":[[[-52.0829815,-19.0447109],[-52.0831837,-19.0446143],[-52.0834884,-19.0444495],[-52.083703,-19.044309],[-52.083845,-19.044178],[-52.0838433,-19.0440694],[-52.0836878,-19.0439017],[-52.0828649,-19.0430871],[-52.0827821,-19.04302],[-52.0824814,-19.0429801],[-52.0823665,-19.0428875],[-52.0822634,-19.0428284],[-52.0821333,-19.0427964],[-52.0818596,-19.0427437],[-52.0816568,-19.0426207],[-52.0814017,-19.0423652],[-52.0810435,-19.0420441],[-52.0806717,-19.0418621],[-52.0803557,-19.0417199],[-52.0800246,-19.041573],[-52.0796359,-19.0415027],[-52.0794332,-19.0414899],[-52.0793352,-19.041458],[-52.0793149,-19.0413925],[-52.0792659,-19.0396802],[-52.0792608,-19.0382683],[-52.0792439,-19.0367189],[-52.0792473,-19.0362158],[-52.0792287,-19.0361167],[-52.0791865,-19.0360832],[-52.0790158,-19.0361694],[-52.0782436,-19.0365624],[-52.0768767,-19.037361],[-52.0759997,-19.0378641],[-52.075726,-19.0379504],[-52.075606,-19.0379089],[-52.0746176,-19.0375303],[-52.0725055,-19.0365192],[-52.0716319,-19.0361854],[-52.0710659,-19.0358995],[-52.0705877,-19.0356136],[-52.0700419,-19.0352973],[-52.069655,-19.035128],[-52.069415,-19.0349747],[-52.0692511,-19.0347558],[-52.0691683,-19.0346552],[-52.0687223,-19.0340722],[-52.068364,-19.0335483],[-52.0678622,-19.032986],[-52.0674787,-19.0327688],[-52.0669819,-19.0326809],[-52.0666811,-19.032617],[-52.0664817,-19.0325532],[-52.066137,-19.0323918],[-52.0655778,-19.03228],[-52.0653665,-19.0321986],[-52.0652736,-19.0319989],[-52.0649137,-19.030622],[-52.0645876,-19.0292962],[-52.0641821,-19.0277963],[-52.0638475,-19.0263443],[-52.0634842,-19.0249721],[-52.0631666,-19.0236846],[-52.0630331,-19.0232166],[-52.062955,-19.0230995]]]}},
{"type":"Feature","properties":{"osm_id":"1455625219","code":5122,"fclass":"residential","name":"Rua Domingos de Souza França","ref":null,"oneway":"F","maxspeed":40,"layer":0,"bridge":"F","tunnel":"F"},"geometry":{"type":"MultiLineString","coordinates":[[[-51.7337216,-19.1123895],[-51.7337812,-19.1115226]]]}},
{"type":"Feature","properties":{"osm_id":"1497849544","code":5141,"fclass":"service","name":null,"ref":null,"oneway":"B","maxspeed":0,"layer":0,"bridge":"F","tunnel":"F"},"geometry":{"type":"MultiLineString","coordinates":[[[-51.6864586,-19.1422878],[-51.686216,-19.1427053],[-51.6861597,-19.1428978],[-51.6858405,-19.1431158],[-51.6853926,-19.1432475],[-51.6852611,-19.1431715],[-51.6851946,-19.1431104],[-51.6849519,-19.1428876]]]}},
{"type":"Feature","properties":{"osm_id":"1516805329","code":5141,"fclass":"service","name":null,"ref":null,"oneway":"B","maxspeed":0,"layer":0,"bridge":"F","tunnel":"F"},"geometry":{"type":"MultiLineString","coordinates":[[[-52.4752446,-18.8611329],[-52.4742577,-18.8616281],[-52.4742443,-18.8616503],[-52.474249,-18.8616839],[-52.474418,-18.8619073],[-52.4745038,-18.8619276]]]}}
]
}
